0 verbose cli /usr/local/bin/node /usr/local/bin/npm
1 info using npm@10.9.4
2 info using node@v22.21.1
3 silly config load:file:/usr/local/lib/node_modules/npm/npmrc
4 silly config load:file:/Users/spencer/SAAS/ResellSEO/.npmrc
5 silly config load:file:/Users/spencer/.npmrc
6 silly config load:file:/usr/local/etc/npmrc
7 verbose title npm install
8 verbose argv "install" "--cache" "./.npm-cache"
9 verbose logfile logs-max:10 dir:/Users/spencer/SAAS/ResellSEO/.npm-cache/_logs/2025-12-26T22_39_13_307Z-
10 verbose logfile /Users/spencer/SAAS/ResellSEO/.npm-cache/_logs/2025-12-26T22_39_13_307Z-debug-0.log
11 silly logfile done cleaning log files
12 silly packumentCache heap:4345298944 maxSize:1086324736 maxEntrySize:543162368
13 silly idealTree buildDeps
14 silly fetch manifest @google/generative-ai@^0.24.1
15 silly packumentCache full:https://registry.npmjs.org/@google%2fgenerative-ai cache-miss
16 http fetch GET 200 https://registry.npmjs.org/@google%2fgenerative-ai 132ms (cache miss)
17 silly packumentCache full:https://registry.npmjs.org/@google%2fgenerative-ai set size:undefined disposed:false
18 silly fetch manifest @supabase/ssr@^0.8.0
19 silly packumentCache full:https://registry.npmjs.org/@supabase%2fssr cache-miss
20 http fetch GET 200 https://registry.npmjs.org/npm 185ms
21 http fetch GET 200 https://registry.npmjs.org/@supabase%2fssr 59ms (cache miss)
22 silly packumentCache full:https://registry.npmjs.org/@supabase%2fssr set size:undefined disposed:false
23 silly fetch manifest @supabase/supabase-js@^2.86.2
24 silly packumentCache full:https://registry.npmjs.org/@supabase%2fsupabase-js cache-miss
25 http fetch GET 200 https://registry.npmjs.org/@supabase%2fsupabase-js 66ms (cache miss)
26 silly packumentCache full:https://registry.npmjs.org/@supabase%2fsupabase-js set size:undefined disposed:false
27 silly fetch manifest clsx@^2.1.1
28 silly packumentCache full:https://registry.npmjs.org/clsx cache-miss
29 http fetch GET 200 https://registry.npmjs.org/clsx 49ms (cache miss)
30 silly packumentCache full:https://registry.npmjs.org/clsx set size:undefined disposed:false
31 silly fetch manifest lucide-react@^0.556.0
32 silly packumentCache full:https://registry.npmjs.org/lucide-react cache-miss
33 http fetch GET 200 https://registry.npmjs.org/lucide-react 47ms (cache miss)
34 silly packumentCache full:https://registry.npmjs.org/lucide-react set size:undefined disposed:false
35 silly fetch manifest react@19.2.0
36 silly packumentCache full:https://registry.npmjs.org/react cache-miss
37 http fetch GET 200 https://registry.npmjs.org/react 147ms (cache miss)
38 silly packumentCache full:https://registry.npmjs.org/react set size:undefined disposed:false
39 silly fetch manifest next@16.0.7
40 silly packumentCache full:https://registry.npmjs.org/next cache-miss
41 http fetch GET 200 https://registry.npmjs.org/next 332ms (cache miss)
42 silly packumentCache full:https://registry.npmjs.org/next set size:undefined disposed:false
43 silly fetch manifest @opentelemetry/api@^1.1.0
44 silly packumentCache full:https://registry.npmjs.org/@opentelemetry%2fapi cache-miss
45 http fetch GET 200 https://registry.npmjs.org/@opentelemetry%2fapi 62ms (cache miss)
46 silly packumentCache full:https://registry.npmjs.org/@opentelemetry%2fapi set size:undefined disposed:false
47 silly fetch manifest @playwright/test@^1.51.1
48 silly packumentCache full:https://registry.npmjs.org/@playwright%2ftest cache-miss
49 http fetch GET 200 https://registry.npmjs.org/@playwright%2ftest 281ms (cache miss)
50 silly packumentCache full:https://registry.npmjs.org/@playwright%2ftest set size:undefined disposed:false
51 silly fetch manifest babel-plugin-react-compiler@*
52 silly packumentCache full:https://registry.npmjs.org/babel-plugin-react-compiler cache-miss
53 http fetch GET 200 https://registry.npmjs.org/babel-plugin-react-compiler 47ms (cache miss)
54 silly packumentCache full:https://registry.npmjs.org/babel-plugin-react-compiler set size:undefined disposed:false
55 silly fetch manifest react-dom@19.2.0
56 silly packumentCache full:https://registry.npmjs.org/react-dom cache-miss
57 http fetch GET 200 https://registry.npmjs.org/react-dom 155ms (cache miss)
58 silly packumentCache full:https://registry.npmjs.org/react-dom set size:undefined disposed:false
59 silly fetch manifest sass@^1.3.0
60 silly packumentCache full:https://registry.npmjs.org/sass cache-miss
61 http fetch GET 200 https://registry.npmjs.org/sass 73ms (cache miss)
62 silly packumentCache full:https://registry.npmjs.org/sass set size:undefined disposed:false
63 silly fetch manifest papaparse@^5.5.3
64 silly packumentCache full:https://registry.npmjs.org/papaparse cache-miss
65 http fetch GET 200 https://registry.npmjs.org/papaparse 37ms (cache miss)
66 silly packumentCache full:https://registry.npmjs.org/papaparse set size:undefined disposed:false
67 silly fetch manifest @types/node@^20
68 silly packumentCache full:https://registry.npmjs.org/@types%2fnode cache-miss
69 http fetch GET 200 https://registry.npmjs.org/@types%2fnode 191ms (cache miss)
70 silly packumentCache full:https://registry.npmjs.org/@types%2fnode set size:undefined disposed:false
71 silly fetch manifest @types/papaparse@^5.5.1
72 silly packumentCache full:https://registry.npmjs.org/@types%2fpapaparse cache-miss
73 http fetch GET 200 https://registry.npmjs.org/@types%2fpapaparse 48ms (cache miss)
74 silly packumentCache full:https://registry.npmjs.org/@types%2fpapaparse set size:undefined disposed:false
75 silly fetch manifest @types/react@^19
76 silly packumentCache full:https://registry.npmjs.org/@types%2freact cache-miss
77 http fetch GET 200 https://registry.npmjs.org/@types%2freact 73ms (cache miss)
78 silly packumentCache full:https://registry.npmjs.org/@types%2freact set size:undefined disposed:false
79 silly fetch manifest @types/react-dom@^19
80 silly packumentCache full:https://registry.npmjs.org/@types%2freact-dom cache-miss
81 http fetch GET 200 https://registry.npmjs.org/@types%2freact-dom 73ms (cache miss)
82 silly packumentCache full:https://registry.npmjs.org/@types%2freact-dom set size:undefined disposed:false
83 silly fetch manifest eslint@^9
84 silly packumentCache full:https://registry.npmjs.org/eslint cache-miss
85 http fetch GET 200 https://registry.npmjs.org/eslint 64ms (cache miss)
86 silly packumentCache full:https://registry.npmjs.org/eslint set size:undefined disposed:false
87 silly fetch manifest jiti@*
88 silly packumentCache full:https://registry.npmjs.org/jiti cache-miss
89 http fetch GET 200 https://registry.npmjs.org/jiti 45ms (cache miss)
90 silly packumentCache full:https://registry.npmjs.org/jiti set size:undefined disposed:false
91 silly fetch manifest eslint-config-next@16.0.7
92 silly packumentCache full:https://registry.npmjs.org/eslint-config-next cache-miss
93 http fetch GET 200 https://registry.npmjs.org/eslint-config-next 135ms (cache miss)
94 silly packumentCache full:https://registry.npmjs.org/eslint-config-next set size:undefined disposed:false
95 silly fetch manifest typescript@^5
96 silly packumentCache full:https://registry.npmjs.org/typescript cache-miss
97 http fetch GET 200 https://registry.npmjs.org/typescript 248ms (cache miss)
98 silly packumentCache full:https://registry.npmjs.org/typescript set size:undefined disposed:false
99 silly placeDep ROOT @google/generative-ai@0.24.1 OK for: resell-seo@0.1.0 want: ^0.24.1
100 silly placeDep ROOT @supabase/ssr@0.8.0 OK for: resell-seo@0.1.0 want: ^0.8.0
101 silly placeDep ROOT @supabase/supabase-js@2.89.0 OK for: @supabase/ssr@0.8.0 want: ^2.76.1
102 silly placeDep ROOT @types/node@20.19.27 OK for: resell-seo@0.1.0 want: ^20
103 silly placeDep ROOT @types/papaparse@5.5.2 OK for: resell-seo@0.1.0 want: ^5.5.1
104 silly placeDep ROOT @types/react@19.2.7 OK for: resell-seo@0.1.0 want: ^19
105 silly placeDep ROOT @types/react-dom@19.2.3 OK for: resell-seo@0.1.0 want: ^19
106 silly placeDep ROOT clsx@2.1.1 OK for: resell-seo@0.1.0 want: ^2.1.1
107 silly placeDep ROOT eslint@9.39.2 OK for: resell-seo@0.1.0 want: ^9
108 silly placeDep ROOT eslint-config-next@16.0.7 OK for: resell-seo@0.1.0 want: 16.0.7
109 silly placeDep ROOT lucide-react@0.556.0 OK for: resell-seo@0.1.0 want: ^0.556.0
110 silly placeDep ROOT react@19.2.0 OK for: lucide-react@0.556.0 want: ^16.5.1 || ^17.0.0 || ^18.0.0 || ^19.0.0
111 silly placeDep ROOT next@16.0.7 OK for: resell-seo@0.1.0 want: 16.0.7
112 silly placeDep ROOT react-dom@19.2.0 OK for: next@16.0.7 want: ^18.2.0 || 19.0.0-rc-de68d2f4-20241204 || ^19.0.0
113 silly placeDep ROOT papaparse@5.5.3 OK for: resell-seo@0.1.0 want: ^5.5.3
114 silly placeDep ROOT typescript@5.9.3 OK for: resell-seo@0.1.0 want: ^5
115 silly fetch manifest cookie@^1.0.2
116 silly packumentCache full:https://registry.npmjs.org/cookie cache-miss
117 silly fetch manifest @supabase/auth-js@2.89.0
118 silly packumentCache full:https://registry.npmjs.org/@supabase%2fauth-js cache-miss
119 silly fetch manifest @supabase/storage-js@2.89.0
120 silly packumentCache full:https://registry.npmjs.org/@supabase%2fstorage-js cache-miss
121 silly fetch manifest @supabase/realtime-js@2.89.0
122 silly packumentCache full:https://registry.npmjs.org/@supabase%2frealtime-js cache-miss
123 silly fetch manifest @supabase/functions-js@2.89.0
124 silly packumentCache full:https://registry.npmjs.org/@supabase%2ffunctions-js cache-miss
125 silly fetch manifest @supabase/postgrest-js@2.89.0
126 silly packumentCache full:https://registry.npmjs.org/@supabase%2fpostgrest-js cache-miss
127 silly fetch manifest undici-types@~6.21.0
128 silly packumentCache full:https://registry.npmjs.org/undici-types cache-miss
129 silly fetch manifest csstype@^3.2.2
130 silly packumentCache full:https://registry.npmjs.org/csstype cache-miss
131 silly fetch manifest @eslint-community/eslint-utils@^4.8.0
132 silly packumentCache full:https://registry.npmjs.org/@eslint-community%2feslint-utils cache-miss
133 http fetch GET 200 https://registry.npmjs.org/cookie 45ms (cache miss)
134 silly packumentCache full:https://registry.npmjs.org/cookie set size:undefined disposed:false
135 silly fetch manifest @eslint-community/regexpp@^4.12.1
136 silly packumentCache full:https://registry.npmjs.org/@eslint-community%2fregexpp cache-miss
137 http fetch GET 200 https://registry.npmjs.org/@supabase%2fauth-js 71ms (cache miss)
138 silly packumentCache full:https://registry.npmjs.org/@supabase%2fauth-js set size:undefined disposed:false
139 silly fetch manifest @eslint/config-array@^0.21.1
140 silly packumentCache full:https://registry.npmjs.org/@eslint%2fconfig-array cache-miss
141 http fetch GET 200 https://registry.npmjs.org/@eslint-community%2fregexpp 66ms (cache miss)
142 silly packumentCache full:https://registry.npmjs.org/@eslint-community%2fregexpp set size:undefined disposed:false
143 silly fetch manifest @eslint/config-helpers@^0.4.2
144 silly packumentCache full:https://registry.npmjs.org/@eslint%2fconfig-helpers cache-miss
145 http fetch GET 200 https://registry.npmjs.org/csstype 126ms (cache miss)
146 silly packumentCache full:https://registry.npmjs.org/csstype set size:undefined disposed:false
147 silly fetch manifest @eslint/core@^0.17.0
148 silly packumentCache full:https://registry.npmjs.org/@eslint%2fcore cache-miss
149 http fetch GET 200 https://registry.npmjs.org/undici-types 129ms (cache miss)
150 silly packumentCache full:https://registry.npmjs.org/undici-types set size:undefined disposed:false
151 silly fetch manifest @eslint/eslintrc@^3.3.1
152 silly packumentCache full:https://registry.npmjs.org/@eslint%2feslintrc cache-miss
153 http fetch GET 200 https://registry.npmjs.org/@eslint%2fconfig-array 63ms (cache miss)
154 silly packumentCache full:https://registry.npmjs.org/@eslint%2fconfig-array set size:undefined disposed:false
155 silly fetch manifest @eslint/js@9.39.2
156 silly packumentCache full:https://registry.npmjs.org/@eslint%2fjs cache-miss
157 http fetch GET 200 https://registry.npmjs.org/@supabase%2ffunctions-js 149ms (cache miss)
158 silly packumentCache full:https://registry.npmjs.org/@supabase%2ffunctions-js set size:undefined disposed:false
159 silly fetch manifest @eslint/plugin-kit@^0.4.1
160 silly packumentCache full:https://registry.npmjs.org/@eslint%2fplugin-kit cache-miss
161 http fetch GET 200 https://registry.npmjs.org/@eslint%2fconfig-helpers 43ms (cache miss)
162 silly packumentCache full:https://registry.npmjs.org/@eslint%2fconfig-helpers set size:undefined disposed:false
163 silly fetch manifest @humanfs/node@^0.16.6
164 silly packumentCache full:https://registry.npmjs.org/@humanfs%2fnode cache-miss
165 http fetch GET 200 https://registry.npmjs.org/@eslint-community%2feslint-utils 157ms (cache miss)
166 silly packumentCache full:https://registry.npmjs.org/@eslint-community%2feslint-utils set size:undefined disposed:false
167 silly fetch manifest @humanwhocodes/module-importer@^1.0.1
168 silly packumentCache full:https://registry.npmjs.org/@humanwhocodes%2fmodule-importer cache-miss
169 http fetch GET 200 https://registry.npmjs.org/@eslint%2fjs 56ms (cache miss)
170 silly packumentCache full:https://registry.npmjs.org/@eslint%2fjs set size:undefined disposed:false
171 silly fetch manifest @humanwhocodes/retry@^0.4.2
172 silly packumentCache full:https://registry.npmjs.org/@humanwhocodes%2fretry cache-miss
173 http fetch GET 200 https://registry.npmjs.org/@eslint%2feslintrc 68ms (cache miss)
174 silly packumentCache full:https://registry.npmjs.org/@eslint%2feslintrc set size:undefined disposed:false
175 silly fetch manifest @types/estree@^1.0.6
176 silly packumentCache full:https://registry.npmjs.org/@types%2festree cache-miss
177 http fetch GET 200 https://registry.npmjs.org/@eslint%2fcore 72ms (cache miss)
178 silly packumentCache full:https://registry.npmjs.org/@eslint%2fcore set size:undefined disposed:false
179 silly fetch manifest ajv@^6.12.4
180 silly packumentCache full:https://registry.npmjs.org/ajv cache-miss
181 http fetch GET 200 https://registry.npmjs.org/@humanfs%2fnode 44ms (cache miss)
182 silly packumentCache full:https://registry.npmjs.org/@humanfs%2fnode set size:undefined disposed:false
183 silly fetch manifest chalk@^4.0.0
184 silly packumentCache full:https://registry.npmjs.org/chalk cache-miss
185 http fetch GET 200 https://registry.npmjs.org/@humanwhocodes%2fmodule-importer 51ms (cache miss)
186 silly packumentCache full:https://registry.npmjs.org/@humanwhocodes%2fmodule-importer set size:undefined disposed:false
187 silly fetch manifest cross-spawn@^7.0.6
188 silly packumentCache full:https://registry.npmjs.org/cross-spawn cache-miss
189 http fetch GET 200 https://registry.npmjs.org/@supabase%2frealtime-js 212ms (cache miss)
190 silly packumentCache full:https://registry.npmjs.org/@supabase%2frealtime-js set size:undefined disposed:false
191 silly fetch manifest debug@^4.3.2
192 silly packumentCache full:https://registry.npmjs.org/debug cache-miss
193 http fetch GET 200 https://registry.npmjs.org/@eslint%2fplugin-kit 65ms (cache miss)
194 silly packumentCache full:https://registry.npmjs.org/@eslint%2fplugin-kit set size:undefined disposed:false
195 silly fetch manifest escape-string-regexp@^4.0.0
196 silly packumentCache full:https://registry.npmjs.org/escape-string-regexp cache-miss
197 http fetch GET 200 https://registry.npmjs.org/@supabase%2fstorage-js 232ms (cache miss)
198 silly packumentCache full:https://registry.npmjs.org/@supabase%2fstorage-js set size:undefined disposed:false
199 silly fetch manifest eslint-scope@^8.4.0
200 silly packumentCache full:https://registry.npmjs.org/eslint-scope cache-miss
201 http fetch GET 200 https://registry.npmjs.org/debug 41ms (cache miss)
202 silly packumentCache full:https://registry.npmjs.org/debug set size:undefined disposed:false
203 silly fetch manifest eslint-visitor-keys@^4.2.1
204 silly packumentCache full:https://registry.npmjs.org/eslint-visitor-keys cache-miss
205 http fetch GET 200 https://registry.npmjs.org/escape-string-regexp 41ms (cache miss)
206 silly packumentCache full:https://registry.npmjs.org/escape-string-regexp set size:undefined disposed:false
207 silly fetch manifest espree@^10.4.0
208 silly packumentCache full:https://registry.npmjs.org/espree cache-miss
209 http fetch GET 200 https://registry.npmjs.org/cross-spawn 50ms (cache miss)
210 silly packumentCache full:https://registry.npmjs.org/cross-spawn set size:undefined disposed:false
211 silly fetch manifest esquery@^1.5.0
212 silly packumentCache full:https://registry.npmjs.org/esquery cache-miss
213 http fetch GET 200 https://registry.npmjs.org/@supabase%2fpostgrest-js 260ms (cache miss)
214 silly packumentCache full:https://registry.npmjs.org/@supabase%2fpostgrest-js set size:undefined disposed:false
215 silly fetch manifest esutils@^2.0.2
216 silly packumentCache full:https://registry.npmjs.org/esutils cache-miss
217 http fetch GET 200 https://registry.npmjs.org/@types%2festree 70ms (cache miss)
218 silly packumentCache full:https://registry.npmjs.org/@types%2festree set size:undefined disposed:false
219 silly fetch manifest fast-deep-equal@^3.1.3
220 silly packumentCache full:https://registry.npmjs.org/fast-deep-equal cache-miss
221 http fetch GET 200 https://registry.npmjs.org/chalk 67ms (cache miss)
222 silly packumentCache full:https://registry.npmjs.org/chalk set size:undefined disposed:false
223 silly fetch manifest file-entry-cache@^8.0.0
224 silly packumentCache full:https://registry.npmjs.org/file-entry-cache cache-miss
225 http fetch GET 200 https://registry.npmjs.org/ajv 71ms (cache miss)
226 silly packumentCache full:https://registry.npmjs.org/ajv set size:undefined disposed:false
227 silly fetch manifest find-up@^5.0.0
228 silly packumentCache full:https://registry.npmjs.org/find-up cache-miss
229 http fetch GET 200 https://registry.npmjs.org/eslint-scope 40ms (cache miss)
230 silly packumentCache full:https://registry.npmjs.org/eslint-scope set size:undefined disposed:false
231 silly fetch manifest glob-parent@^6.0.2
232 silly packumentCache full:https://registry.npmjs.org/glob-parent cache-miss
233 http fetch GET 200 https://registry.npmjs.org/@humanwhocodes%2fretry 82ms (cache miss)
234 silly packumentCache full:https://registry.npmjs.org/@humanwhocodes%2fretry set size:undefined disposed:false
235 silly fetch manifest ignore@^5.2.0
236 silly packumentCache full:https://registry.npmjs.org/ignore cache-miss
237 http fetch GET 200 https://registry.npmjs.org/eslint-visitor-keys 47ms (cache miss)
238 silly packumentCache full:https://registry.npmjs.org/eslint-visitor-keys set size:undefined disposed:false
239 silly fetch manifest imurmurhash@^0.1.4
240 silly packumentCache full:https://registry.npmjs.org/imurmurhash cache-miss
241 http fetch GET 200 https://registry.npmjs.org/glob-parent 36ms (cache miss)
242 silly packumentCache full:https://registry.npmjs.org/glob-parent set size:undefined disposed:false
243 silly fetch manifest is-glob@^4.0.0
244 silly packumentCache full:https://registry.npmjs.org/is-glob cache-miss
245 http fetch GET 200 https://registry.npmjs.org/esquery 57ms (cache miss)
246 silly packumentCache full:https://registry.npmjs.org/esquery set size:undefined disposed:false
247 silly fetch manifest json-stable-stringify-without-jsonify@^1.0.1
248 silly packumentCache full:https://registry.npmjs.org/json-stable-stringify-without-jsonify cache-miss
249 http fetch GET 200 https://registry.npmjs.org/esutils 57ms (cache miss)
250 silly packumentCache full:https://registry.npmjs.org/esutils set size:undefined disposed:false
251 silly fetch manifest lodash.merge@^4.6.2
252 silly packumentCache full:https://registry.npmjs.org/lodash.merge cache-miss
253 http fetch GET 200 https://registry.npmjs.org/fast-deep-equal 51ms (cache miss)
254 silly packumentCache full:https://registry.npmjs.org/fast-deep-equal set size:undefined disposed:false
255 silly fetch manifest minimatch@^3.1.2
256 silly packumentCache full:https://registry.npmjs.org/minimatch cache-miss
257 http fetch GET 200 https://registry.npmjs.org/find-up 48ms (cache miss)
258 silly packumentCache full:https://registry.npmjs.org/find-up set size:undefined disposed:false
259 silly fetch manifest natural-compare@^1.4.0
260 silly packumentCache full:https://registry.npmjs.org/natural-compare cache-miss
261 http fetch GET 200 https://registry.npmjs.org/espree 64ms (cache miss)
262 silly packumentCache full:https://registry.npmjs.org/espree set size:undefined disposed:false
263 silly fetch manifest optionator@^0.9.3
264 silly packumentCache full:https://registry.npmjs.org/optionator cache-miss
265 http fetch GET 200 https://registry.npmjs.org/ignore 49ms (cache miss)
266 silly packumentCache full:https://registry.npmjs.org/ignore set size:undefined disposed:false
267 silly fetch manifest globals@16.4.0
268 silly packumentCache full:https://registry.npmjs.org/globals cache-miss
269 http fetch GET 200 https://registry.npmjs.org/is-glob 29ms (cache miss)
270 silly packumentCache full:https://registry.npmjs.org/is-glob set size:undefined disposed:false
271 silly fetch manifest typescript-eslint@^8.46.0
272 silly packumentCache full:https://registry.npmjs.org/typescript-eslint cache-miss
273 http fetch GET 200 https://registry.npmjs.org/json-stable-stringify-without-jsonify 31ms (cache miss)
274 silly packumentCache full:https://registry.npmjs.org/json-stable-stringify-without-jsonify set size:undefined disposed:false
275 silly fetch manifest eslint-plugin-react@^7.37.0
276 silly packumentCache full:https://registry.npmjs.org/eslint-plugin-react cache-miss
277 http fetch GET 200 https://registry.npmjs.org/imurmurhash 55ms (cache miss)
278 silly packumentCache full:https://registry.npmjs.org/imurmurhash set size:undefined disposed:false
279 silly fetch manifest eslint-plugin-import@^2.32.0
280 silly packumentCache full:https://registry.npmjs.org/eslint-plugin-import cache-miss
281 http fetch GET 200 https://registry.npmjs.org/optionator 43ms (cache miss)
282 silly packumentCache full:https://registry.npmjs.org/optionator set size:undefined disposed:false
283 silly fetch manifest eslint-plugin-jsx-a11y@^6.10.0
284 silly packumentCache full:https://registry.npmjs.org/eslint-plugin-jsx-a11y cache-miss
285 http fetch GET 200 https://registry.npmjs.org/lodash.merge 51ms (cache miss)
286 silly packumentCache full:https://registry.npmjs.org/lodash.merge set size:undefined disposed:false
287 silly fetch manifest @next/eslint-plugin-next@16.0.7
288 silly packumentCache full:https://registry.npmjs.org/@next%2feslint-plugin-next cache-miss
289 http fetch GET 200 https://registry.npmjs.org/natural-compare 50ms (cache miss)
290 silly packumentCache full:https://registry.npmjs.org/natural-compare set size:undefined disposed:false
291 silly fetch manifest eslint-plugin-react-hooks@^7.0.0
292 silly packumentCache full:https://registry.npmjs.org/eslint-plugin-react-hooks cache-miss
293 http fetch GET 200 https://registry.npmjs.org/minimatch 61ms (cache miss)
294 silly packumentCache full:https://registry.npmjs.org/minimatch set size:undefined disposed:false
295 silly fetch manifest eslint-import-resolver-node@^0.3.6
296 silly packumentCache full:https://registry.npmjs.org/eslint-import-resolver-node cache-miss
297 http fetch GET 200 https://registry.npmjs.org/globals 59ms (cache miss)
298 silly packumentCache full:https://registry.npmjs.org/globals set size:undefined disposed:false
299 silly fetch manifest eslint-import-resolver-typescript@^3.5.2
300 silly packumentCache full:https://registry.npmjs.org/eslint-import-resolver-typescript cache-miss
301 http fetch GET 200 https://registry.npmjs.org/eslint-plugin-react 50ms (cache miss)
302 silly packumentCache full:https://registry.npmjs.org/eslint-plugin-react set size:undefined disposed:false
303 silly fetch manifest postcss@8.4.31
304 silly packumentCache full:https://registry.npmjs.org/postcss cache-miss
305 http fetch GET 200 https://registry.npmjs.org/file-entry-cache 132ms (cache miss)
306 silly packumentCache full:https://registry.npmjs.org/file-entry-cache set size:undefined disposed:false
307 silly fetch manifest @next/env@16.0.7
308 silly packumentCache full:https://registry.npmjs.org/@next%2fenv cache-miss
309 http fetch GET 200 https://registry.npmjs.org/eslint-plugin-import 56ms (cache miss)
310 silly packumentCache full:https://registry.npmjs.org/eslint-plugin-import set size:undefined disposed:false
311 silly fetch manifest styled-jsx@5.1.6
312 silly packumentCache full:https://registry.npmjs.org/styled-jsx cache-miss
313 http fetch GET 200 https://registry.npmjs.org/eslint-plugin-jsx-a11y 54ms (cache miss)
314 silly packumentCache full:https://registry.npmjs.org/eslint-plugin-jsx-a11y set size:undefined disposed:false
315 silly fetch manifest @swc/helpers@0.5.15
316 silly packumentCache full:https://registry.npmjs.org/@swc%2fhelpers cache-miss
317 http fetch GET 200 https://registry.npmjs.org/eslint-import-resolver-node 53ms (cache miss)
318 silly packumentCache full:https://registry.npmjs.org/eslint-import-resolver-node set size:undefined disposed:false
319 silly fetch manifest caniuse-lite@^1.0.30001579
320 silly packumentCache full:https://registry.npmjs.org/caniuse-lite cache-miss
321 http fetch GET 200 https://registry.npmjs.org/postcss 43ms (cache miss)
322 silly packumentCache full:https://registry.npmjs.org/postcss set size:undefined disposed:false
323 silly fetch manifest sharp@^0.34.4
324 silly packumentCache full:https://registry.npmjs.org/sharp cache-miss
325 http fetch GET 200 https://registry.npmjs.org/eslint-import-resolver-typescript 62ms (cache miss)
326 silly packumentCache full:https://registry.npmjs.org/eslint-import-resolver-typescript set size:undefined disposed:false
327 silly fetch manifest @next/swc-darwin-x64@16.0.7
328 silly packumentCache full:https://registry.npmjs.org/@next%2fswc-darwin-x64 cache-miss
329 http fetch GET 200 https://registry.npmjs.org/styled-jsx 55ms (cache miss)
330 silly packumentCache full:https://registry.npmjs.org/styled-jsx set size:undefined disposed:false
331 silly fetch manifest @next/swc-darwin-arm64@16.0.7
332 silly packumentCache full:https://registry.npmjs.org/@next%2fswc-darwin-arm64 cache-miss
333 http fetch GET 200 https://registry.npmjs.org/@swc%2fhelpers 69ms (cache miss)
334 silly packumentCache full:https://registry.npmjs.org/@swc%2fhelpers set size:undefined disposed:false
335 silly fetch manifest @next/swc-linux-x64-gnu@16.0.7
336 silly packumentCache full:https://registry.npmjs.org/@next%2fswc-linux-x64-gnu cache-miss
337 http fetch GET 200 https://registry.npmjs.org/caniuse-lite 79ms (cache miss)
338 silly packumentCache full:https://registry.npmjs.org/caniuse-lite set size:undefined disposed:false
339 silly fetch manifest @next/swc-linux-x64-musl@16.0.7
340 silly packumentCache full:https://registry.npmjs.org/@next%2fswc-linux-x64-musl cache-miss
341 http fetch GET 200 https://registry.npmjs.org/typescript-eslint 183ms (cache miss)
342 silly packumentCache full:https://registry.npmjs.org/typescript-eslint set size:undefined disposed:false
343 silly fetch manifest @next/swc-win32-x64-msvc@16.0.7
344 silly packumentCache full:https://registry.npmjs.org/@next%2fswc-win32-x64-msvc cache-miss
345 http fetch GET 200 https://registry.npmjs.org/sharp 96ms (cache miss)
346 silly packumentCache full:https://registry.npmjs.org/sharp set size:undefined disposed:false
347 silly fetch manifest @next/swc-linux-arm64-gnu@16.0.7
348 silly packumentCache full:https://registry.npmjs.org/@next%2fswc-linux-arm64-gnu cache-miss
349 http fetch GET 200 https://registry.npmjs.org/@next%2feslint-plugin-next 175ms (cache miss)
350 silly packumentCache full:https://registry.npmjs.org/@next%2feslint-plugin-next set size:undefined disposed:false
351 silly fetch manifest @next/swc-linux-arm64-musl@16.0.7
352 silly packumentCache full:https://registry.npmjs.org/@next%2fswc-linux-arm64-musl cache-miss
353 http fetch GET 200 https://registry.npmjs.org/@next%2fenv 170ms (cache miss)
354 silly packumentCache full:https://registry.npmjs.org/@next%2fenv set size:undefined disposed:false
355 silly fetch manifest @next/swc-win32-arm64-msvc@16.0.7
356 silly packumentCache full:https://registry.npmjs.org/@next%2fswc-win32-arm64-msvc cache-miss
357 http fetch GET 200 https://registry.npmjs.org/@next%2fswc-darwin-x64 144ms (cache miss)
358 silly packumentCache full:https://registry.npmjs.org/@next%2fswc-darwin-x64 set size:undefined disposed:false
359 silly fetch manifest scheduler@^0.27.0
360 silly packumentCache full:https://registry.npmjs.org/scheduler cache-miss
361 http fetch GET 200 https://registry.npmjs.org/eslint-plugin-react-hooks 269ms (cache miss)
362 silly packumentCache full:https://registry.npmjs.org/eslint-plugin-react-hooks set size:undefined disposed:false
363 http fetch GET 200 https://registry.npmjs.org/@next%2fswc-darwin-arm64 187ms (cache miss)
364 silly packumentCache full:https://registry.npmjs.org/@next%2fswc-darwin-arm64 set size:undefined disposed:false
365 http fetch GET 200 https://registry.npmjs.org/@next%2fswc-linux-x64-musl 160ms (cache miss)
366 silly packumentCache full:https://registry.npmjs.org/@next%2fswc-linux-x64-musl set size:undefined disposed:false
367 http fetch GET 200 https://registry.npmjs.org/@next%2fswc-win32-x64-msvc 168ms (cache miss)
368 silly packumentCache full:https://registry.npmjs.org/@next%2fswc-win32-x64-msvc set size:undefined disposed:false
369 http fetch GET 200 https://registry.npmjs.org/@next%2fswc-linux-arm64-gnu 166ms (cache miss)
370 silly packumentCache full:https://registry.npmjs.org/@next%2fswc-linux-arm64-gnu set size:undefined disposed:false
371 http fetch GET 200 https://registry.npmjs.org/@next%2fswc-win32-arm64-msvc 149ms (cache miss)
372 silly packumentCache full:https://registry.npmjs.org/@next%2fswc-win32-arm64-msvc set size:undefined disposed:false
373 http fetch GET 200 https://registry.npmjs.org/scheduler 142ms (cache miss)
374 silly packumentCache full:https://registry.npmjs.org/scheduler set size:undefined disposed:false
375 http fetch GET 200 https://registry.npmjs.org/@next%2fswc-linux-x64-gnu 266ms (cache miss)
376 silly packumentCache full:https://registry.npmjs.org/@next%2fswc-linux-x64-gnu set size:undefined disposed:false
377 http fetch GET 200 https://registry.npmjs.org/@next%2fswc-linux-arm64-musl 274ms (cache miss)
378 silly packumentCache full:https://registry.npmjs.org/@next%2fswc-linux-arm64-musl set size:undefined disposed:false
379 silly placeDep ROOT cookie@1.1.1 OK for: @supabase/ssr@0.8.0 want: ^1.0.2
380 silly placeDep ROOT @supabase/auth-js@2.89.0 OK for: @supabase/supabase-js@2.89.0 want: 2.89.0
381 silly placeDep ROOT @supabase/functions-js@2.89.0 OK for: @supabase/supabase-js@2.89.0 want: 2.89.0
382 silly placeDep ROOT @supabase/postgrest-js@2.89.0 OK for: @supabase/supabase-js@2.89.0 want: 2.89.0
383 silly placeDep ROOT @supabase/realtime-js@2.89.0 OK for: @supabase/supabase-js@2.89.0 want: 2.89.0
384 silly placeDep ROOT @supabase/storage-js@2.89.0 OK for: @supabase/supabase-js@2.89.0 want: 2.89.0
385 silly fetch manifest tslib@2.8.1
386 silly packumentCache full:https://registry.npmjs.org/tslib cache-miss
387 silly fetch manifest tslib@2.8.1
388 silly packumentCache full:https://registry.npmjs.org/tslib cache-miss
389 silly fetch manifest tslib@2.8.1
390 silly packumentCache full:https://registry.npmjs.org/tslib cache-miss
391 silly fetch manifest ws@^8.18.2
392 silly packumentCache full:https://registry.npmjs.org/ws cache-miss
393 silly fetch manifest tslib@2.8.1
394 silly packumentCache full:https://registry.npmjs.org/tslib cache-miss
395 silly fetch manifest @types/ws@^8.18.1
396 silly packumentCache full:https://registry.npmjs.org/@types%2fws cache-miss
397 silly fetch manifest @types/phoenix@^1.6.6
398 silly packumentCache full:https://registry.npmjs.org/@types%2fphoenix cache-miss
399 silly fetch manifest tslib@2.8.1
400 silly packumentCache full:https://registry.npmjs.org/tslib cache-miss
401 silly fetch manifest iceberg-js@^0.8.1
402 silly packumentCache full:https://registry.npmjs.org/iceberg-js cache-miss
403 http fetch GET 200 https://registry.npmjs.org/tslib 45ms (cache miss)
404 silly packumentCache full:https://registry.npmjs.org/tslib set size:undefined disposed:false
405 http fetch GET 200 https://registry.npmjs.org/tslib 46ms (cache miss)
406 silly packumentCache full:https://registry.npmjs.org/tslib set size:undefined disposed:false
407 http fetch GET 200 https://registry.npmjs.org/tslib 46ms (cache miss)
408 silly packumentCache full:https://registry.npmjs.org/tslib set size:undefined disposed:false
409 http fetch GET 200 https://registry.npmjs.org/tslib 49ms (cache miss)
410 silly packumentCache full:https://registry.npmjs.org/tslib set size:undefined disposed:false
411 http fetch GET 200 https://registry.npmjs.org/ws 55ms (cache miss)
412 silly packumentCache full:https://registry.npmjs.org/ws set size:undefined disposed:false
413 http fetch GET 200 https://registry.npmjs.org/@types%2fphoenix 59ms (cache miss)
414 silly packumentCache full:https://registry.npmjs.org/@types%2fphoenix set size:undefined disposed:false
415 http fetch GET 200 https://registry.npmjs.org/tslib 60ms (cache miss)
416 silly packumentCache full:https://registry.npmjs.org/tslib set size:undefined disposed:false
417 http fetch GET 200 https://registry.npmjs.org/iceberg-js 59ms (cache miss)
418 silly packumentCache full:https://registry.npmjs.org/iceberg-js set size:undefined disposed:false
419 http fetch GET 200 https://registry.npmjs.org/@types%2fws 61ms (cache miss)
420 silly packumentCache full:https://registry.npmjs.org/@types%2fws set size:undefined disposed:false
421 silly placeDep ROOT tslib@2.8.1 OK for: @supabase/auth-js@2.89.0 want: 2.8.1
422 silly fetch manifest bufferutil@^4.0.1
423 silly packumentCache full:https://registry.npmjs.org/bufferutil cache-miss
424 http fetch GET 200 https://registry.npmjs.org/bufferutil 39ms (cache miss)
425 silly packumentCache full:https://registry.npmjs.org/bufferutil set size:undefined disposed:false
426 silly fetch manifest utf-8-validate@>=5.0.2
427 silly packumentCache full:https://registry.npmjs.org/utf-8-validate cache-miss
428 http fetch GET 200 https://registry.npmjs.org/utf-8-validate 50ms (cache miss)
429 silly packumentCache full:https://registry.npmjs.org/utf-8-validate set size:undefined disposed:false
430 silly placeDep ROOT @types/phoenix@1.6.7 OK for: @supabase/realtime-js@2.89.0 want: ^1.6.6
431 silly placeDep ROOT @types/ws@8.18.1 OK for: @supabase/realtime-js@2.89.0 want: ^8.18.1
432 silly placeDep ROOT ws@8.18.3 OK for: @supabase/realtime-js@2.89.0 want: ^8.18.2
433 silly placeDep ROOT iceberg-js@0.8.1 OK for: @supabase/storage-js@2.89.0 want: ^0.8.1
434 silly placeDep ROOT undici-types@6.21.0 OK for: @types/node@20.19.27 want: ~6.21.0
435 silly placeDep ROOT csstype@3.2.3 OK for: @types/react@19.2.7 want: ^3.2.2
436 silly fetch manifest eslint@^6.0.0 || ^7.0.0 || >=8.0.0
437 silly packumentCache full:https://registry.npmjs.org/eslint cache-miss
438 http cache https://registry.npmjs.org/eslint 5ms (cache hit)
439 silly packumentCache full:https://registry.npmjs.org/eslint set size:1900943 disposed:false
440 silly placeDep ROOT @eslint-community/eslint-utils@4.9.0 OK for: eslint@9.39.2 want: ^4.8.0
441 silly placeDep ROOT @eslint-community/regexpp@4.12.2 OK for: eslint@9.39.2 want: ^4.12.1
442 silly placeDep ROOT @eslint/config-array@0.21.1 OK for: eslint@9.39.2 want: ^0.21.1
443 silly placeDep ROOT @eslint/config-helpers@0.4.2 OK for: eslint@9.39.2 want: ^0.4.2
444 silly placeDep ROOT @eslint/core@0.17.0 OK for: eslint@9.39.2 want: ^0.17.0
445 silly placeDep ROOT @eslint/eslintrc@3.3.3 OK for: eslint@9.39.2 want: ^3.3.1
446 silly placeDep ROOT @eslint/js@9.39.2 OK for: eslint@9.39.2 want: 9.39.2
447 silly placeDep ROOT @eslint/plugin-kit@0.4.1 OK for: eslint@9.39.2 want: ^0.4.1
448 silly placeDep ROOT @humanfs/node@0.16.7 OK for: eslint@9.39.2 want: ^0.16.6
449 silly placeDep ROOT @humanwhocodes/module-importer@1.0.1 OK for: eslint@9.39.2 want: ^1.0.1
450 silly placeDep ROOT @humanwhocodes/retry@0.4.3 OK for: eslint@9.39.2 want: ^0.4.2
451 silly placeDep ROOT @types/estree@1.0.8 OK for: eslint@9.39.2 want: ^1.0.6
452 silly placeDep ROOT ajv@6.12.6 OK for: eslint@9.39.2 want: ^6.12.4
453 silly placeDep ROOT chalk@4.1.2 OK for: eslint@9.39.2 want: ^4.0.0
454 silly placeDep ROOT cross-spawn@7.0.6 OK for: eslint@9.39.2 want: ^7.0.6
455 silly placeDep ROOT debug@4.4.3 OK for: eslint@9.39.2 want: ^4.3.2
456 silly placeDep ROOT escape-string-regexp@4.0.0 OK for: eslint@9.39.2 want: ^4.0.0
457 silly placeDep ROOT eslint-scope@8.4.0 OK for: eslint@9.39.2 want: ^8.4.0
458 silly placeDep ROOT eslint-visitor-keys@4.2.1 OK for: eslint@9.39.2 want: ^4.2.1
459 silly placeDep ROOT espree@10.4.0 OK for: eslint@9.39.2 want: ^10.4.0
460 silly placeDep ROOT esquery@1.6.0 OK for: eslint@9.39.2 want: ^1.5.0
461 silly placeDep ROOT esutils@2.0.3 OK for: eslint@9.39.2 want: ^2.0.2
462 silly placeDep ROOT fast-deep-equal@3.1.3 OK for: eslint@9.39.2 want: ^3.1.3
463 silly placeDep ROOT file-entry-cache@8.0.0 OK for: eslint@9.39.2 want: ^8.0.0
464 silly placeDep ROOT find-up@5.0.0 OK for: eslint@9.39.2 want: ^5.0.0
465 silly placeDep ROOT glob-parent@6.0.2 OK for: eslint@9.39.2 want: ^6.0.2
466 silly placeDep ROOT ignore@5.3.2 OK for: eslint@9.39.2 want: ^5.2.0
467 silly placeDep ROOT imurmurhash@0.1.4 OK for: eslint@9.39.2 want: ^0.1.4
468 silly placeDep ROOT is-glob@4.0.3 OK for: eslint@9.39.2 want: ^4.0.0
469 silly placeDep ROOT json-stable-stringify-without-jsonify@1.0.1 OK for: eslint@9.39.2 want: ^1.0.1
470 silly placeDep ROOT lodash.merge@4.6.2 OK for: eslint@9.39.2 want: ^4.6.2
471 silly placeDep ROOT minimatch@3.1.2 OK for: eslint@9.39.2 want: ^3.1.2
472 silly placeDep ROOT natural-compare@1.4.0 OK for: eslint@9.39.2 want: ^1.4.0
473 silly placeDep ROOT optionator@0.9.4 OK for: eslint@9.39.2 want: ^0.9.3
474 silly fetch manifest eslint-visitor-keys@^3.4.3
475 silly packumentCache full:https://registry.npmjs.org/eslint-visitor-keys cache-miss
476 silly fetch manifest debug@^4.3.1
477 silly packumentCache full:https://registry.npmjs.org/debug cache-miss
478 silly fetch manifest @eslint/object-schema@^2.1.7
479 silly packumentCache full:https://registry.npmjs.org/@eslint%2fobject-schema cache-miss
480 silly fetch manifest @types/json-schema@^7.0.15
481 silly packumentCache full:https://registry.npmjs.org/@types%2fjson-schema cache-miss
482 silly fetch manifest espree@^10.0.1
483 silly packumentCache full:https://registry.npmjs.org/espree cache-miss
484 silly fetch manifest globals@^14.0.0
485 silly packumentCache full:https://registry.npmjs.org/globals cache-miss
486 silly fetch manifest import-fresh@^3.2.1
487 silly packumentCache full:https://registry.npmjs.org/import-fresh cache-miss
488 silly fetch manifest js-yaml@^4.1.1
489 silly packumentCache full:https://registry.npmjs.org/js-yaml cache-miss
490 silly fetch manifest strip-json-comments@^3.1.1
491 silly packumentCache full:https://registry.npmjs.org/strip-json-comments cache-miss
492 http cache https://registry.npmjs.org/eslint-visitor-keys 4ms (cache hit)
493 silly packumentCache full:https://registry.npmjs.org/eslint-visitor-keys set size:67352 disposed:false
494 silly fetch manifest levn@^0.4.1
495 silly packumentCache full:https://registry.npmjs.org/levn cache-miss
496 http cache https://registry.npmjs.org/globals 3ms (cache hit)
497 silly packumentCache full:https://registry.npmjs.org/globals set size:290151 disposed:false
498 silly fetch manifest @humanwhocodes/retry@^0.4.0
499 silly packumentCache full:https://registry.npmjs.org/@humanwhocodes%2fretry cache-miss
500 http cache https://registry.npmjs.org/espree 5ms (cache hit)
501 silly packumentCache full:https://registry.npmjs.org/espree set size:317497 disposed:false
502 silly fetch manifest @humanfs/core@^0.19.1
503 silly packumentCache full:https://registry.npmjs.org/@humanfs%2fcore cache-miss
504 http cache https://registry.npmjs.org/debug 6ms (cache hit)
505 silly packumentCache full:https://registry.npmjs.org/debug set size:195840 disposed:false
506 silly fetch manifest uri-js@^4.2.2
507 silly packumentCache full:https://registry.npmjs.org/uri-js cache-miss
508 http cache https://registry.npmjs.org/@humanwhocodes%2fretry 4ms (cache hit)
509 silly packumentCache full:https://registry.npmjs.org/@humanwhocodes%2fretry set size:42348 disposed:false
510 silly fetch manifest fast-deep-equal@^3.1.1
511 silly packumentCache full:https://registry.npmjs.org/fast-deep-equal cache-miss
512 http cache https://registry.npmjs.org/fast-deep-equal 1ms (cache hit)
513 silly packumentCache full:https://registry.npmjs.org/fast-deep-equal set size:48634 disposed:false
514 silly fetch manifest json-schema-traverse@^0.4.1
515 silly packumentCache full:https://registry.npmjs.org/json-schema-traverse cache-miss
516 http fetch GET 200 https://registry.npmjs.org/strip-json-comments 49ms (cache miss)
517 silly packumentCache full:https://registry.npmjs.org/strip-json-comments set size:undefined disposed:false
518 silly fetch manifest fast-json-stable-stringify@^2.0.0
519 silly packumentCache full:https://registry.npmjs.org/fast-json-stable-stringify cache-miss
520 http fetch GET 200 https://registry.npmjs.org/js-yaml 51ms (cache miss)
521 silly packumentCache full:https://registry.npmjs.org/js-yaml set size:undefined disposed:false
522 silly fetch manifest ansi-styles@^4.1.0
523 silly packumentCache full:https://registry.npmjs.org/ansi-styles cache-miss
524 http fetch GET 200 https://registry.npmjs.org/import-fresh 53ms (cache miss)
525 silly packumentCache full:https://registry.npmjs.org/import-fresh set size:undefined disposed:false
526 silly fetch manifest supports-color@^7.1.0
527 silly packumentCache full:https://registry.npmjs.org/supports-color cache-miss
528 http fetch GET 200 https://registry.npmjs.org/@eslint%2fobject-schema 54ms (cache miss)
529 silly packumentCache full:https://registry.npmjs.org/@eslint%2fobject-schema set size:undefined disposed:false
530 silly fetch manifest which@^2.0.1
531 silly packumentCache full:https://registry.npmjs.org/which cache-miss
532 http fetch GET 200 https://registry.npmjs.org/levn 54ms (cache miss)
533 silly packumentCache full:https://registry.npmjs.org/levn set size:undefined disposed:false
534 silly fetch manifest path-key@^3.1.0
535 silly packumentCache full:https://registry.npmjs.org/path-key cache-miss
536 http fetch GET 200 https://registry.npmjs.org/uri-js 53ms (cache miss)
537 silly packumentCache full:https://registry.npmjs.org/uri-js set size:undefined disposed:false
538 silly fetch manifest shebang-command@^2.0.0
539 silly packumentCache full:https://registry.npmjs.org/shebang-command cache-miss
540 http fetch GET 200 https://registry.npmjs.org/json-schema-traverse 62ms (cache miss)
541 silly packumentCache full:https://registry.npmjs.org/json-schema-traverse set size:undefined disposed:false
542 silly fetch manifest ms@^2.1.3
543 silly packumentCache full:https://registry.npmjs.org/ms cache-miss
544 http fetch GET 200 https://registry.npmjs.org/@types%2fjson-schema 78ms (cache miss)
545 silly packumentCache full:https://registry.npmjs.org/@types%2fjson-schema set size:undefined disposed:false
546 silly fetch manifest esrecurse@^4.3.0
547 silly packumentCache full:https://registry.npmjs.org/esrecurse cache-miss
548 http fetch GET 200 https://registry.npmjs.org/@humanfs%2fcore 75ms (cache miss)
549 silly packumentCache full:https://registry.npmjs.org/@humanfs%2fcore set size:undefined disposed:false
550 silly fetch manifest estraverse@^5.2.0
551 silly packumentCache full:https://registry.npmjs.org/estraverse cache-miss
552 http fetch GET 200 https://registry.npmjs.org/fast-json-stable-stringify 32ms (cache miss)
553 silly packumentCache full:https://registry.npmjs.org/fast-json-stable-stringify set size:undefined disposed:false
554 silly fetch manifest acorn@^8.15.0
555 silly packumentCache full:https://registry.npmjs.org/acorn cache-miss
556 http fetch GET 200 https://registry.npmjs.org/shebang-command 38ms (cache miss)
557 silly packumentCache full:https://registry.npmjs.org/shebang-command set size:undefined disposed:false
558 silly fetch manifest acorn-jsx@^5.3.2
559 silly packumentCache full:https://registry.npmjs.org/acorn-jsx cache-miss
560 http fetch GET 200 https://registry.npmjs.org/ansi-styles 47ms (cache miss)
561 silly packumentCache full:https://registry.npmjs.org/ansi-styles set size:undefined disposed:false
562 silly fetch manifest estraverse@^5.1.0
563 silly packumentCache full:https://registry.npmjs.org/estraverse cache-miss
564 http fetch GET 200 https://registry.npmjs.org/which 46ms (cache miss)
565 silly packumentCache full:https://registry.npmjs.org/which set size:undefined disposed:false
566 silly fetch manifest flat-cache@^4.0.0
567 silly packumentCache full:https://registry.npmjs.org/flat-cache cache-miss
568 http fetch GET 200 https://registry.npmjs.org/supports-color 54ms (cache miss)
569 silly packumentCache full:https://registry.npmjs.org/supports-color set size:undefined disposed:false
570 silly fetch manifest locate-path@^6.0.0
571 silly packumentCache full:https://registry.npmjs.org/locate-path cache-miss
572 http fetch GET 200 https://registry.npmjs.org/path-key 56ms (cache miss)
573 silly packumentCache full:https://registry.npmjs.org/path-key set size:undefined disposed:false
574 silly fetch manifest path-exists@^4.0.0
575 silly packumentCache full:https://registry.npmjs.org/path-exists cache-miss
576 http fetch GET 200 https://registry.npmjs.org/estraverse 38ms (cache miss)
577 silly packumentCache full:https://registry.npmjs.org/estraverse set size:undefined disposed:false
578 silly fetch manifest is-glob@^4.0.3
579 silly packumentCache full:https://registry.npmjs.org/is-glob cache-miss
580 http cache https://registry.npmjs.org/is-glob 1ms (cache hit)
581 silly packumentCache full:https://registry.npmjs.org/is-glob set size:40530 disposed:false
582 silly fetch manifest is-extglob@^2.1.1
583 silly packumentCache full:https://registry.npmjs.org/is-extglob cache-miss
584 http fetch GET 200 https://registry.npmjs.org/ms 64ms (cache miss)
585 silly packumentCache full:https://registry.npmjs.org/ms set size:undefined disposed:false
586 silly fetch manifest brace-expansion@^1.1.7
587 silly packumentCache full:https://registry.npmjs.org/brace-expansion cache-miss
588 http fetch GET 200 https://registry.npmjs.org/acorn 54ms (cache miss)
589 silly packumentCache full:https://registry.npmjs.org/acorn set size:undefined disposed:false
590 silly fetch manifest prelude-ls@^1.2.1
591 silly packumentCache full:https://registry.npmjs.org/prelude-ls cache-miss
592 http fetch GET 200 https://registry.npmjs.org/estraverse 40ms (cache miss)
593 silly packumentCache full:https://registry.npmjs.org/estraverse set size:undefined disposed:false
594 silly fetch manifest deep-is@^0.1.3
595 silly packumentCache full:https://registry.npmjs.org/deep-is cache-miss
596 http fetch GET 200 https://registry.npmjs.org/acorn-jsx 50ms (cache miss)
597 silly packumentCache full:https://registry.npmjs.org/acorn-jsx set size:undefined disposed:false
598 silly fetch manifest word-wrap@^1.2.5
599 silly packumentCache full:https://registry.npmjs.org/word-wrap cache-miss
600 http fetch GET 200 https://registry.npmjs.org/flat-cache 48ms (cache miss)
601 silly packumentCache full:https://registry.npmjs.org/flat-cache set size:undefined disposed:false
602 silly fetch manifest type-check@^0.4.0
603 silly packumentCache full:https://registry.npmjs.org/type-check cache-miss
604 http fetch GET 200 https://registry.npmjs.org/esrecurse 80ms (cache miss)
605 silly packumentCache full:https://registry.npmjs.org/esrecurse set size:undefined disposed:false
606 silly fetch manifest fast-levenshtein@^2.0.6
607 silly packumentCache full:https://registry.npmjs.org/fast-levenshtein cache-miss
608 http fetch GET 200 https://registry.npmjs.org/path-exists 48ms (cache miss)
609 silly packumentCache full:https://registry.npmjs.org/path-exists set size:undefined disposed:false
610 http fetch GET 200 https://registry.npmjs.org/locate-path 60ms (cache miss)
611 silly packumentCache full:https://registry.npmjs.org/locate-path set size:undefined disposed:false
612 http fetch GET 200 https://registry.npmjs.org/is-extglob 58ms (cache miss)
613 silly packumentCache full:https://registry.npmjs.org/is-extglob set size:undefined disposed:false
614 http fetch GET 200 https://registry.npmjs.org/deep-is 45ms (cache miss)
615 silly packumentCache full:https://registry.npmjs.org/deep-is set size:undefined disposed:false
616 http fetch GET 200 https://registry.npmjs.org/brace-expansion 52ms (cache miss)
617 silly packumentCache full:https://registry.npmjs.org/brace-expansion set size:undefined disposed:false
618 http fetch GET 200 https://registry.npmjs.org/type-check 41ms (cache miss)
619 silly packumentCache full:https://registry.npmjs.org/type-check set size:undefined disposed:false
620 http fetch GET 200 https://registry.npmjs.org/prelude-ls 54ms (cache miss)
621 silly packumentCache full:https://registry.npmjs.org/prelude-ls set size:undefined disposed:false
622 http fetch GET 200 https://registry.npmjs.org/word-wrap 53ms (cache miss)
623 silly packumentCache full:https://registry.npmjs.org/word-wrap set size:undefined disposed:false
624 http fetch GET 200 https://registry.npmjs.org/fast-levenshtein 77ms (cache miss)
625 silly packumentCache full:https://registry.npmjs.org/fast-levenshtein set size:undefined disposed:false
626 silly placeDep node_modules/@eslint-community/eslint-utils eslint-visitor-keys@3.4.3 OK for: @eslint-community/eslint-utils@4.9.0 want: ^3.4.3
627 silly placeDep ROOT @eslint/object-schema@2.1.7 OK for: @eslint/config-array@0.21.1 want: ^2.1.7
628 silly placeDep ROOT @types/json-schema@7.0.15 OK for: @eslint/core@0.17.0 want: ^7.0.15
629 silly placeDep ROOT globals@14.0.0 OK for: @eslint/eslintrc@3.3.3 want: ^14.0.0
630 silly placeDep ROOT import-fresh@3.3.1 OK for: @eslint/eslintrc@3.3.3 want: ^3.2.1
631 silly placeDep ROOT js-yaml@4.1.1 OK for: @eslint/eslintrc@3.3.3 want: ^4.1.1
632 silly placeDep ROOT strip-json-comments@3.1.1 OK for: @eslint/eslintrc@3.3.3 want: ^3.1.1
633 silly fetch manifest parent-module@^1.0.0
634 silly packumentCache full:https://registry.npmjs.org/parent-module cache-miss
635 silly fetch manifest resolve-from@^4.0.0
636 silly packumentCache full:https://registry.npmjs.org/resolve-from cache-miss
637 silly fetch manifest argparse@^2.0.1
638 silly packumentCache full:https://registry.npmjs.org/argparse cache-miss
639 http fetch GET 200 https://registry.npmjs.org/parent-module 38ms (cache miss)
640 silly packumentCache full:https://registry.npmjs.org/parent-module set size:undefined disposed:false
641 http fetch GET 200 https://registry.npmjs.org/argparse 44ms (cache miss)
642 silly packumentCache full:https://registry.npmjs.org/argparse set size:undefined disposed:false
643 http fetch GET 200 https://registry.npmjs.org/resolve-from 52ms (cache miss)
644 silly packumentCache full:https://registry.npmjs.org/resolve-from set size:undefined disposed:false
645 silly placeDep ROOT levn@0.4.1 OK for: @eslint/plugin-kit@0.4.1 want: ^0.4.1
646 silly fetch manifest type-check@~0.4.0
647 silly packumentCache full:https://registry.npmjs.org/type-check cache-miss
648 http cache https://registry.npmjs.org/type-check 2ms (cache hit)
649 silly packumentCache full:https://registry.npmjs.org/type-check set size:21221 disposed:false
650 silly placeDep ROOT @humanfs/core@0.19.1 OK for: @humanfs/node@0.16.7 want: ^0.19.1
651 silly placeDep ROOT fast-json-stable-stringify@2.1.0 OK for: ajv@6.12.6 want: ^2.0.0
652 silly placeDep ROOT json-schema-traverse@0.4.1 OK for: ajv@6.12.6 want: ^0.4.1
653 silly placeDep ROOT uri-js@4.4.1 OK for: ajv@6.12.6 want: ^4.2.2
654 silly fetch manifest punycode@^2.1.0
655 silly packumentCache full:https://registry.npmjs.org/punycode cache-miss
656 http fetch GET 200 https://registry.npmjs.org/punycode 40ms (cache miss)
657 silly packumentCache full:https://registry.npmjs.org/punycode set size:undefined disposed:false
658 silly placeDep ROOT ansi-styles@4.3.0 OK for: chalk@4.1.2 want: ^4.1.0
659 silly placeDep ROOT supports-color@7.2.0 OK for: chalk@4.1.2 want: ^7.1.0
660 silly fetch manifest color-convert@^2.0.1
661 silly packumentCache full:https://registry.npmjs.org/color-convert cache-miss
662 silly fetch manifest has-flag@^4.0.0
663 silly packumentCache full:https://registry.npmjs.org/has-flag cache-miss
664 http fetch GET 200 https://registry.npmjs.org/color-convert 32ms (cache miss)
665 silly packumentCache full:https://registry.npmjs.org/color-convert set size:undefined disposed:false
666 http fetch GET 200 https://registry.npmjs.org/has-flag 48ms (cache miss)
667 silly packumentCache full:https://registry.npmjs.org/has-flag set size:undefined disposed:false
668 silly placeDep ROOT color-convert@2.0.1 OK for: ansi-styles@4.3.0 want: ^2.0.1
669 silly fetch manifest color-name@~1.1.4
670 silly packumentCache full:https://registry.npmjs.org/color-name cache-miss
671 http fetch GET 200 https://registry.npmjs.org/color-name 55ms (cache miss)
672 silly packumentCache full:https://registry.npmjs.org/color-name set size:undefined disposed:false
673 silly placeDep ROOT color-name@1.1.4 OK for: color-convert@2.0.1 want: ~1.1.4
674 silly placeDep ROOT path-key@3.1.1 OK for: cross-spawn@7.0.6 want: ^3.1.0
675 silly placeDep ROOT shebang-command@2.0.0 OK for: cross-spawn@7.0.6 want: ^2.0.0
676 silly placeDep ROOT which@2.0.2 OK for: cross-spawn@7.0.6 want: ^2.0.1
677 silly fetch manifest shebang-regex@^3.0.0
678 silly packumentCache full:https://registry.npmjs.org/shebang-regex cache-miss
679 silly fetch manifest isexe@^2.0.0
680 silly packumentCache full:https://registry.npmjs.org/isexe cache-miss
681 http fetch GET 200 https://registry.npmjs.org/shebang-regex 38ms (cache miss)
682 silly packumentCache full:https://registry.npmjs.org/shebang-regex set size:undefined disposed:false
683 http fetch GET 200 https://registry.npmjs.org/isexe 53ms (cache miss)
684 silly packumentCache full:https://registry.npmjs.org/isexe set size:undefined disposed:false
685 silly placeDep ROOT ms@2.1.3 OK for: debug@4.4.3 want: ^2.1.3
686 silly fetch manifest eslint@>=9.0.0
687 silly packumentCache full:https://registry.npmjs.org/eslint cache-miss
688 http cache https://registry.npmjs.org/eslint 3ms (cache hit)
689 silly packumentCache full:https://registry.npmjs.org/eslint set size:1900943 disposed:false
690 silly fetch manifest typescript@>=3.3.1
691 silly packumentCache full:https://registry.npmjs.org/typescript cache-miss
692 http cache https://registry.npmjs.org/typescript 15ms (cache hit)
693 silly packumentCache full:https://registry.npmjs.org/typescript set size:15054421 disposed:false
694 silly fetch manifest eslint-plugin-import-x@*
695 silly packumentCache full:https://registry.npmjs.org/eslint-plugin-import-x cache-miss
696 http fetch GET 200 https://registry.npmjs.org/eslint-plugin-import-x 47ms (cache miss)
697 silly packumentCache full:https://registry.npmjs.org/eslint-plugin-import-x set size:undefined disposed:false
698 silly fetch manifest @typescript-eslint/utils@^8.0.0
699 silly packumentCache full:https://registry.npmjs.org/@typescript-eslint%2futils cache-miss
700 http fetch GET 200 https://registry.npmjs.org/@typescript-eslint%2futils 176ms (cache miss)
701 silly packumentCache full:https://registry.npmjs.org/@typescript-eslint%2futils set size:undefined disposed:false
702 silly placeDep ROOT @next/eslint-plugin-next@16.0.7 OK for: eslint-config-next@16.0.7 want: 16.0.7
703 silly placeDep ROOT eslint-import-resolver-node@0.3.9 OK for: eslint-config-next@16.0.7 want: ^0.3.6
704 silly placeDep ROOT eslint-import-resolver-typescript@3.10.1 OK for: eslint-config-next@16.0.7 want: ^3.5.2
705 silly placeDep ROOT eslint-plugin-import@2.32.0 OK for: eslint-config-next@16.0.7 want: ^2.32.0
706 silly placeDep ROOT eslint-plugin-jsx-a11y@6.10.2 OK for: eslint-config-next@16.0.7 want: ^6.10.0
707 silly placeDep ROOT eslint-plugin-react@7.37.5 OK for: eslint-config-next@16.0.7 want: ^7.37.0
708 silly placeDep ROOT eslint-plugin-react-hooks@7.0.1 OK for: eslint-config-next@16.0.7 want: ^7.0.0
709 silly placeDep node_modules/eslint-config-next globals@16.4.0 OK for: eslint-config-next@16.0.7 want: 16.4.0
710 silly placeDep ROOT typescript-eslint@8.50.1 OK for: eslint-config-next@16.0.7 want: ^8.46.0
711 silly fetch manifest fast-glob@3.3.1
712 silly packumentCache full:https://registry.npmjs.org/fast-glob cache-miss
713 silly fetch manifest debug@^3.2.7
714 silly packumentCache full:https://registry.npmjs.org/debug cache-hit
715 silly fetch manifest is-core-module@^2.13.0
716 silly packumentCache full:https://registry.npmjs.org/is-core-module cache-miss
717 silly fetch manifest resolve@^1.22.4
718 silly packumentCache full:https://registry.npmjs.org/resolve cache-miss
719 silly fetch manifest tinyglobby@^0.2.13
720 silly packumentCache full:https://registry.npmjs.org/tinyglobby cache-miss
721 silly fetch manifest stable-hash@^0.0.5
722 silly packumentCache full:https://registry.npmjs.org/stable-hash cache-miss
723 silly fetch manifest get-tsconfig@^4.10.0
724 silly packumentCache full:https://registry.npmjs.org/get-tsconfig cache-miss
725 silly fetch manifest is-bun-module@^2.0.0
726 silly packumentCache full:https://registry.npmjs.org/is-bun-module cache-miss
727 silly fetch manifest unrs-resolver@^1.6.2
728 silly packumentCache full:https://registry.npmjs.org/unrs-resolver cache-miss
729 silly fetch manifest @nolyfill/is-core-module@1.0.39
730 silly packumentCache full:https://registry.npmjs.org/@nolyfill%2fis-core-module cache-miss
731 http fetch GET 200 https://registry.npmjs.org/fast-glob 47ms (cache miss)
732 silly packumentCache full:https://registry.npmjs.org/fast-glob set size:undefined disposed:false
733 silly fetch manifest @rtsao/scc@^1.1.0
734 silly packumentCache full:https://registry.npmjs.org/@rtsao%2fscc cache-miss
735 http fetch GET 200 https://registry.npmjs.org/get-tsconfig 52ms (cache miss)
736 silly packumentCache full:https://registry.npmjs.org/get-tsconfig set size:undefined disposed:false
737 silly fetch manifest array-includes@^3.1.9
738 silly packumentCache full:https://registry.npmjs.org/array-includes cache-miss
739 http fetch GET 200 https://registry.npmjs.org/is-core-module 54ms (cache miss)
740 silly packumentCache full:https://registry.npmjs.org/is-core-module set size:undefined disposed:false
741 silly fetch manifest array.prototype.findlastindex@^1.2.6
742 silly packumentCache full:https://registry.npmjs.org/array.prototype.findlastindex cache-miss
743 http fetch GET 200 https://registry.npmjs.org/is-bun-module 55ms (cache miss)
744 silly packumentCache full:https://registry.npmjs.org/is-bun-module set size:undefined disposed:false
745 silly fetch manifest array.prototype.flat@^1.3.3
746 silly packumentCache full:https://registry.npmjs.org/array.prototype.flat cache-miss
747 http fetch GET 200 https://registry.npmjs.org/unrs-resolver 56ms (cache miss)
748 silly packumentCache full:https://registry.npmjs.org/unrs-resolver set size:undefined disposed:false
749 silly fetch manifest array.prototype.flatmap@^1.3.3
750 silly packumentCache full:https://registry.npmjs.org/array.prototype.flatmap cache-miss
751 http fetch GET 200 https://registry.npmjs.org/resolve 57ms (cache miss)
752 silly packumentCache full:https://registry.npmjs.org/resolve set size:undefined disposed:false
753 silly fetch manifest doctrine@^2.1.0
754 silly packumentCache full:https://registry.npmjs.org/doctrine cache-miss
755 http fetch GET 200 https://registry.npmjs.org/tinyglobby 60ms (cache miss)
756 silly packumentCache full:https://registry.npmjs.org/tinyglobby set size:undefined disposed:false
757 silly fetch manifest eslint-module-utils@^2.12.1
758 silly packumentCache full:https://registry.npmjs.org/eslint-module-utils cache-miss
759 http fetch GET 200 https://registry.npmjs.org/stable-hash 71ms (cache miss)
760 silly packumentCache full:https://registry.npmjs.org/stable-hash set size:undefined disposed:false
761 silly fetch manifest hasown@^2.0.2
762 silly packumentCache full:https://registry.npmjs.org/hasown cache-miss
763 http fetch GET 200 https://registry.npmjs.org/@nolyfill%2fis-core-module 95ms (cache miss)
764 silly packumentCache full:https://registry.npmjs.org/@nolyfill%2fis-core-module set size:undefined disposed:false
765 silly fetch manifest is-core-module@^2.16.1
766 silly packumentCache full:https://registry.npmjs.org/is-core-module cache-miss
767 http fetch GET 200 https://registry.npmjs.org/array.prototype.findlastindex 43ms (cache miss)
768 silly packumentCache full:https://registry.npmjs.org/array.prototype.findlastindex set size:undefined disposed:false
769 silly fetch manifest object.fromentries@^2.0.8
770 silly packumentCache full:https://registry.npmjs.org/object.fromentries cache-miss
771 http cache https://registry.npmjs.org/is-core-module 1ms (cache hit)
772 silly packumentCache full:https://registry.npmjs.org/is-core-module set size:71788 disposed:false
773 silly fetch manifest object.groupby@^1.0.3
774 silly packumentCache full:https://registry.npmjs.org/object.groupby cache-miss
775 http fetch GET 200 https://registry.npmjs.org/array.prototype.flatmap 47ms (cache miss)
776 silly packumentCache full:https://registry.npmjs.org/array.prototype.flatmap set size:undefined disposed:false
777 silly fetch manifest object.values@^1.2.1
778 silly packumentCache full:https://registry.npmjs.org/object.values cache-miss
779 http fetch GET 200 https://registry.npmjs.org/doctrine 49ms (cache miss)
780 silly packumentCache full:https://registry.npmjs.org/doctrine set size:undefined disposed:false
781 silly fetch manifest semver@^6.3.1
782 silly packumentCache full:https://registry.npmjs.org/semver cache-miss
783 http fetch GET 200 https://registry.npmjs.org/eslint-module-utils 48ms (cache miss)
784 silly packumentCache full:https://registry.npmjs.org/eslint-module-utils set size:undefined disposed:false
785 silly fetch manifest string.prototype.trimend@^1.0.9
786 silly packumentCache full:https://registry.npmjs.org/string.prototype.trimend cache-miss
787 http fetch GET 200 https://registry.npmjs.org/array.prototype.flat 60ms (cache miss)
788 silly packumentCache full:https://registry.npmjs.org/array.prototype.flat set size:undefined disposed:false
789 silly fetch manifest tsconfig-paths@^3.15.0
790 silly packumentCache full:https://registry.npmjs.org/tsconfig-paths cache-miss
791 http fetch GET 200 https://registry.npmjs.org/hasown 49ms (cache miss)
792 silly packumentCache full:https://registry.npmjs.org/hasown set size:undefined disposed:false
793 silly fetch manifest aria-query@^5.3.2
794 silly packumentCache full:https://registry.npmjs.org/aria-query cache-miss
795 http fetch GET 200 https://registry.npmjs.org/@rtsao%2fscc 97ms (cache miss)
796 silly packumentCache full:https://registry.npmjs.org/@rtsao%2fscc set size:undefined disposed:false
797 silly fetch manifest array-includes@^3.1.8
798 silly packumentCache full:https://registry.npmjs.org/array-includes cache-miss
799 http fetch GET 200 https://registry.npmjs.org/object.fromentries 50ms (cache miss)
800 silly packumentCache full:https://registry.npmjs.org/object.fromentries set size:undefined disposed:false
801 silly fetch manifest array.prototype.flatmap@^1.3.2
802 silly packumentCache full:https://registry.npmjs.org/array.prototype.flatmap cache-miss
803 http cache https://registry.npmjs.org/array.prototype.flatmap 1ms (cache hit)
804 silly packumentCache full:https://registry.npmjs.org/array.prototype.flatmap set size:51458 disposed:false
805 silly fetch manifest ast-types-flow@^0.0.8
806 silly packumentCache full:https://registry.npmjs.org/ast-types-flow cache-miss
807 http fetch GET 200 https://registry.npmjs.org/object.groupby 53ms (cache miss)
808 silly packumentCache full:https://registry.npmjs.org/object.groupby set size:undefined disposed:false
809 silly fetch manifest axe-core@^4.10.0
810 silly packumentCache full:https://registry.npmjs.org/axe-core cache-miss
811 http fetch GET 200 https://registry.npmjs.org/string.prototype.trimend 48ms (cache miss)
812 silly packumentCache full:https://registry.npmjs.org/string.prototype.trimend set size:undefined disposed:false
813 silly fetch manifest axobject-query@^4.1.0
814 silly packumentCache full:https://registry.npmjs.org/axobject-query cache-miss
815 http fetch GET 200 https://registry.npmjs.org/object.values 63ms (cache miss)
816 silly packumentCache full:https://registry.npmjs.org/object.values set size:undefined disposed:false
817 silly fetch manifest damerau-levenshtein@^1.0.8
818 silly packumentCache full:https://registry.npmjs.org/damerau-levenshtein cache-miss
819 http fetch GET 200 https://registry.npmjs.org/array-includes 118ms (cache miss)
820 silly packumentCache full:https://registry.npmjs.org/array-includes set size:undefined disposed:false
821 silly fetch manifest emoji-regex@^9.2.2
822 silly packumentCache full:https://registry.npmjs.org/emoji-regex cache-miss
823 http fetch GET 200 https://registry.npmjs.org/semver 70ms (cache miss)
824 silly packumentCache full:https://registry.npmjs.org/semver set size:undefined disposed:false
825 silly fetch manifest jsx-ast-utils@^3.3.5
826 silly packumentCache full:https://registry.npmjs.org/jsx-ast-utils cache-miss
827 http fetch GET 200 https://registry.npmjs.org/tsconfig-paths 65ms (cache miss)
828 silly packumentCache full:https://registry.npmjs.org/tsconfig-paths set size:undefined disposed:false
829 silly fetch manifest language-tags@^1.0.9
830 silly packumentCache full:https://registry.npmjs.org/language-tags cache-miss
831 http fetch GET 200 https://registry.npmjs.org/aria-query 66ms (cache miss)
832 silly packumentCache full:https://registry.npmjs.org/aria-query set size:undefined disposed:false
833 silly fetch manifest safe-regex-test@^1.0.3
834 silly packumentCache full:https://registry.npmjs.org/safe-regex-test cache-miss
835 http fetch GET 200 https://registry.npmjs.org/array-includes 43ms (cache miss)
836 silly packumentCache full:https://registry.npmjs.org/array-includes set size:undefined disposed:false
837 silly fetch manifest string.prototype.includes@^2.0.1
838 silly packumentCache full:https://registry.npmjs.org/string.prototype.includes cache-miss
839 http fetch GET 200 https://registry.npmjs.org/ast-types-flow 54ms (cache miss)
840 silly packumentCache full:https://registry.npmjs.org/ast-types-flow set size:undefined disposed:false
841 silly fetch manifest array.prototype.findlast@^1.2.5
842 silly packumentCache full:https://registry.npmjs.org/array.prototype.findlast cache-miss
843 http fetch GET 200 https://registry.npmjs.org/axobject-query 48ms (cache miss)
844 silly packumentCache full:https://registry.npmjs.org/axobject-query set size:undefined disposed:false
845 silly fetch manifest array.prototype.tosorted@^1.1.4
846 silly packumentCache full:https://registry.npmjs.org/array.prototype.tosorted cache-miss
847 http fetch GET 200 https://registry.npmjs.org/damerau-levenshtein 54ms (cache miss)
848 silly packumentCache full:https://registry.npmjs.org/damerau-levenshtein set size:undefined disposed:false
849 silly fetch manifest es-iterator-helpers@^1.2.1
850 silly packumentCache full:https://registry.npmjs.org/es-iterator-helpers cache-miss
851 http fetch GET 200 https://registry.npmjs.org/emoji-regex 51ms (cache miss)
852 silly packumentCache full:https://registry.npmjs.org/emoji-regex set size:undefined disposed:false
853 silly fetch manifest estraverse@^5.3.0
854 silly packumentCache full:https://registry.npmjs.org/estraverse cache-miss
855 http cache https://registry.npmjs.org/estraverse 1ms (cache hit)
856 silly packumentCache full:https://registry.npmjs.org/estraverse set size:62412 disposed:false
857 silly fetch manifest jsx-ast-utils@^2.4.1 || ^3.0.0
858 silly packumentCache full:https://registry.npmjs.org/jsx-ast-utils cache-miss
859 http fetch GET 200 https://registry.npmjs.org/language-tags 47ms (cache miss)
860 silly packumentCache full:https://registry.npmjs.org/language-tags set size:undefined disposed:false
861 silly fetch manifest object.entries@^1.1.9
862 silly packumentCache full:https://registry.npmjs.org/object.entries cache-miss
863 http fetch GET 200 https://registry.npmjs.org/jsx-ast-utils 52ms (cache miss)
864 silly packumentCache full:https://registry.npmjs.org/jsx-ast-utils set size:undefined disposed:false
865 silly fetch manifest prop-types@^15.8.1
866 silly packumentCache full:https://registry.npmjs.org/prop-types cache-miss
867 http fetch GET 200 https://registry.npmjs.org/safe-regex-test 48ms (cache miss)
868 silly packumentCache full:https://registry.npmjs.org/safe-regex-test set size:undefined disposed:false
869 silly fetch manifest resolve@^2.0.0-next.5
870 silly packumentCache full:https://registry.npmjs.org/resolve cache-miss
871 http cache https://registry.npmjs.org/resolve 0ms (cache hit)
872 silly packumentCache full:https://registry.npmjs.org/resolve set size:246681 disposed:false
873 silly fetch manifest string.prototype.matchall@^4.0.12
874 silly packumentCache full:https://registry.npmjs.org/string.prototype.matchall cache-miss
875 http fetch GET 200 https://registry.npmjs.org/array.prototype.findlast 43ms (cache miss)
876 silly packumentCache full:https://registry.npmjs.org/array.prototype.findlast set size:undefined disposed:false
877 silly fetch manifest string.prototype.repeat@^1.0.0
878 silly packumentCache full:https://registry.npmjs.org/string.prototype.repeat cache-miss
879 http fetch GET 200 https://registry.npmjs.org/array.prototype.tosorted 40ms (cache miss)
880 silly packumentCache full:https://registry.npmjs.org/array.prototype.tosorted set size:undefined disposed:false
881 silly fetch manifest zod@^3.25.0 || ^4.0.0
882 silly packumentCache full:https://registry.npmjs.org/zod cache-miss
883 http fetch GET 200 https://registry.npmjs.org/string.prototype.includes 58ms (cache miss)
884 silly packumentCache full:https://registry.npmjs.org/string.prototype.includes set size:undefined disposed:false
885 silly fetch manifest @babel/core@^7.24.4
886 silly packumentCache full:https://registry.npmjs.org/@babel%2fcore cache-miss
887 http fetch GET 200 https://registry.npmjs.org/prop-types 42ms (cache miss)
888 silly packumentCache full:https://registry.npmjs.org/prop-types set size:undefined disposed:false
889 silly fetch manifest @babel/parser@^7.24.4
890 silly packumentCache full:https://registry.npmjs.org/@babel%2fparser cache-miss
891 http fetch GET 200 https://registry.npmjs.org/jsx-ast-utils 58ms (cache miss)
892 silly packumentCache full:https://registry.npmjs.org/jsx-ast-utils set size:undefined disposed:false
893 silly fetch manifest hermes-parser@^0.25.1
894 silly packumentCache full:https://registry.npmjs.org/hermes-parser cache-miss
895 http fetch GET 200 https://registry.npmjs.org/object.entries 53ms (cache miss)
896 silly packumentCache full:https://registry.npmjs.org/object.entries set size:undefined disposed:false
897 silly fetch manifest zod-validation-error@^3.5.0 || ^4.0.0
898 silly packumentCache full:https://registry.npmjs.org/zod-validation-error cache-miss
899 http fetch GET 200 https://registry.npmjs.org/es-iterator-helpers 67ms (cache miss)
900 silly packumentCache full:https://registry.npmjs.org/es-iterator-helpers set size:undefined disposed:false
901 silly fetch manifest @typescript-eslint/utils@8.50.1
902 silly packumentCache full:https://registry.npmjs.org/@typescript-eslint%2futils cache-miss
903 http fetch GET 200 https://registry.npmjs.org/string.prototype.repeat 47ms (cache miss)
904 silly packumentCache full:https://registry.npmjs.org/string.prototype.repeat set size:undefined disposed:false
905 silly fetch manifest @typescript-eslint/parser@8.50.1
906 silly packumentCache full:https://registry.npmjs.org/@typescript-eslint%2fparser cache-miss
907 http cache https://registry.npmjs.org/@typescript-eslint%2futils 10ms (cache hit)
908 silly packumentCache full:https://registry.npmjs.org/@typescript-eslint%2futils set size:9465681 disposed:false
909 silly fetch manifest @typescript-eslint/eslint-plugin@8.50.1
910 silly packumentCache full:https://registry.npmjs.org/@typescript-eslint%2feslint-plugin cache-miss
911 http fetch GET 200 https://registry.npmjs.org/string.prototype.matchall 87ms (cache miss)
912 silly packumentCache full:https://registry.npmjs.org/string.prototype.matchall set size:undefined disposed:false
913 silly fetch manifest @typescript-eslint/typescript-estree@8.50.1
914 silly packumentCache full:https://registry.npmjs.org/@typescript-eslint%2ftypescript-estree cache-miss
915 http fetch GET 200 https://registry.npmjs.org/@babel%2fcore 80ms (cache miss)
916 silly packumentCache full:https://registry.npmjs.org/@babel%2fcore set size:undefined disposed:false
917 http fetch GET 200 https://registry.npmjs.org/axe-core 177ms (cache miss)
918 silly packumentCache full:https://registry.npmjs.org/axe-core set size:undefined disposed:false
919 http fetch GET 200 https://registry.npmjs.org/zod-validation-error 70ms (cache miss)
920 silly packumentCache full:https://registry.npmjs.org/zod-validation-error set size:undefined disposed:false
921 http fetch GET 200 https://registry.npmjs.org/hermes-parser 71ms (cache miss)
922 silly packumentCache full:https://registry.npmjs.org/hermes-parser set size:undefined disposed:false
923 http fetch GET 200 https://registry.npmjs.org/@babel%2fparser 82ms (cache miss)
924 silly packumentCache full:https://registry.npmjs.org/@babel%2fparser set size:undefined disposed:false
925 http fetch GET 200 https://registry.npmjs.org/zod 114ms (cache miss)
926 silly packumentCache full:https://registry.npmjs.org/zod set size:undefined disposed:false
927 http fetch GET 200 https://registry.npmjs.org/@typescript-eslint%2fparser 295ms (cache miss)
928 silly packumentCache full:https://registry.npmjs.org/@typescript-eslint%2fparser set size:undefined disposed:false
929 http fetch GET 200 https://registry.npmjs.org/@typescript-eslint%2ftypescript-estree 319ms (cache miss)
930 silly packumentCache full:https://registry.npmjs.org/@typescript-eslint%2ftypescript-estree set size:undefined disposed:false
931 http fetch GET 200 https://registry.npmjs.org/@typescript-eslint%2feslint-plugin 355ms (cache miss)
932 silly packumentCache full:https://registry.npmjs.org/@typescript-eslint%2feslint-plugin set size:undefined disposed:false
933 silly placeDep ROOT fast-glob@3.3.1 OK for: @next/eslint-plugin-next@16.0.7 want: 3.3.1
934 silly fetch manifest merge2@^1.3.0
935 silly packumentCache full:https://registry.npmjs.org/merge2 cache-miss
936 silly fetch manifest micromatch@^4.0.4
937 silly packumentCache full:https://registry.npmjs.org/micromatch cache-miss
938 silly fetch manifest glob-parent@^5.1.2
939 silly packumentCache full:https://registry.npmjs.org/glob-parent cache-miss
940 silly fetch manifest @nodelib/fs.stat@^2.0.2
941 silly packumentCache full:https://registry.npmjs.org/@nodelib%2ffs.stat cache-miss
942 silly fetch manifest @nodelib/fs.walk@^1.2.3
943 silly packumentCache full:https://registry.npmjs.org/@nodelib%2ffs.walk cache-miss
944 http cache https://registry.npmjs.org/glob-parent 2ms (cache hit)
945 silly packumentCache full:https://registry.npmjs.org/glob-parent set size:42445 disposed:false
946 http fetch GET 200 https://registry.npmjs.org/micromatch 52ms (cache miss)
947 silly packumentCache full:https://registry.npmjs.org/micromatch set size:undefined disposed:false
948 http fetch GET 200 https://registry.npmjs.org/@nodelib%2ffs.stat 58ms (cache miss)
949 silly packumentCache full:https://registry.npmjs.org/@nodelib%2ffs.stat set size:undefined disposed:false
950 http fetch GET 200 https://registry.npmjs.org/@nodelib%2ffs.walk 69ms (cache miss)
951 silly packumentCache full:https://registry.npmjs.org/@nodelib%2ffs.walk set size:undefined disposed:false
952 http fetch GET 200 https://registry.npmjs.org/merge2 126ms (cache miss)
953 silly packumentCache full:https://registry.npmjs.org/merge2 set size:undefined disposed:false
954 silly placeDep node_modules/eslint-import-resolver-node debug@3.2.7 OK for: eslint-import-resolver-node@0.3.9 want: ^3.2.7
955 silly placeDep ROOT is-core-module@2.16.1 OK for: eslint-import-resolver-node@0.3.9 want: ^2.13.0
956 silly placeDep ROOT resolve@1.22.11 OK for: eslint-import-resolver-node@0.3.9 want: ^1.22.4
957 silly fetch manifest path-parse@^1.0.7
958 silly packumentCache full:https://registry.npmjs.org/path-parse cache-miss
959 silly fetch manifest supports-preserve-symlinks-flag@^1.0.0
960 silly packumentCache full:https://registry.npmjs.org/supports-preserve-symlinks-flag cache-miss
961 http fetch GET 200 https://registry.npmjs.org/path-parse 39ms (cache miss)
962 silly packumentCache full:https://registry.npmjs.org/path-parse set size:undefined disposed:false
963 http fetch GET 200 https://registry.npmjs.org/supports-preserve-symlinks-flag 47ms (cache miss)
964 silly packumentCache full:https://registry.npmjs.org/supports-preserve-symlinks-flag set size:undefined disposed:false
965 silly placeDep ROOT @nolyfill/is-core-module@1.0.39 OK for: eslint-import-resolver-typescript@3.10.1 want: 1.0.39
966 silly placeDep ROOT get-tsconfig@4.13.0 OK for: eslint-import-resolver-typescript@3.10.1 want: ^4.10.0
967 silly placeDep ROOT is-bun-module@2.0.0 OK for: eslint-import-resolver-typescript@3.10.1 want: ^2.0.0
968 silly placeDep ROOT stable-hash@0.0.5 OK for: eslint-import-resolver-typescript@3.10.1 want: ^0.0.5
969 silly placeDep ROOT tinyglobby@0.2.15 OK for: eslint-import-resolver-typescript@3.10.1 want: ^0.2.13
970 silly placeDep ROOT unrs-resolver@1.11.1 OK for: eslint-import-resolver-typescript@3.10.1 want: ^1.6.2
971 silly fetch manifest resolve-pkg-maps@^1.0.0
972 silly packumentCache full:https://registry.npmjs.org/resolve-pkg-maps cache-miss
973 silly fetch manifest semver@^7.7.1
974 silly packumentCache full:https://registry.npmjs.org/semver cache-miss
975 silly fetch manifest fdir@^6.5.0
976 silly packumentCache full:https://registry.npmjs.org/fdir cache-miss
977 silly fetch manifest picomatch@^4.0.3
978 silly packumentCache full:https://registry.npmjs.org/picomatch cache-miss
979 silly fetch manifest napi-postinstall@^0.3.0
980 silly packumentCache full:https://registry.npmjs.org/napi-postinstall cache-miss
981 silly fetch manifest @unrs/resolver-binding-win32-x64-msvc@1.11.1
982 silly packumentCache full:https://registry.npmjs.org/@unrs%2fresolver-binding-win32-x64-msvc cache-miss
983 silly fetch manifest @unrs/resolver-binding-win32-arm64-msvc@1.11.1
984 silly packumentCache full:https://registry.npmjs.org/@unrs%2fresolver-binding-win32-arm64-msvc cache-miss
985 silly fetch manifest @unrs/resolver-binding-win32-ia32-msvc@1.11.1
986 silly packumentCache full:https://registry.npmjs.org/@unrs%2fresolver-binding-win32-ia32-msvc cache-miss
987 silly fetch manifest @unrs/resolver-binding-linux-x64-gnu@1.11.1
988 silly packumentCache full:https://registry.npmjs.org/@unrs%2fresolver-binding-linux-x64-gnu cache-miss
989 http cache https://registry.npmjs.org/semver 3ms (cache hit)
990 silly packumentCache full:https://registry.npmjs.org/semver set size:226907 disposed:false
991 silly fetch manifest @unrs/resolver-binding-linux-x64-musl@1.11.1
992 silly packumentCache full:https://registry.npmjs.org/@unrs%2fresolver-binding-linux-x64-musl cache-miss
993 http fetch GET 200 https://registry.npmjs.org/resolve-pkg-maps 28ms (cache miss)
994 silly packumentCache full:https://registry.npmjs.org/resolve-pkg-maps set size:undefined disposed:false
995 silly fetch manifest @unrs/resolver-binding-freebsd-x64@1.11.1
996 silly packumentCache full:https://registry.npmjs.org/@unrs%2fresolver-binding-freebsd-x64 cache-miss
997 http fetch GET 200 https://registry.npmjs.org/picomatch 39ms (cache miss)
998 silly packumentCache full:https://registry.npmjs.org/picomatch set size:undefined disposed:false
999 silly fetch manifest @unrs/resolver-binding-android-arm64@1.11.1
1000 silly packumentCache full:https://registry.npmjs.org/@unrs%2fresolver-binding-android-arm64 cache-miss
1001 http fetch GET 200 https://registry.npmjs.org/fdir 43ms (cache miss)
1002 silly packumentCache full:https://registry.npmjs.org/fdir set size:undefined disposed:false
1003 silly fetch manifest @unrs/resolver-binding-linux-arm64-gnu@1.11.1
1004 silly packumentCache full:https://registry.npmjs.org/@unrs%2fresolver-binding-linux-arm64-gnu cache-miss
1005 http fetch GET 200 https://registry.npmjs.org/napi-postinstall 45ms (cache miss)
1006 silly packumentCache full:https://registry.npmjs.org/napi-postinstall set size:undefined disposed:false
1007 silly fetch manifest @unrs/resolver-binding-linux-arm64-musl@1.11.1
1008 silly packumentCache full:https://registry.npmjs.org/@unrs%2fresolver-binding-linux-arm64-musl cache-miss
1009 http fetch GET 200 https://registry.npmjs.org/@unrs%2fresolver-binding-linux-x64-musl 54ms (cache miss)
1010 silly packumentCache full:https://registry.npmjs.org/@unrs%2fresolver-binding-linux-x64-musl set size:undefined disposed:false
1011 silly fetch manifest @unrs/resolver-binding-android-arm-eabi@1.11.1
1012 silly packumentCache full:https://registry.npmjs.org/@unrs%2fresolver-binding-android-arm-eabi cache-miss
1013 http fetch GET 200 https://registry.npmjs.org/@unrs%2fresolver-binding-linux-x64-gnu 65ms (cache miss)
1014 silly packumentCache full:https://registry.npmjs.org/@unrs%2fresolver-binding-linux-x64-gnu set size:undefined disposed:false
1015 silly fetch manifest @unrs/resolver-binding-linux-arm-gnueabihf@1.11.1
1016 silly packumentCache full:https://registry.npmjs.org/@unrs%2fresolver-binding-linux-arm-gnueabihf cache-miss
1017 http fetch GET 200 https://registry.npmjs.org/@unrs%2fresolver-binding-win32-arm64-msvc 66ms (cache miss)
1018 silly packumentCache full:https://registry.npmjs.org/@unrs%2fresolver-binding-win32-arm64-msvc set size:undefined disposed:false
1019 silly fetch manifest @unrs/resolver-binding-linux-arm-musleabihf@1.11.1
1020 silly packumentCache full:https://registry.npmjs.org/@unrs%2fresolver-binding-linux-arm-musleabihf cache-miss
1021 http fetch GET 200 https://registry.npmjs.org/@unrs%2fresolver-binding-win32-ia32-msvc 70ms (cache miss)
1022 silly packumentCache full:https://registry.npmjs.org/@unrs%2fresolver-binding-win32-ia32-msvc set size:undefined disposed:false
1023 silly fetch manifest @unrs/resolver-binding-linux-ppc64-gnu@1.11.1
1024 silly packumentCache full:https://registry.npmjs.org/@unrs%2fresolver-binding-linux-ppc64-gnu cache-miss
1025 http fetch GET 200 https://registry.npmjs.org/@unrs%2fresolver-binding-win32-x64-msvc 70ms (cache miss)
1026 silly packumentCache full:https://registry.npmjs.org/@unrs%2fresolver-binding-win32-x64-msvc set size:undefined disposed:false
1027 silly fetch manifest @unrs/resolver-binding-linux-riscv64-gnu@1.11.1
1028 silly packumentCache full:https://registry.npmjs.org/@unrs%2fresolver-binding-linux-riscv64-gnu cache-miss
1029 http fetch GET 200 https://registry.npmjs.org/@unrs%2fresolver-binding-freebsd-x64 49ms (cache miss)
1030 silly packumentCache full:https://registry.npmjs.org/@unrs%2fresolver-binding-freebsd-x64 set size:undefined disposed:false
1031 silly fetch manifest @unrs/resolver-binding-linux-riscv64-musl@1.11.1
1032 silly packumentCache full:https://registry.npmjs.org/@unrs%2fresolver-binding-linux-riscv64-musl cache-miss
1033 http fetch GET 200 https://registry.npmjs.org/@unrs%2fresolver-binding-android-arm64 50ms (cache miss)
1034 silly packumentCache full:https://registry.npmjs.org/@unrs%2fresolver-binding-android-arm64 set size:undefined disposed:false
1035 silly fetch manifest @unrs/resolver-binding-linux-s390x-gnu@1.11.1
1036 silly packumentCache full:https://registry.npmjs.org/@unrs%2fresolver-binding-linux-s390x-gnu cache-miss
1037 http fetch GET 200 https://registry.npmjs.org/@unrs%2fresolver-binding-linux-arm64-gnu 53ms (cache miss)
1038 silly packumentCache full:https://registry.npmjs.org/@unrs%2fresolver-binding-linux-arm64-gnu set size:undefined disposed:false
1039 silly fetch manifest @unrs/resolver-binding-darwin-x64@1.11.1
1040 silly packumentCache full:https://registry.npmjs.org/@unrs%2fresolver-binding-darwin-x64 cache-miss
1041 http fetch GET 200 https://registry.npmjs.org/@unrs%2fresolver-binding-android-arm-eabi 49ms (cache miss)
1042 silly packumentCache full:https://registry.npmjs.org/@unrs%2fresolver-binding-android-arm-eabi set size:undefined disposed:false
1043 silly fetch manifest @unrs/resolver-binding-darwin-arm64@1.11.1
1044 silly packumentCache full:https://registry.npmjs.org/@unrs%2fresolver-binding-darwin-arm64 cache-miss
1045 http fetch GET 200 https://registry.npmjs.org/@unrs%2fresolver-binding-linux-arm64-musl 67ms (cache miss)
1046 silly packumentCache full:https://registry.npmjs.org/@unrs%2fresolver-binding-linux-arm64-musl set size:undefined disposed:false
1047 silly fetch manifest @unrs/resolver-binding-wasm32-wasi@1.11.1
1048 silly packumentCache full:https://registry.npmjs.org/@unrs%2fresolver-binding-wasm32-wasi cache-miss
1049 http fetch GET 200 https://registry.npmjs.org/@unrs%2fresolver-binding-linux-arm-musleabihf 69ms (cache miss)
1050 silly packumentCache full:https://registry.npmjs.org/@unrs%2fresolver-binding-linux-arm-musleabihf set size:undefined disposed:false
1051 http fetch GET 200 https://registry.npmjs.org/@unrs%2fresolver-binding-linux-riscv64-gnu 68ms (cache miss)
1052 silly packumentCache full:https://registry.npmjs.org/@unrs%2fresolver-binding-linux-riscv64-gnu set size:undefined disposed:false
1053 http fetch GET 200 https://registry.npmjs.org/@unrs%2fresolver-binding-linux-arm-gnueabihf 79ms (cache miss)
1054 silly packumentCache full:https://registry.npmjs.org/@unrs%2fresolver-binding-linux-arm-gnueabihf set size:undefined disposed:false
1055 http fetch GET 200 https://registry.npmjs.org/@unrs%2fresolver-binding-linux-riscv64-musl 69ms (cache miss)
1056 silly packumentCache full:https://registry.npmjs.org/@unrs%2fresolver-binding-linux-riscv64-musl set size:undefined disposed:false
1057 http fetch GET 200 https://registry.npmjs.org/@unrs%2fresolver-binding-linux-s390x-gnu 58ms (cache miss)
1058 silly packumentCache full:https://registry.npmjs.org/@unrs%2fresolver-binding-linux-s390x-gnu set size:undefined disposed:false
1059 http fetch GET 200 https://registry.npmjs.org/@unrs%2fresolver-binding-darwin-x64 52ms (cache miss)
1060 silly packumentCache full:https://registry.npmjs.org/@unrs%2fresolver-binding-darwin-x64 set size:undefined disposed:false
1061 http fetch GET 200 https://registry.npmjs.org/@unrs%2fresolver-binding-linux-ppc64-gnu 89ms (cache miss)
1062 silly packumentCache full:https://registry.npmjs.org/@unrs%2fresolver-binding-linux-ppc64-gnu set size:undefined disposed:false
1063 http fetch GET 200 https://registry.npmjs.org/@unrs%2fresolver-binding-darwin-arm64 53ms (cache miss)
1064 silly packumentCache full:https://registry.npmjs.org/@unrs%2fresolver-binding-darwin-arm64 set size:undefined disposed:false
1065 http fetch GET 200 https://registry.npmjs.org/@unrs%2fresolver-binding-wasm32-wasi 64ms (cache miss)
1066 silly packumentCache full:https://registry.npmjs.org/@unrs%2fresolver-binding-wasm32-wasi set size:undefined disposed:false
1067 silly placeDep ROOT @rtsao/scc@1.1.0 OK for: eslint-plugin-import@2.32.0 want: ^1.1.0
1068 silly placeDep ROOT array-includes@3.1.9 OK for: eslint-plugin-import@2.32.0 want: ^3.1.9
1069 silly placeDep ROOT array.prototype.findlastindex@1.2.6 OK for: eslint-plugin-import@2.32.0 want: ^1.2.6
1070 silly placeDep ROOT array.prototype.flat@1.3.3 OK for: eslint-plugin-import@2.32.0 want: ^1.3.3
1071 silly placeDep ROOT array.prototype.flatmap@1.3.3 OK for: eslint-plugin-import@2.32.0 want: ^1.3.3
1072 silly placeDep node_modules/eslint-plugin-import debug@3.2.7 OK for: eslint-plugin-import@2.32.0 want: ^3.2.7
1073 silly placeDep ROOT doctrine@2.1.0 OK for: eslint-plugin-import@2.32.0 want: ^2.1.0
1074 silly placeDep ROOT eslint-module-utils@2.12.1 OK for: eslint-plugin-import@2.32.0 want: ^2.12.1
1075 silly placeDep ROOT hasown@2.0.2 OK for: eslint-plugin-import@2.32.0 want: ^2.0.2
1076 silly placeDep ROOT object.fromentries@2.0.8 OK for: eslint-plugin-import@2.32.0 want: ^2.0.8
1077 silly placeDep ROOT object.groupby@1.0.3 OK for: eslint-plugin-import@2.32.0 want: ^1.0.3
1078 silly placeDep ROOT object.values@1.2.1 OK for: eslint-plugin-import@2.32.0 want: ^1.2.1
1079 silly placeDep ROOT semver@6.3.1 OK for: eslint-plugin-import@2.32.0 want: ^6.3.1
1080 silly placeDep ROOT string.prototype.trimend@1.0.9 OK for: eslint-plugin-import@2.32.0 want: ^1.0.9
1081 silly placeDep ROOT tsconfig-paths@3.15.0 OK for: eslint-plugin-import@2.32.0 want: ^3.15.0
1082 silly fetch manifest call-bind@^1.0.8
1083 silly packumentCache full:https://registry.npmjs.org/call-bind cache-miss
1084 silly fetch manifest call-bound@^1.0.4
1085 silly packumentCache full:https://registry.npmjs.org/call-bound cache-miss
1086 silly fetch manifest define-properties@^1.2.1
1087 silly packumentCache full:https://registry.npmjs.org/define-properties cache-miss
1088 silly fetch manifest es-abstract@^1.24.0
1089 silly packumentCache full:https://registry.npmjs.org/es-abstract cache-miss
1090 silly fetch manifest es-object-atoms@^1.1.1
1091 silly packumentCache full:https://registry.npmjs.org/es-object-atoms cache-miss
1092 silly fetch manifest get-intrinsic@^1.3.0
1093 silly packumentCache full:https://registry.npmjs.org/get-intrinsic cache-miss
1094 silly fetch manifest is-string@^1.1.1
1095 silly packumentCache full:https://registry.npmjs.org/is-string cache-miss
1096 silly fetch manifest math-intrinsics@^1.1.0
1097 silly packumentCache full:https://registry.npmjs.org/math-intrinsics cache-miss
1098 silly fetch manifest call-bind@^1.0.8
1099 silly packumentCache full:https://registry.npmjs.org/call-bind cache-miss
1100 http fetch GET 200 https://registry.npmjs.org/get-intrinsic 46ms (cache miss)
1101 silly packumentCache full:https://registry.npmjs.org/get-intrinsic set size:undefined disposed:false
1102 silly fetch manifest call-bound@^1.0.4
1103 silly packumentCache full:https://registry.npmjs.org/call-bound cache-miss
1104 http fetch GET 200 https://registry.npmjs.org/call-bind 47ms (cache miss)
1105 silly packumentCache full:https://registry.npmjs.org/call-bind set size:undefined disposed:false
1106 silly fetch manifest define-properties@^1.2.1
1107 silly packumentCache full:https://registry.npmjs.org/define-properties cache-miss
1108 http fetch GET 200 https://registry.npmjs.org/call-bound 50ms (cache miss)
1109 silly packumentCache full:https://registry.npmjs.org/call-bound set size:undefined disposed:false
1110 silly fetch manifest es-abstract@^1.23.9
1111 silly packumentCache full:https://registry.npmjs.org/es-abstract cache-miss
1112 http fetch GET 200 https://registry.npmjs.org/define-properties 50ms (cache miss)
1113 silly packumentCache full:https://registry.npmjs.org/define-properties set size:undefined disposed:false
1114 silly fetch manifest es-errors@^1.3.0
1115 silly packumentCache full:https://registry.npmjs.org/es-errors cache-miss
1116 http fetch GET 200 https://registry.npmjs.org/es-object-atoms 51ms (cache miss)
1117 silly packumentCache full:https://registry.npmjs.org/es-object-atoms set size:undefined disposed:false
1118 silly fetch manifest es-shim-unscopables@^1.1.0
1119 silly packumentCache full:https://registry.npmjs.org/es-shim-unscopables cache-miss
1120 http fetch GET 200 https://registry.npmjs.org/call-bind 53ms (cache miss)
1121 silly packumentCache full:https://registry.npmjs.org/call-bind set size:undefined disposed:false
1122 silly fetch manifest es-abstract@^1.23.5
1123 silly packumentCache full:https://registry.npmjs.org/es-abstract cache-miss
1124 http fetch GET 200 https://registry.npmjs.org/es-abstract 53ms (cache miss)
1125 silly packumentCache full:https://registry.npmjs.org/es-abstract set size:undefined disposed:false
1126 silly fetch manifest es-shim-unscopables@^1.0.2
1127 silly packumentCache full:https://registry.npmjs.org/es-shim-unscopables cache-miss
1128 http fetch GET 200 https://registry.npmjs.org/is-string 61ms (cache miss)
1129 silly packumentCache full:https://registry.npmjs.org/is-string set size:undefined disposed:false
1130 silly fetch manifest es-abstract@^1.23.5
1131 silly packumentCache full:https://registry.npmjs.org/es-abstract cache-miss
1132 http cache https://registry.npmjs.org/es-abstract 1ms (cache hit)
1133 silly packumentCache full:https://registry.npmjs.org/es-abstract set size:378584 disposed:false
1134 silly fetch manifest es-shim-unscopables@^1.0.2
1135 silly packumentCache full:https://registry.npmjs.org/es-shim-unscopables cache-miss
1136 http fetch GET 200 https://registry.npmjs.org/math-intrinsics 65ms (cache miss)
1137 silly packumentCache full:https://registry.npmjs.org/math-intrinsics set size:undefined disposed:false
1138 silly fetch manifest function-bind@^1.1.2
1139 silly packumentCache full:https://registry.npmjs.org/function-bind cache-miss
1140 http fetch GET 200 https://registry.npmjs.org/call-bound 39ms (cache miss)
1141 silly packumentCache full:https://registry.npmjs.org/call-bound set size:undefined disposed:false
1142 silly fetch manifest call-bind@^1.0.7
1143 silly packumentCache full:https://registry.npmjs.org/call-bind cache-miss
1144 http cache https://registry.npmjs.org/call-bind 1ms (cache hit)
1145 silly packumentCache full:https://registry.npmjs.org/call-bind set size:30096 disposed:false
1146 silly fetch manifest es-abstract@^1.23.2
1147 silly packumentCache full:https://registry.npmjs.org/es-abstract cache-hit
1148 silly fetch manifest es-object-atoms@^1.0.0
1149 silly packumentCache full:https://registry.npmjs.org/es-object-atoms cache-miss
1150 http cache https://registry.npmjs.org/es-object-atoms 1ms (cache hit)
1151 silly packumentCache full:https://registry.npmjs.org/es-object-atoms set size:15304 disposed:false
1152 silly fetch manifest call-bound@^1.0.3
1153 silly packumentCache full:https://registry.npmjs.org/call-bound cache-miss
1154 http cache https://registry.npmjs.org/call-bound 1ms (cache hit)
1155 silly packumentCache full:https://registry.npmjs.org/call-bound set size:15317 disposed:false
1156 silly fetch manifest call-bound@^1.0.2
1157 silly packumentCache full:https://registry.npmjs.org/call-bound cache-hit
1158 silly fetch manifest json5@^1.0.2
1159 silly packumentCache full:https://registry.npmjs.org/json5 cache-miss
1160 http fetch GET 200 https://registry.npmjs.org/es-shim-unscopables 41ms (cache miss)
1161 silly packumentCache full:https://registry.npmjs.org/es-shim-unscopables set size:undefined disposed:false
1162 silly fetch manifest minimist@^1.2.6
1163 silly packumentCache full:https://registry.npmjs.org/minimist cache-miss
1164 http fetch GET 200 https://registry.npmjs.org/define-properties 45ms (cache miss)
1165 silly packumentCache full:https://registry.npmjs.org/define-properties set size:undefined disposed:false
1166 silly fetch manifest strip-bom@^3.0.0
1167 silly packumentCache full:https://registry.npmjs.org/strip-bom cache-miss
1168 http fetch GET 200 https://registry.npmjs.org/es-abstract 46ms (cache miss)
1169 silly packumentCache full:https://registry.npmjs.org/es-abstract set size:undefined disposed:false
1170 silly packumentCache full:https://registry.npmjs.org/es-abstract dispose
1171 silly fetch manifest @types/json5@^0.0.29
1172 silly packumentCache full:https://registry.npmjs.org/@types%2fjson5 cache-miss
1173 http fetch GET 200 https://registry.npmjs.org/es-shim-unscopables 49ms (cache miss)
1174 silly packumentCache full:https://registry.npmjs.org/es-shim-unscopables set size:undefined disposed:false
1175 http fetch GET 200 https://registry.npmjs.org/es-errors 54ms (cache miss)
1176 silly packumentCache full:https://registry.npmjs.org/es-errors set size:undefined disposed:false
1177 http fetch GET 200 https://registry.npmjs.org/es-abstract 58ms (cache miss)
1178 silly packumentCache full:https://registry.npmjs.org/es-abstract set size:undefined disposed:true
1179 http fetch GET 200 https://registry.npmjs.org/es-shim-unscopables 47ms (cache miss)
1180 silly packumentCache full:https://registry.npmjs.org/es-shim-unscopables set size:undefined disposed:false
1181 http fetch GET 200 https://registry.npmjs.org/function-bind 55ms (cache miss)
1182 silly packumentCache full:https://registry.npmjs.org/function-bind set size:undefined disposed:false
1183 http fetch GET 200 https://registry.npmjs.org/json5 37ms (cache miss)
1184 silly packumentCache full:https://registry.npmjs.org/json5 set size:undefined disposed:false
1185 http fetch GET 200 https://registry.npmjs.org/strip-bom 45ms (cache miss)
1186 silly packumentCache full:https://registry.npmjs.org/strip-bom set size:undefined disposed:false
1187 http fetch GET 200 https://registry.npmjs.org/minimist 63ms (cache miss)
1188 silly packumentCache full:https://registry.npmjs.org/minimist set size:undefined disposed:false
1189 http fetch GET 200 https://registry.npmjs.org/@types%2fjson5 82ms (cache miss)
1190 silly packumentCache full:https://registry.npmjs.org/@types%2fjson5 set size:undefined disposed:false
1191 silly placeDep ROOT call-bind@1.0.8 OK for: array-includes@3.1.9 want: ^1.0.8
1192 silly placeDep ROOT call-bound@1.0.4 OK for: array-includes@3.1.9 want: ^1.0.4
1193 silly placeDep ROOT define-properties@1.2.1 OK for: array-includes@3.1.9 want: ^1.2.1
1194 silly placeDep ROOT es-abstract@1.24.1 OK for: array-includes@3.1.9 want: ^1.24.0
1195 silly placeDep ROOT es-object-atoms@1.1.1 OK for: array-includes@3.1.9 want: ^1.1.1
1196 silly placeDep ROOT get-intrinsic@1.3.0 OK for: array-includes@3.1.9 want: ^1.3.0
1197 silly placeDep ROOT is-string@1.1.1 OK for: array-includes@3.1.9 want: ^1.1.1
1198 silly placeDep ROOT math-intrinsics@1.1.0 OK for: array-includes@3.1.9 want: ^1.1.0
1199 silly fetch manifest call-bind-apply-helpers@^1.0.0
1200 silly packumentCache full:https://registry.npmjs.org/call-bind-apply-helpers cache-miss
1201 silly fetch manifest es-define-property@^1.0.0
1202 silly packumentCache full:https://registry.npmjs.org/es-define-property cache-miss
1203 silly fetch manifest get-intrinsic@^1.2.4
1204 silly packumentCache full:https://registry.npmjs.org/get-intrinsic cache-miss
1205 silly fetch manifest set-function-length@^1.2.2
1206 silly packumentCache full:https://registry.npmjs.org/set-function-length cache-miss
1207 silly fetch manifest call-bind-apply-helpers@^1.0.2
1208 silly packumentCache full:https://registry.npmjs.org/call-bind-apply-helpers cache-miss
1209 silly fetch manifest define-data-property@^1.0.1
1210 silly packumentCache full:https://registry.npmjs.org/define-data-property cache-miss
1211 silly fetch manifest has-property-descriptors@^1.0.0
1212 silly packumentCache full:https://registry.npmjs.org/has-property-descriptors cache-miss
1213 silly fetch manifest object-keys@^1.1.1
1214 silly packumentCache full:https://registry.npmjs.org/object-keys cache-miss
1215 silly fetch manifest array-buffer-byte-length@^1.0.2
1216 silly packumentCache full:https://registry.npmjs.org/array-buffer-byte-length cache-miss
1217 http cache https://registry.npmjs.org/get-intrinsic 3ms (cache hit)
1218 silly packumentCache full:https://registry.npmjs.org/get-intrinsic set size:60985 disposed:false
1219 silly fetch manifest arraybuffer.prototype.slice@^1.0.4
1220 silly packumentCache full:https://registry.npmjs.org/arraybuffer.prototype.slice cache-miss
1221 http fetch GET 200 https://registry.npmjs.org/call-bind-apply-helpers 41ms (cache miss)
1222 silly packumentCache full:https://registry.npmjs.org/call-bind-apply-helpers set size:undefined disposed:false
1223 silly fetch manifest available-typed-arrays@^1.0.7
1224 silly packumentCache full:https://registry.npmjs.org/available-typed-arrays cache-miss
1225 http fetch GET 200 https://registry.npmjs.org/has-property-descriptors 45ms (cache miss)
1226 silly packumentCache full:https://registry.npmjs.org/has-property-descriptors set size:undefined disposed:false
1227 silly fetch manifest data-view-buffer@^1.0.2
1228 silly packumentCache full:https://registry.npmjs.org/data-view-buffer cache-miss
1229 http fetch GET 200 https://registry.npmjs.org/array-buffer-byte-length 45ms (cache miss)
1230 silly packumentCache full:https://registry.npmjs.org/array-buffer-byte-length set size:undefined disposed:false
1231 silly fetch manifest data-view-byte-length@^1.0.2
1232 silly packumentCache full:https://registry.npmjs.org/data-view-byte-length cache-miss
1233 http fetch GET 200 https://registry.npmjs.org/arraybuffer.prototype.slice 44ms (cache miss)
1234 silly packumentCache full:https://registry.npmjs.org/arraybuffer.prototype.slice set size:undefined disposed:false
1235 silly fetch manifest data-view-byte-offset@^1.0.1
1236 silly packumentCache full:https://registry.npmjs.org/data-view-byte-offset cache-miss
1237 http fetch GET 200 https://registry.npmjs.org/set-function-length 48ms (cache miss)
1238 silly packumentCache full:https://registry.npmjs.org/set-function-length set size:undefined disposed:false
1239 silly fetch manifest es-define-property@^1.0.1
1240 silly packumentCache full:https://registry.npmjs.org/es-define-property cache-miss
1241 http fetch GET 200 https://registry.npmjs.org/define-data-property 49ms (cache miss)
1242 silly packumentCache full:https://registry.npmjs.org/define-data-property set size:undefined disposed:false
1243 silly fetch manifest es-set-tostringtag@^2.1.0
1244 silly packumentCache full:https://registry.npmjs.org/es-set-tostringtag cache-miss
1245 http fetch GET 200 https://registry.npmjs.org/es-define-property 52ms (cache miss)
1246 silly packumentCache full:https://registry.npmjs.org/es-define-property set size:undefined disposed:false
1247 silly fetch manifest es-to-primitive@^1.3.0
1248 silly packumentCache full:https://registry.npmjs.org/es-to-primitive cache-miss
1249 http fetch GET 200 https://registry.npmjs.org/call-bind-apply-helpers 54ms (cache miss)
1250 silly packumentCache full:https://registry.npmjs.org/call-bind-apply-helpers set size:undefined disposed:false
1251 silly fetch manifest function.prototype.name@^1.1.8
1252 silly packumentCache full:https://registry.npmjs.org/function.prototype.name cache-miss
1253 http fetch GET 200 https://registry.npmjs.org/available-typed-arrays 39ms (cache miss)
1254 silly packumentCache full:https://registry.npmjs.org/available-typed-arrays set size:undefined disposed:false
1255 silly fetch manifest get-proto@^1.0.1
1256 silly packumentCache full:https://registry.npmjs.org/get-proto cache-miss
1257 http fetch GET 200 https://registry.npmjs.org/data-view-byte-offset 41ms (cache miss)
1258 silly packumentCache full:https://registry.npmjs.org/data-view-byte-offset set size:undefined disposed:false
1259 silly fetch manifest get-symbol-description@^1.1.0
1260 silly packumentCache full:https://registry.npmjs.org/get-symbol-description cache-miss
1261 http fetch GET 200 https://registry.npmjs.org/data-view-byte-length 46ms (cache miss)
1262 silly packumentCache full:https://registry.npmjs.org/data-view-byte-length set size:undefined disposed:false
1263 silly fetch manifest globalthis@^1.0.4
1264 silly packumentCache full:https://registry.npmjs.org/globalthis cache-miss
1265 http fetch GET 200 https://registry.npmjs.org/es-define-property 47ms (cache miss)
1266 silly packumentCache full:https://registry.npmjs.org/es-define-property set size:undefined disposed:false
1267 silly fetch manifest gopd@^1.2.0
1268 silly packumentCache full:https://registry.npmjs.org/gopd cache-miss
1269 http fetch GET 200 https://registry.npmjs.org/es-set-tostringtag 50ms (cache miss)
1270 silly packumentCache full:https://registry.npmjs.org/es-set-tostringtag set size:undefined disposed:false
1271 silly fetch manifest has-property-descriptors@^1.0.2
1272 silly packumentCache full:https://registry.npmjs.org/has-property-descriptors cache-miss
1273 http fetch GET 200 https://registry.npmjs.org/es-to-primitive 47ms (cache miss)
1274 silly packumentCache full:https://registry.npmjs.org/es-to-primitive set size:undefined disposed:false
1275 silly fetch manifest has-proto@^1.2.0
1276 silly packumentCache full:https://registry.npmjs.org/has-proto cache-miss
1277 http fetch GET 200 https://registry.npmjs.org/data-view-buffer 56ms (cache miss)
1278 silly packumentCache full:https://registry.npmjs.org/data-view-buffer set size:undefined disposed:false
1279 silly fetch manifest has-symbols@^1.1.0
1280 silly packumentCache full:https://registry.npmjs.org/has-symbols cache-miss
1281 http cache https://registry.npmjs.org/has-property-descriptors 5ms (cache hit)
1282 silly packumentCache full:https://registry.npmjs.org/has-property-descriptors set size:12452 disposed:false
1283 silly fetch manifest internal-slot@^1.1.0
1284 silly packumentCache full:https://registry.npmjs.org/internal-slot cache-miss
1285 http fetch GET 200 https://registry.npmjs.org/function.prototype.name 53ms (cache miss)
1286 silly packumentCache full:https://registry.npmjs.org/function.prototype.name set size:undefined disposed:false
1287 silly fetch manifest is-array-buffer@^3.0.5
1288 silly packumentCache full:https://registry.npmjs.org/is-array-buffer cache-miss
1289 http fetch GET 200 https://registry.npmjs.org/get-proto 37ms (cache miss)
1290 silly packumentCache full:https://registry.npmjs.org/get-proto set size:undefined disposed:false
1291 silly fetch manifest is-callable@^1.2.7
1292 silly packumentCache full:https://registry.npmjs.org/is-callable cache-miss
1293 http fetch GET 200 https://registry.npmjs.org/globalthis 46ms (cache miss)
1294 silly packumentCache full:https://registry.npmjs.org/globalthis set size:undefined disposed:false
1295 silly fetch manifest is-data-view@^1.0.2
1296 silly packumentCache full:https://registry.npmjs.org/is-data-view cache-miss
1297 http fetch GET 200 https://registry.npmjs.org/gopd 47ms (cache miss)
1298 silly packumentCache full:https://registry.npmjs.org/gopd set size:undefined disposed:false
1299 silly fetch manifest is-negative-zero@^2.0.3
1300 silly packumentCache full:https://registry.npmjs.org/is-negative-zero cache-miss
1301 http fetch GET 200 https://registry.npmjs.org/get-symbol-description 52ms (cache miss)
1302 silly packumentCache full:https://registry.npmjs.org/get-symbol-description set size:undefined disposed:false
1303 silly fetch manifest is-regex@^1.2.1
1304 silly packumentCache full:https://registry.npmjs.org/is-regex cache-miss
1305 http fetch GET 200 https://registry.npmjs.org/has-proto 43ms (cache miss)
1306 silly packumentCache full:https://registry.npmjs.org/has-proto set size:undefined disposed:false
1307 silly fetch manifest is-set@^2.0.3
1308 silly packumentCache full:https://registry.npmjs.org/is-set cache-miss
1309 http fetch GET 200 https://registry.npmjs.org/has-symbols 44ms (cache miss)
1310 silly packumentCache full:https://registry.npmjs.org/has-symbols set size:undefined disposed:false
1311 silly fetch manifest is-shared-array-buffer@^1.0.4
1312 silly packumentCache full:https://registry.npmjs.org/is-shared-array-buffer cache-miss
1313 http fetch GET 200 https://registry.npmjs.org/is-array-buffer 53ms (cache miss)
1314 silly packumentCache full:https://registry.npmjs.org/is-array-buffer set size:undefined disposed:false
1315 silly fetch manifest is-typed-array@^1.1.15
1316 silly packumentCache full:https://registry.npmjs.org/is-typed-array cache-miss
1317 http fetch GET 200 https://registry.npmjs.org/is-callable 45ms (cache miss)
1318 silly packumentCache full:https://registry.npmjs.org/is-callable set size:undefined disposed:false
1319 silly fetch manifest is-weakref@^1.1.1
1320 silly packumentCache full:https://registry.npmjs.org/is-weakref cache-miss
1321 http fetch GET 200 https://registry.npmjs.org/is-negative-zero 36ms (cache miss)
1322 silly packumentCache full:https://registry.npmjs.org/is-negative-zero set size:undefined disposed:false
1323 silly fetch manifest object-inspect@^1.13.4
1324 silly packumentCache full:https://registry.npmjs.org/object-inspect cache-miss
1325 http fetch GET 200 https://registry.npmjs.org/is-data-view 42ms (cache miss)
1326 silly packumentCache full:https://registry.npmjs.org/is-data-view set size:undefined disposed:false
1327 silly fetch manifest object-keys@^1.1.1
1328 silly packumentCache full:https://registry.npmjs.org/object-keys cache-miss
1329 http fetch GET 200 https://registry.npmjs.org/is-regex 41ms (cache miss)
1330 silly packumentCache full:https://registry.npmjs.org/is-regex set size:undefined disposed:false
1331 silly fetch manifest object.assign@^4.1.7
1332 silly packumentCache full:https://registry.npmjs.org/object.assign cache-miss
1333 http fetch GET 200 https://registry.npmjs.org/is-set 40ms (cache miss)
1334 silly packumentCache full:https://registry.npmjs.org/is-set set size:undefined disposed:false
1335 silly fetch manifest own-keys@^1.0.1
1336 silly packumentCache full:https://registry.npmjs.org/own-keys cache-miss
1337 http fetch GET 200 https://registry.npmjs.org/is-shared-array-buffer 42ms (cache miss)
1338 silly packumentCache full:https://registry.npmjs.org/is-shared-array-buffer set size:undefined disposed:false
1339 silly fetch manifest regexp.prototype.flags@^1.5.4
1340 silly packumentCache full:https://registry.npmjs.org/regexp.prototype.flags cache-miss
1341 http fetch GET 200 https://registry.npmjs.org/object-inspect 31ms (cache miss)
1342 silly packumentCache full:https://registry.npmjs.org/object-inspect set size:undefined disposed:false
1343 silly fetch manifest safe-array-concat@^1.1.3
1344 silly packumentCache full:https://registry.npmjs.org/safe-array-concat cache-miss
1345 http fetch GET 200 https://registry.npmjs.org/internal-slot 106ms (cache miss)
1346 silly packumentCache full:https://registry.npmjs.org/internal-slot set size:undefined disposed:false
1347 silly fetch manifest safe-push-apply@^1.0.0
1348 silly packumentCache full:https://registry.npmjs.org/safe-push-apply cache-miss
1349 http fetch GET 200 https://registry.npmjs.org/is-typed-array 53ms (cache miss)
1350 silly packumentCache full:https://registry.npmjs.org/is-typed-array set size:undefined disposed:false
1351 silly fetch manifest safe-regex-test@^1.1.0
1352 silly packumentCache full:https://registry.npmjs.org/safe-regex-test cache-miss
1353 http cache https://registry.npmjs.org/safe-regex-test 1ms (cache hit)
1354 silly packumentCache full:https://registry.npmjs.org/safe-regex-test set size:17412 disposed:false
1355 silly fetch manifest set-proto@^1.0.0
1356 silly packumentCache full:https://registry.npmjs.org/set-proto cache-miss
1357 http fetch GET 200 https://registry.npmjs.org/is-weakref 53ms (cache miss)
1358 silly packumentCache full:https://registry.npmjs.org/is-weakref set size:undefined disposed:false
1359 silly fetch manifest stop-iteration-iterator@^1.1.0
1360 silly packumentCache full:https://registry.npmjs.org/stop-iteration-iterator cache-miss
1361 http fetch GET 200 https://registry.npmjs.org/object.assign 49ms (cache miss)
1362 silly packumentCache full:https://registry.npmjs.org/object.assign set size:undefined disposed:false
1363 silly fetch manifest string.prototype.trim@^1.2.10
1364 silly packumentCache full:https://registry.npmjs.org/string.prototype.trim cache-miss
1365 http fetch GET 200 https://registry.npmjs.org/object-keys 242ms (cache miss)
1366 silly packumentCache full:https://registry.npmjs.org/object-keys set size:undefined disposed:false
1367 silly fetch manifest string.prototype.trimstart@^1.0.8
1368 silly packumentCache full:https://registry.npmjs.org/string.prototype.trimstart cache-miss
1369 http fetch GET 200 https://registry.npmjs.org/regexp.prototype.flags 54ms (cache miss)
1370 silly packumentCache full:https://registry.npmjs.org/regexp.prototype.flags set size:undefined disposed:false
1371 silly fetch manifest typed-array-buffer@^1.0.3
1372 silly packumentCache full:https://registry.npmjs.org/typed-array-buffer cache-miss
1373 http fetch GET 200 https://registry.npmjs.org/set-proto 37ms (cache miss)
1374 silly packumentCache full:https://registry.npmjs.org/set-proto set size:undefined disposed:false
1375 silly fetch manifest typed-array-byte-length@^1.0.3
1376 silly packumentCache full:https://registry.npmjs.org/typed-array-byte-length cache-miss
1377 http fetch GET 200 https://registry.npmjs.org/safe-array-concat 42ms (cache miss)
1378 silly packumentCache full:https://registry.npmjs.org/safe-array-concat set size:undefined disposed:false
1379 silly fetch manifest typed-array-byte-offset@^1.0.4
1380 silly packumentCache full:https://registry.npmjs.org/typed-array-byte-offset cache-miss
1381 http fetch GET 200 https://registry.npmjs.org/safe-push-apply 45ms (cache miss)
1382 silly packumentCache full:https://registry.npmjs.org/safe-push-apply set size:undefined disposed:false
1383 silly fetch manifest typed-array-length@^1.0.7
1384 silly packumentCache full:https://registry.npmjs.org/typed-array-length cache-miss
1385 http fetch GET 200 https://registry.npmjs.org/own-keys 77ms (cache miss)
1386 silly packumentCache full:https://registry.npmjs.org/own-keys set size:undefined disposed:false
1387 silly fetch manifest unbox-primitive@^1.1.0
1388 silly packumentCache full:https://registry.npmjs.org/unbox-primitive cache-miss
1389 http fetch GET 200 https://registry.npmjs.org/stop-iteration-iterator 48ms (cache miss)
1390 silly packumentCache full:https://registry.npmjs.org/stop-iteration-iterator set size:undefined disposed:false
1391 silly fetch manifest which-typed-array@^1.1.19
1392 silly packumentCache full:https://registry.npmjs.org/which-typed-array cache-miss
1393 http fetch GET 200 https://registry.npmjs.org/string.prototype.trimstart 41ms (cache miss)
1394 silly packumentCache full:https://registry.npmjs.org/string.prototype.trimstart set size:undefined disposed:false
1395 silly fetch manifest has-tostringtag@^1.0.2
1396 silly packumentCache full:https://registry.npmjs.org/has-tostringtag cache-miss
1397 http fetch GET 200 https://registry.npmjs.org/typed-array-buffer 50ms (cache miss)
1398 silly packumentCache full:https://registry.npmjs.org/typed-array-buffer set size:undefined disposed:false
1399 http fetch GET 200 https://registry.npmjs.org/typed-array-byte-length 44ms (cache miss)
1400 silly packumentCache full:https://registry.npmjs.org/typed-array-byte-length set size:undefined disposed:false
1401 http fetch GET 200 https://registry.npmjs.org/typed-array-byte-offset 45ms (cache miss)
1402 silly packumentCache full:https://registry.npmjs.org/typed-array-byte-offset set size:undefined disposed:false
1403 http fetch GET 200 https://registry.npmjs.org/typed-array-length 48ms (cache miss)
1404 silly packumentCache full:https://registry.npmjs.org/typed-array-length set size:undefined disposed:false
1405 http fetch GET 200 https://registry.npmjs.org/string.prototype.trim 73ms (cache miss)
1406 silly packumentCache full:https://registry.npmjs.org/string.prototype.trim set size:undefined disposed:false
1407 http fetch GET 200 https://registry.npmjs.org/unbox-primitive 46ms (cache miss)
1408 silly packumentCache full:https://registry.npmjs.org/unbox-primitive set size:undefined disposed:false
1409 http fetch GET 200 https://registry.npmjs.org/which-typed-array 47ms (cache miss)
1410 silly packumentCache full:https://registry.npmjs.org/which-typed-array set size:undefined disposed:false
1411 http fetch GET 200 https://registry.npmjs.org/has-tostringtag 40ms (cache miss)
1412 silly packumentCache full:https://registry.npmjs.org/has-tostringtag set size:undefined disposed:false
1413 http fetch GET 200 https://registry.npmjs.org/object-keys 236ms (cache miss)
1414 silly packumentCache full:https://registry.npmjs.org/object-keys set size:undefined disposed:false
1415 silly placeDep ROOT es-errors@1.3.0 OK for: array.prototype.findlastindex@1.2.6 want: ^1.3.0
1416 silly placeDep ROOT es-shim-unscopables@1.1.0 OK for: array.prototype.findlastindex@1.2.6 want: ^1.1.0
1417 silly placeDep ROOT call-bind-apply-helpers@1.0.2 OK for: call-bind@1.0.8 want: ^1.0.0
1418 silly placeDep ROOT es-define-property@1.0.1 OK for: call-bind@1.0.8 want: ^1.0.0
1419 silly placeDep ROOT set-function-length@1.2.2 OK for: call-bind@1.0.8 want: ^1.2.2
1420 silly fetch manifest define-data-property@^1.1.4
1421 silly packumentCache full:https://registry.npmjs.org/define-data-property cache-miss
1422 silly fetch manifest gopd@^1.0.1
1423 silly packumentCache full:https://registry.npmjs.org/gopd cache-miss
1424 http cache https://registry.npmjs.org/define-data-property 1ms (cache hit)
1425 silly packumentCache full:https://registry.npmjs.org/define-data-property set size:28048 disposed:false
1426 http cache https://registry.npmjs.org/gopd 1ms (cache hit)
1427 silly packumentCache full:https://registry.npmjs.org/gopd set size:11458 disposed:false
1428 silly placeDep ROOT function-bind@1.1.2 OK for: call-bind-apply-helpers@1.0.2 want: ^1.1.2
1429 silly placeDep ROOT define-data-property@1.1.4 OK for: define-properties@1.2.1 want: ^1.0.1
1430 silly placeDep ROOT has-property-descriptors@1.0.2 OK for: define-properties@1.2.1 want: ^1.0.0
1431 silly placeDep ROOT object-keys@1.1.1 OK for: define-properties@1.2.1 want: ^1.1.1
1432 silly placeDep ROOT gopd@1.2.0 OK for: define-data-property@1.1.4 want: ^1.0.1
1433 silly placeDep ROOT array-buffer-byte-length@1.0.2 OK for: es-abstract@1.24.1 want: ^1.0.2
1434 silly placeDep ROOT arraybuffer.prototype.slice@1.0.4 OK for: es-abstract@1.24.1 want: ^1.0.4
1435 silly placeDep ROOT available-typed-arrays@1.0.7 OK for: es-abstract@1.24.1 want: ^1.0.7
1436 silly placeDep ROOT data-view-buffer@1.0.2 OK for: es-abstract@1.24.1 want: ^1.0.2
1437 silly placeDep ROOT data-view-byte-length@1.0.2 OK for: es-abstract@1.24.1 want: ^1.0.2
1438 silly placeDep ROOT data-view-byte-offset@1.0.1 OK for: es-abstract@1.24.1 want: ^1.0.1
1439 silly placeDep ROOT es-set-tostringtag@2.1.0 OK for: es-abstract@1.24.1 want: ^2.1.0
1440 silly placeDep ROOT es-to-primitive@1.3.0 OK for: es-abstract@1.24.1 want: ^1.3.0
1441 silly placeDep ROOT function.prototype.name@1.1.8 OK for: es-abstract@1.24.1 want: ^1.1.8
1442 silly placeDep ROOT get-proto@1.0.1 OK for: es-abstract@1.24.1 want: ^1.0.1
1443 silly placeDep ROOT get-symbol-description@1.1.0 OK for: es-abstract@1.24.1 want: ^1.1.0
1444 silly placeDep ROOT globalthis@1.0.4 OK for: es-abstract@1.24.1 want: ^1.0.4
1445 silly placeDep ROOT has-proto@1.2.0 OK for: es-abstract@1.24.1 want: ^1.2.0
1446 silly placeDep ROOT has-symbols@1.1.0 OK for: es-abstract@1.24.1 want: ^1.1.0
1447 silly placeDep ROOT internal-slot@1.1.0 OK for: es-abstract@1.24.1 want: ^1.1.0
1448 silly placeDep ROOT is-array-buffer@3.0.5 OK for: es-abstract@1.24.1 want: ^3.0.5
1449 silly placeDep ROOT is-callable@1.2.7 OK for: es-abstract@1.24.1 want: ^1.2.7
1450 silly placeDep ROOT is-data-view@1.0.2 OK for: es-abstract@1.24.1 want: ^1.0.2
1451 silly placeDep ROOT is-negative-zero@2.0.3 OK for: es-abstract@1.24.1 want: ^2.0.3
1452 silly placeDep ROOT is-regex@1.2.1 OK for: es-abstract@1.24.1 want: ^1.2.1
1453 silly placeDep ROOT is-set@2.0.3 OK for: es-abstract@1.24.1 want: ^2.0.3
1454 silly placeDep ROOT is-shared-array-buffer@1.0.4 OK for: es-abstract@1.24.1 want: ^1.0.4
1455 silly placeDep ROOT is-typed-array@1.1.15 OK for: es-abstract@1.24.1 want: ^1.1.15
1456 silly placeDep ROOT is-weakref@1.1.1 OK for: es-abstract@1.24.1 want: ^1.1.1
1457 silly placeDep ROOT object-inspect@1.13.4 OK for: es-abstract@1.24.1 want: ^1.13.4
1458 silly placeDep ROOT object.assign@4.1.7 OK for: es-abstract@1.24.1 want: ^4.1.7
1459 silly placeDep ROOT own-keys@1.0.1 OK for: es-abstract@1.24.1 want: ^1.0.1
1460 silly placeDep ROOT regexp.prototype.flags@1.5.4 OK for: es-abstract@1.24.1 want: ^1.5.4
1461 silly placeDep ROOT safe-array-concat@1.1.3 OK for: es-abstract@1.24.1 want: ^1.1.3
1462 silly placeDep ROOT safe-push-apply@1.0.0 OK for: es-abstract@1.24.1 want: ^1.0.0
1463 silly placeDep ROOT safe-regex-test@1.1.0 OK for: es-abstract@1.24.1 want: ^1.1.0
1464 silly placeDep ROOT set-proto@1.0.0 OK for: es-abstract@1.24.1 want: ^1.0.0
1465 silly placeDep ROOT stop-iteration-iterator@1.1.0 OK for: es-abstract@1.24.1 want: ^1.1.0
1466 silly placeDep ROOT string.prototype.trim@1.2.10 OK for: es-abstract@1.24.1 want: ^1.2.10
1467 silly placeDep ROOT string.prototype.trimstart@1.0.8 OK for: es-abstract@1.24.1 want: ^1.0.8
1468 silly placeDep ROOT typed-array-buffer@1.0.3 OK for: es-abstract@1.24.1 want: ^1.0.3
1469 silly placeDep ROOT typed-array-byte-length@1.0.3 OK for: es-abstract@1.24.1 want: ^1.0.3
1470 silly placeDep ROOT typed-array-byte-offset@1.0.4 OK for: es-abstract@1.24.1 want: ^1.0.4
1471 silly placeDep ROOT typed-array-length@1.0.7 OK for: es-abstract@1.24.1 want: ^1.0.7
1472 silly placeDep ROOT unbox-primitive@1.1.0 OK for: es-abstract@1.24.1 want: ^1.1.0
1473 silly placeDep ROOT which-typed-array@1.1.19 OK for: es-abstract@1.24.1 want: ^1.1.19
1474 silly fetch manifest is-array-buffer@^3.0.4
1475 silly packumentCache full:https://registry.npmjs.org/is-array-buffer cache-miss
1476 silly fetch manifest possible-typed-array-names@^1.0.0
1477 silly packumentCache full:https://registry.npmjs.org/possible-typed-array-names cache-miss
1478 silly fetch manifest is-data-view@^1.0.1
1479 silly packumentCache full:https://registry.npmjs.org/is-data-view cache-miss
1480 silly fetch manifest is-date-object@^1.0.5
1481 silly packumentCache full:https://registry.npmjs.org/is-date-object cache-miss
1482 silly fetch manifest is-symbol@^1.0.4
1483 silly packumentCache full:https://registry.npmjs.org/is-symbol cache-miss
1484 silly fetch manifest functions-have-names@^1.2.3
1485 silly packumentCache full:https://registry.npmjs.org/functions-have-names cache-miss
1486 silly fetch manifest dunder-proto@^1.0.1
1487 silly packumentCache full:https://registry.npmjs.org/dunder-proto cache-miss
1488 silly fetch manifest dunder-proto@^1.0.0
1489 silly packumentCache full:https://registry.npmjs.org/dunder-proto cache-miss
1490 silly fetch manifest side-channel@^1.1.0
1491 silly packumentCache full:https://registry.npmjs.org/side-channel cache-miss
1492 http cache https://registry.npmjs.org/is-array-buffer 2ms (cache hit)
1493 silly packumentCache full:https://registry.npmjs.org/is-array-buffer set size:33562 disposed:false
1494 silly fetch manifest is-typed-array@^1.1.13
1495 silly packumentCache full:https://registry.npmjs.org/is-typed-array cache-miss
1496 http cache https://registry.npmjs.org/is-data-view 3ms (cache hit)
1497 silly packumentCache full:https://registry.npmjs.org/is-data-view set size:13756 disposed:false
1498 silly fetch manifest which-typed-array@^1.1.16
1499 silly packumentCache full:https://registry.npmjs.org/which-typed-array cache-miss
1500 http cache https://registry.npmjs.org/which-typed-array 1ms (cache hit)
1501 silly packumentCache full:https://registry.npmjs.org/which-typed-array set size:89701 disposed:false
1502 silly fetch manifest set-function-name@^2.0.2
1503 silly packumentCache full:https://registry.npmjs.org/set-function-name cache-miss
1504 http cache https://registry.npmjs.org/is-typed-array 1ms (cache hit)
1505 silly packumentCache full:https://registry.npmjs.org/is-typed-array set size:79965 disposed:false
1506 silly fetch manifest isarray@^2.0.5
1507 silly packumentCache full:https://registry.npmjs.org/isarray cache-miss
1508 http fetch GET 200 https://registry.npmjs.org/possible-typed-array-names 40ms (cache miss)
1509 silly packumentCache full:https://registry.npmjs.org/possible-typed-array-names set size:undefined disposed:false
1510 silly fetch manifest isarray@^2.0.5
1511 silly packumentCache full:https://registry.npmjs.org/isarray cache-miss
1512 http fetch GET 200 https://registry.npmjs.org/is-date-object 42ms (cache miss)
1513 silly packumentCache full:https://registry.npmjs.org/is-date-object set size:undefined disposed:false
1514 silly fetch manifest dunder-proto@^1.0.1
1515 silly packumentCache full:https://registry.npmjs.org/dunder-proto cache-miss
1516 http fetch GET 200 https://registry.npmjs.org/functions-have-names 43ms (cache miss)
1517 silly packumentCache full:https://registry.npmjs.org/functions-have-names set size:undefined disposed:false
1518 silly fetch manifest for-each@^0.3.3
1519 silly packumentCache full:https://registry.npmjs.org/for-each cache-miss
1520 http fetch GET 200 https://registry.npmjs.org/is-symbol 44ms (cache miss)
1521 silly packumentCache full:https://registry.npmjs.org/is-symbol set size:undefined disposed:false
1522 silly fetch manifest for-each@^0.3.3
1523 silly packumentCache full:https://registry.npmjs.org/for-each cache-miss
1524 http fetch GET 200 https://registry.npmjs.org/dunder-proto 49ms (cache miss)
1525 silly packumentCache full:https://registry.npmjs.org/dunder-proto set size:undefined disposed:false
1526 silly fetch manifest reflect.getprototypeof@^1.0.9
1527 silly packumentCache full:https://registry.npmjs.org/reflect.getprototypeof cache-miss
1528 http fetch GET 200 https://registry.npmjs.org/set-function-name 47ms (cache miss)
1529 silly packumentCache full:https://registry.npmjs.org/set-function-name set size:undefined disposed:false
1530 silly fetch manifest for-each@^0.3.3
1531 silly packumentCache full:https://registry.npmjs.org/for-each cache-miss
1532 http fetch GET 200 https://registry.npmjs.org/dunder-proto 54ms (cache miss)
1533 silly packumentCache full:https://registry.npmjs.org/dunder-proto set size:undefined disposed:false
1534 silly fetch manifest reflect.getprototypeof@^1.0.6
1535 silly packumentCache full:https://registry.npmjs.org/reflect.getprototypeof cache-miss
1536 http fetch GET 200 https://registry.npmjs.org/isarray 50ms (cache miss)
1537 silly packumentCache full:https://registry.npmjs.org/isarray set size:undefined disposed:false
1538 silly fetch manifest has-bigints@^1.0.2
1539 silly packumentCache full:https://registry.npmjs.org/has-bigints cache-miss
1540 http fetch GET 200 https://registry.npmjs.org/isarray 31ms (cache miss)
1541 silly packumentCache full:https://registry.npmjs.org/isarray set size:undefined disposed:false
1542 silly fetch manifest which-boxed-primitive@^1.1.1
1543 silly packumentCache full:https://registry.npmjs.org/which-boxed-primitive cache-miss
1544 http fetch GET 200 https://registry.npmjs.org/dunder-proto 48ms (cache miss)
1545 silly packumentCache full:https://registry.npmjs.org/dunder-proto set size:undefined disposed:false
1546 silly fetch manifest for-each@^0.3.5
1547 silly packumentCache full:https://registry.npmjs.org/for-each cache-miss
1548 http fetch GET 200 https://registry.npmjs.org/for-each 48ms (cache miss)
1549 silly packumentCache full:https://registry.npmjs.org/for-each set size:undefined disposed:false
1550 http fetch GET 200 https://registry.npmjs.org/reflect.getprototypeof 42ms (cache miss)
1551 silly packumentCache full:https://registry.npmjs.org/reflect.getprototypeof set size:undefined disposed:false
1552 http fetch GET 200 https://registry.npmjs.org/for-each 48ms (cache miss)
1553 silly packumentCache full:https://registry.npmjs.org/for-each set size:undefined disposed:false
1554 http cache https://registry.npmjs.org/for-each 2ms (cache hit)
1555 silly packumentCache full:https://registry.npmjs.org/for-each set size:14327 disposed:false
1556 http fetch GET 200 https://registry.npmjs.org/for-each 47ms (cache miss)
1557 silly packumentCache full:https://registry.npmjs.org/for-each set size:undefined disposed:false
1558 silly packumentCache full:https://registry.npmjs.org/for-each dispose
1559 http fetch GET 200 https://registry.npmjs.org/has-bigints 48ms (cache miss)
1560 silly packumentCache full:https://registry.npmjs.org/has-bigints set size:undefined disposed:false
1561 http fetch GET 200 https://registry.npmjs.org/reflect.getprototypeof 63ms (cache miss)
1562 silly packumentCache full:https://registry.npmjs.org/reflect.getprototypeof set size:undefined disposed:false
1563 http fetch GET 200 https://registry.npmjs.org/which-boxed-primitive 52ms (cache miss)
1564 silly packumentCache full:https://registry.npmjs.org/which-boxed-primitive set size:undefined disposed:false
1565 http fetch GET 200 https://registry.npmjs.org/side-channel 129ms (cache miss)
1566 silly packumentCache full:https://registry.npmjs.org/side-channel set size:undefined disposed:false
1567 silly placeDep ROOT possible-typed-array-names@1.1.0 OK for: available-typed-arrays@1.0.7 want: ^1.0.0
1568 silly placeDep ROOT has-tostringtag@1.0.2 OK for: es-set-tostringtag@2.1.0 want: ^1.0.2
1569 silly placeDep ROOT is-date-object@1.1.0 OK for: es-to-primitive@1.3.0 want: ^1.0.5
1570 silly placeDep ROOT is-symbol@1.1.1 OK for: es-to-primitive@1.3.0 want: ^1.0.4
1571 silly placeDep node_modules/eslint-module-utils debug@3.2.7 OK for: eslint-module-utils@2.12.1 want: ^3.2.7
1572 silly placeDep ROOT aria-query@5.3.2 OK for: eslint-plugin-jsx-a11y@6.10.2 want: ^5.3.2
1573 silly placeDep ROOT ast-types-flow@0.0.8 OK for: eslint-plugin-jsx-a11y@6.10.2 want: ^0.0.8
1574 silly placeDep ROOT axe-core@4.11.0 OK for: eslint-plugin-jsx-a11y@6.10.2 want: ^4.10.0
1575 silly placeDep ROOT axobject-query@4.1.0 OK for: eslint-plugin-jsx-a11y@6.10.2 want: ^4.1.0
1576 silly placeDep ROOT damerau-levenshtein@1.0.8 OK for: eslint-plugin-jsx-a11y@6.10.2 want: ^1.0.8
1577 silly placeDep ROOT emoji-regex@9.2.2 OK for: eslint-plugin-jsx-a11y@6.10.2 want: ^9.2.2
1578 silly placeDep ROOT jsx-ast-utils@3.3.5 OK for: eslint-plugin-jsx-a11y@6.10.2 want: ^3.3.5
1579 silly placeDep ROOT language-tags@1.0.9 OK for: eslint-plugin-jsx-a11y@6.10.2 want: ^1.0.9
1580 silly placeDep ROOT string.prototype.includes@2.0.1 OK for: eslint-plugin-jsx-a11y@6.10.2 want: ^2.0.1
1581 silly fetch manifest language-subtag-registry@^0.3.20
1582 silly packumentCache full:https://registry.npmjs.org/language-subtag-registry cache-miss
1583 http fetch GET 200 https://registry.npmjs.org/language-subtag-registry 47ms (cache miss)
1584 silly packumentCache full:https://registry.npmjs.org/language-subtag-registry set size:undefined disposed:false
1585 silly placeDep ROOT array.prototype.findlast@1.2.5 OK for: eslint-plugin-react@7.37.5 want: ^1.2.5
1586 silly placeDep ROOT array.prototype.tosorted@1.1.4 OK for: eslint-plugin-react@7.37.5 want: ^1.1.4
1587 silly placeDep ROOT es-iterator-helpers@1.2.2 OK for: eslint-plugin-react@7.37.5 want: ^1.2.1
1588 silly placeDep ROOT estraverse@5.3.0 OK for: eslint-plugin-react@7.37.5 want: ^5.3.0
1589 silly placeDep ROOT object.entries@1.1.9 OK for: eslint-plugin-react@7.37.5 want: ^1.1.9
1590 silly placeDep ROOT prop-types@15.8.1 OK for: eslint-plugin-react@7.37.5 want: ^15.8.1
1591 silly placeDep node_modules/eslint-plugin-react resolve@2.0.0-next.5 OK for: eslint-plugin-react@7.37.5 want: ^2.0.0-next.5
1592 silly placeDep ROOT string.prototype.matchall@4.0.12 OK for: eslint-plugin-react@7.37.5 want: ^4.0.12
1593 silly placeDep ROOT string.prototype.repeat@1.0.0 OK for: eslint-plugin-react@7.37.5 want: ^1.0.0
1594 silly fetch manifest iterator.prototype@^1.1.5
1595 silly packumentCache full:https://registry.npmjs.org/iterator.prototype cache-miss
1596 silly fetch manifest loose-envify@^1.4.0
1597 silly packumentCache full:https://registry.npmjs.org/loose-envify cache-miss
1598 silly fetch manifest object-assign@^4.1.1
1599 silly packumentCache full:https://registry.npmjs.org/object-assign cache-miss
1600 silly fetch manifest react-is@^16.13.1
1601 silly packumentCache full:https://registry.npmjs.org/react-is cache-miss
1602 http fetch GET 200 https://registry.npmjs.org/iterator.prototype 30ms (cache miss)
1603 silly packumentCache full:https://registry.npmjs.org/iterator.prototype set size:undefined disposed:false
1604 http fetch GET 200 https://registry.npmjs.org/object-assign 36ms (cache miss)
1605 silly packumentCache full:https://registry.npmjs.org/object-assign set size:undefined disposed:false
1606 http fetch GET 200 https://registry.npmjs.org/loose-envify 40ms (cache miss)
1607 silly packumentCache full:https://registry.npmjs.org/loose-envify set size:undefined disposed:false
1608 http fetch GET 200 https://registry.npmjs.org/react-is 157ms (cache miss)
1609 silly packumentCache full:https://registry.npmjs.org/react-is set size:undefined disposed:false
1610 silly placeDep ROOT iterator.prototype@1.1.5 OK for: es-iterator-helpers@1.2.2 want: ^1.1.5
1611 silly placeDep ROOT @babel/core@7.28.5 OK for: eslint-plugin-react-hooks@7.0.1 want: ^7.24.4
1612 silly placeDep ROOT @babel/parser@7.28.5 OK for: eslint-plugin-react-hooks@7.0.1 want: ^7.24.4
1613 silly placeDep ROOT hermes-parser@0.25.1 OK for: eslint-plugin-react-hooks@7.0.1 want: ^0.25.1
1614 silly placeDep ROOT zod@4.2.1 OK for: eslint-plugin-react-hooks@7.0.1 want: ^3.25.0 || ^4.0.0
1615 silly placeDep ROOT zod-validation-error@4.0.2 OK for: eslint-plugin-react-hooks@7.0.1 want: ^3.5.0 || ^4.0.0
1616 silly fetch manifest @babel/code-frame@^7.27.1
1617 silly packumentCache full:https://registry.npmjs.org/@babel%2fcode-frame cache-miss
1618 silly fetch manifest @babel/generator@^7.28.5
1619 silly packumentCache full:https://registry.npmjs.org/@babel%2fgenerator cache-miss
1620 silly fetch manifest @babel/helper-compilation-targets@^7.27.2
1621 silly packumentCache full:https://registry.npmjs.org/@babel%2fhelper-compilation-targets cache-miss
1622 silly fetch manifest @babel/helper-module-transforms@^7.28.3
1623 silly packumentCache full:https://registry.npmjs.org/@babel%2fhelper-module-transforms cache-miss
1624 silly fetch manifest @babel/helpers@^7.28.4
1625 silly packumentCache full:https://registry.npmjs.org/@babel%2fhelpers cache-miss
1626 silly fetch manifest @babel/parser@^7.28.5
1627 silly packumentCache full:https://registry.npmjs.org/@babel%2fparser cache-miss
1628 silly fetch manifest @babel/template@^7.27.2
1629 silly packumentCache full:https://registry.npmjs.org/@babel%2ftemplate cache-miss
1630 silly fetch manifest @babel/traverse@^7.28.5
1631 silly packumentCache full:https://registry.npmjs.org/@babel%2ftraverse cache-miss
1632 silly fetch manifest @babel/types@^7.28.5
1633 silly packumentCache full:https://registry.npmjs.org/@babel%2ftypes cache-miss
1634 http cache https://registry.npmjs.org/@babel%2fparser 3ms (cache hit)
1635 silly packumentCache full:https://registry.npmjs.org/@babel%2fparser set size:702781 disposed:false
1636 silly fetch manifest @jridgewell/remapping@^2.3.5
1637 silly packumentCache full:https://registry.npmjs.org/@jridgewell%2fremapping cache-miss
1638 http fetch GET 200 https://registry.npmjs.org/@babel%2fcode-frame 52ms (cache miss)
1639 silly packumentCache full:https://registry.npmjs.org/@babel%2fcode-frame set size:undefined disposed:false
1640 silly fetch manifest convert-source-map@^2.0.0
1641 silly packumentCache full:https://registry.npmjs.org/convert-source-map cache-miss
1642 http fetch GET 200 https://registry.npmjs.org/@babel%2ftemplate 55ms (cache miss)
1643 silly packumentCache full:https://registry.npmjs.org/@babel%2ftemplate set size:undefined disposed:false
1644 silly fetch manifest gensync@^1.0.0-beta.2
1645 silly packumentCache full:https://registry.npmjs.org/gensync cache-miss
1646 http fetch GET 200 https://registry.npmjs.org/@babel%2fgenerator 56ms (cache miss)
1647 silly packumentCache full:https://registry.npmjs.org/@babel%2fgenerator set size:undefined disposed:false
1648 silly fetch manifest json5@^2.2.3
1649 silly packumentCache full:https://registry.npmjs.org/json5 cache-miss
1650 http cache https://registry.npmjs.org/json5 1ms (cache hit)
1651 silly packumentCache full:https://registry.npmjs.org/json5 set size:86136 disposed:false
1652 silly fetch manifest @babel/types@^7.28.5
1653 silly packumentCache full:https://registry.npmjs.org/@babel%2ftypes cache-miss
1654 http fetch GET 200 https://registry.npmjs.org/@babel%2ftraverse 63ms (cache miss)
1655 silly packumentCache full:https://registry.npmjs.org/@babel%2ftraverse set size:undefined disposed:false
1656 silly fetch manifest hermes-estree@0.25.1
1657 silly packumentCache full:https://registry.npmjs.org/hermes-estree cache-miss
1658 http fetch GET 200 https://registry.npmjs.org/@babel%2fhelper-compilation-targets 64ms (cache miss)
1659 silly packumentCache full:https://registry.npmjs.org/@babel%2fhelper-compilation-targets set size:undefined disposed:false
1660 http fetch GET 200 https://registry.npmjs.org/@babel%2fhelper-module-transforms 71ms (cache miss)
1661 silly packumentCache full:https://registry.npmjs.org/@babel%2fhelper-module-transforms set size:undefined disposed:false
1662 http fetch GET 200 https://registry.npmjs.org/@jridgewell%2fremapping 66ms (cache miss)
1663 silly packumentCache full:https://registry.npmjs.org/@jridgewell%2fremapping set size:undefined disposed:false
1664 http fetch GET 200 https://registry.npmjs.org/@babel%2fhelpers 78ms (cache miss)
1665 silly packumentCache full:https://registry.npmjs.org/@babel%2fhelpers set size:undefined disposed:false
1666 http fetch GET 200 https://registry.npmjs.org/gensync 39ms (cache miss)
1667 silly packumentCache full:https://registry.npmjs.org/gensync set size:undefined disposed:false
1668 http fetch GET 200 https://registry.npmjs.org/@babel%2ftypes 101ms (cache miss)
1669 silly packumentCache full:https://registry.npmjs.org/@babel%2ftypes set size:undefined disposed:false
1670 http fetch GET 200 https://registry.npmjs.org/convert-source-map 50ms (cache miss)
1671 silly packumentCache full:https://registry.npmjs.org/convert-source-map set size:undefined disposed:false
1672 http fetch GET 200 https://registry.npmjs.org/hermes-estree 58ms (cache miss)
1673 silly packumentCache full:https://registry.npmjs.org/hermes-estree set size:undefined disposed:false
1674 http fetch GET 200 https://registry.npmjs.org/@babel%2ftypes 65ms (cache miss)
1675 silly packumentCache full:https://registry.npmjs.org/@babel%2ftypes set size:undefined disposed:false
1676 silly fetch manifest @babel/core@^7.0.0
1677 silly packumentCache full:https://registry.npmjs.org/@babel%2fcore cache-miss
1678 http cache https://registry.npmjs.org/@babel%2fcore 5ms (cache hit)
1679 silly packumentCache full:https://registry.npmjs.org/@babel%2fcore set size:738278 disposed:false
1680 silly placeDep ROOT @babel/code-frame@7.27.1 OK for: @babel/core@7.28.5 want: ^7.27.1
1681 silly placeDep ROOT @babel/generator@7.28.5 OK for: @babel/core@7.28.5 want: ^7.28.5
1682 silly placeDep ROOT @babel/helper-compilation-targets@7.27.2 OK for: @babel/core@7.28.5 want: ^7.27.2
1683 silly placeDep ROOT @babel/helper-module-transforms@7.28.3 OK for: @babel/core@7.28.5 want: ^7.28.3
1684 silly placeDep ROOT @babel/helpers@7.28.4 OK for: @babel/core@7.28.5 want: ^7.28.4
1685 silly placeDep ROOT @babel/template@7.27.2 OK for: @babel/core@7.28.5 want: ^7.27.2
1686 silly placeDep ROOT @babel/traverse@7.28.5 OK for: @babel/core@7.28.5 want: ^7.28.5
1687 silly placeDep ROOT @babel/types@7.28.5 OK for: @babel/core@7.28.5 want: ^7.28.5
1688 silly placeDep ROOT @jridgewell/remapping@2.3.5 OK for: @babel/core@7.28.5 want: ^2.3.5
1689 silly placeDep ROOT convert-source-map@2.0.0 OK for: @babel/core@7.28.5 want: ^2.0.0
1690 silly placeDep ROOT gensync@1.0.0-beta.2 OK for: @babel/core@7.28.5 want: ^1.0.0-beta.2
1691 silly placeDep ROOT json5@2.2.3 OK for: @babel/core@7.28.5 want: ^2.2.3
1692 silly fetch manifest js-tokens@^4.0.0
1693 silly packumentCache full:https://registry.npmjs.org/js-tokens cache-miss
1694 silly fetch manifest picocolors@^1.1.1
1695 silly packumentCache full:https://registry.npmjs.org/picocolors cache-miss
1696 silly fetch manifest @babel/helper-validator-identifier@^7.27.1
1697 silly packumentCache full:https://registry.npmjs.org/@babel%2fhelper-validator-identifier cache-miss
1698 silly fetch manifest @jridgewell/gen-mapping@^0.3.12
1699 silly packumentCache full:https://registry.npmjs.org/@jridgewell%2fgen-mapping cache-miss
1700 silly fetch manifest @jridgewell/trace-mapping@^0.3.28
1701 silly packumentCache full:https://registry.npmjs.org/@jridgewell%2ftrace-mapping cache-miss
1702 silly fetch manifest jsesc@^3.0.2
1703 silly packumentCache full:https://registry.npmjs.org/jsesc cache-miss
1704 silly fetch manifest lru-cache@^5.1.1
1705 silly packumentCache full:https://registry.npmjs.org/lru-cache cache-miss
1706 silly fetch manifest browserslist@^4.24.0
1707 silly packumentCache full:https://registry.npmjs.org/browserslist cache-miss
1708 silly fetch manifest @babel/compat-data@^7.27.2
1709 silly packumentCache full:https://registry.npmjs.org/@babel%2fcompat-data cache-miss
1710 http fetch GET 200 https://registry.npmjs.org/js-tokens 43ms (cache miss)
1711 silly packumentCache full:https://registry.npmjs.org/js-tokens set size:undefined disposed:false
1712 silly fetch manifest @babel/helper-validator-option@^7.27.1
1713 silly packumentCache full:https://registry.npmjs.org/@babel%2fhelper-validator-option cache-miss
1714 http fetch GET 200 https://registry.npmjs.org/jsesc 44ms (cache miss)
1715 silly packumentCache full:https://registry.npmjs.org/jsesc set size:undefined disposed:false
1716 silly fetch manifest @babel/traverse@^7.28.3
1717 silly packumentCache full:https://registry.npmjs.org/@babel%2ftraverse cache-miss
1718 http cache https://registry.npmjs.org/@babel%2ftraverse 1ms (cache hit)
1719 silly packumentCache full:https://registry.npmjs.org/@babel%2ftraverse set size:535703 disposed:false
1720 silly fetch manifest @babel/helper-module-imports@^7.27.1
1721 silly packumentCache full:https://registry.npmjs.org/@babel%2fhelper-module-imports cache-miss
1722 http fetch GET 200 https://registry.npmjs.org/picocolors 48ms (cache miss)
1723 silly packumentCache full:https://registry.npmjs.org/picocolors set size:undefined disposed:false
1724 silly fetch manifest @babel/helper-validator-identifier@^7.27.1
1725 silly packumentCache full:https://registry.npmjs.org/@babel%2fhelper-validator-identifier cache-miss
1726 http fetch GET 200 https://registry.npmjs.org/@babel%2fcompat-data 52ms (cache miss)
1727 silly packumentCache full:https://registry.npmjs.org/@babel%2fcompat-data set size:undefined disposed:false
1728 silly fetch manifest @babel/types@^7.28.4
1729 silly packumentCache full:https://registry.npmjs.org/@babel%2ftypes cache-miss
1730 http cache https://registry.npmjs.org/@babel%2ftypes 1ms (cache hit)
1731 silly packumentCache full:https://registry.npmjs.org/@babel%2ftypes set size:475698 disposed:false
1732 silly fetch manifest @babel/types@^7.27.1
1733 silly packumentCache full:https://registry.npmjs.org/@babel%2ftypes cache-hit
1734 silly fetch manifest @babel/helper-globals@^7.28.0
1735 silly packumentCache full:https://registry.npmjs.org/@babel%2fhelper-globals cache-miss
1736 http fetch GET 200 https://registry.npmjs.org/@babel%2fhelper-validator-identifier 58ms (cache miss)
1737 silly packumentCache full:https://registry.npmjs.org/@babel%2fhelper-validator-identifier set size:undefined disposed:false
1738 silly fetch manifest @babel/helper-string-parser@^7.27.1
1739 silly packumentCache full:https://registry.npmjs.org/@babel%2fhelper-string-parser cache-miss
1740 http fetch GET 200 https://registry.npmjs.org/@jridgewell%2fgen-mapping 59ms (cache miss)
1741 silly packumentCache full:https://registry.npmjs.org/@jridgewell%2fgen-mapping set size:undefined disposed:false
1742 silly fetch manifest @babel/helper-validator-identifier@^7.28.5
1743 silly packumentCache full:https://registry.npmjs.org/@babel%2fhelper-validator-identifier cache-miss
1744 http cache https://registry.npmjs.org/@babel%2fhelper-validator-identifier 1ms (cache hit)
1745 silly packumentCache full:https://registry.npmjs.org/@babel%2fhelper-validator-identifier set size:108996 disposed:false
1746 silly fetch manifest @jridgewell/gen-mapping@^0.3.5
1747 silly packumentCache full:https://registry.npmjs.org/@jridgewell%2fgen-mapping cache-miss
1748 http fetch GET 200 https://registry.npmjs.org/lru-cache 61ms (cache miss)
1749 silly packumentCache full:https://registry.npmjs.org/lru-cache set size:undefined disposed:false
1750 silly fetch manifest @jridgewell/trace-mapping@^0.3.24
1751 silly packumentCache full:https://registry.npmjs.org/@jridgewell%2ftrace-mapping cache-miss
1752 http cache https://registry.npmjs.org/@jridgewell%2fgen-mapping 2ms (cache hit)
1753 silly packumentCache full:https://registry.npmjs.org/@jridgewell%2fgen-mapping set size:80719 disposed:false
1754 http fetch GET 200 https://registry.npmjs.org/@jridgewell%2ftrace-mapping 67ms (cache miss)
1755 silly packumentCache full:https://registry.npmjs.org/@jridgewell%2ftrace-mapping set size:undefined disposed:false
1756 http fetch GET 200 https://registry.npmjs.org/@babel%2fhelper-validator-option 43ms (cache miss)
1757 silly packumentCache full:https://registry.npmjs.org/@babel%2fhelper-validator-option set size:undefined disposed:false
1758 http fetch GET 200 https://registry.npmjs.org/@babel%2fhelper-validator-identifier 56ms (cache miss)
1759 silly packumentCache full:https://registry.npmjs.org/@babel%2fhelper-validator-identifier set size:undefined disposed:false
1760 silly packumentCache full:https://registry.npmjs.org/@babel%2fhelper-validator-identifier dispose
1761 http fetch GET 200 https://registry.npmjs.org/@babel%2fhelper-string-parser 46ms (cache miss)
1762 silly packumentCache full:https://registry.npmjs.org/@babel%2fhelper-string-parser set size:undefined disposed:false
1763 http fetch GET 200 https://registry.npmjs.org/@babel%2fhelper-module-imports 59ms (cache miss)
1764 silly packumentCache full:https://registry.npmjs.org/@babel%2fhelper-module-imports set size:undefined disposed:false
1765 http fetch GET 200 https://registry.npmjs.org/@babel%2fhelper-globals 57ms (cache miss)
1766 silly packumentCache full:https://registry.npmjs.org/@babel%2fhelper-globals set size:undefined disposed:false
1767 http fetch GET 200 https://registry.npmjs.org/browserslist 128ms (cache miss)
1768 silly packumentCache full:https://registry.npmjs.org/browserslist set size:undefined disposed:false
1769 http fetch GET 200 https://registry.npmjs.org/@jridgewell%2ftrace-mapping 70ms (cache miss)
1770 silly packumentCache full:https://registry.npmjs.org/@jridgewell%2ftrace-mapping set size:undefined disposed:false
1771 silly placeDep ROOT @babel/helper-validator-identifier@7.28.5 OK for: @babel/code-frame@7.27.1 want: ^7.27.1
1772 silly placeDep ROOT js-tokens@4.0.0 OK for: @babel/code-frame@7.27.1 want: ^4.0.0
1773 silly placeDep ROOT picocolors@1.1.1 OK for: @babel/code-frame@7.27.1 want: ^1.1.1
1774 silly placeDep ROOT @jridgewell/gen-mapping@0.3.13 OK for: @babel/generator@7.28.5 want: ^0.3.12
1775 silly placeDep ROOT @jridgewell/trace-mapping@0.3.31 OK for: @babel/generator@7.28.5 want: ^0.3.28
1776 silly placeDep ROOT jsesc@3.1.0 OK for: @babel/generator@7.28.5 want: ^3.0.2
1777 silly fetch manifest @jridgewell/sourcemap-codec@^1.5.0
1778 silly packumentCache full:https://registry.npmjs.org/@jridgewell%2fsourcemap-codec cache-miss
1779 silly fetch manifest @jridgewell/resolve-uri@^3.1.0
1780 silly packumentCache full:https://registry.npmjs.org/@jridgewell%2fresolve-uri cache-miss
1781 silly fetch manifest @jridgewell/sourcemap-codec@^1.4.14
1782 silly packumentCache full:https://registry.npmjs.org/@jridgewell%2fsourcemap-codec cache-miss
1783 http fetch GET 200 https://registry.npmjs.org/@jridgewell%2fsourcemap-codec 58ms (cache miss)
1784 silly packumentCache full:https://registry.npmjs.org/@jridgewell%2fsourcemap-codec set size:undefined disposed:false
1785 http fetch GET 200 https://registry.npmjs.org/@jridgewell%2fsourcemap-codec 60ms (cache miss)
1786 silly packumentCache full:https://registry.npmjs.org/@jridgewell%2fsourcemap-codec set size:undefined disposed:false
1787 http fetch GET 200 https://registry.npmjs.org/@jridgewell%2fresolve-uri 62ms (cache miss)
1788 silly packumentCache full:https://registry.npmjs.org/@jridgewell%2fresolve-uri set size:undefined disposed:false
1789 silly placeDep ROOT @babel/compat-data@7.28.5 OK for: @babel/helper-compilation-targets@7.27.2 want: ^7.27.2
1790 silly placeDep ROOT @babel/helper-validator-option@7.27.1 OK for: @babel/helper-compilation-targets@7.27.2 want: ^7.27.1
1791 silly placeDep ROOT browserslist@4.28.1 OK for: @babel/helper-compilation-targets@7.27.2 want: ^4.24.0
1792 silly placeDep ROOT lru-cache@5.1.1 OK for: @babel/helper-compilation-targets@7.27.2 want: ^5.1.1
1793 silly fetch manifest baseline-browser-mapping@^2.9.0
1794 silly packumentCache full:https://registry.npmjs.org/baseline-browser-mapping cache-miss
1795 silly fetch manifest caniuse-lite@^1.0.30001759
1796 silly packumentCache full:https://registry.npmjs.org/caniuse-lite cache-miss
1797 silly fetch manifest electron-to-chromium@^1.5.263
1798 silly packumentCache full:https://registry.npmjs.org/electron-to-chromium cache-miss
1799 silly fetch manifest node-releases@^2.0.27
1800 silly packumentCache full:https://registry.npmjs.org/node-releases cache-miss
1801 silly fetch manifest update-browserslist-db@^1.2.0
1802 silly packumentCache full:https://registry.npmjs.org/update-browserslist-db cache-miss
1803 silly fetch manifest yallist@^3.0.2
1804 silly packumentCache full:https://registry.npmjs.org/yallist cache-miss
1805 http cache https://registry.npmjs.org/caniuse-lite 4ms (cache hit)
1806 silly packumentCache full:https://registry.npmjs.org/caniuse-lite set size:2236335 disposed:false
1807 http fetch GET 200 https://registry.npmjs.org/yallist 47ms (cache miss)
1808 silly packumentCache full:https://registry.npmjs.org/yallist set size:undefined disposed:false
1809 http fetch GET 200 https://registry.npmjs.org/baseline-browser-mapping 51ms (cache miss)
1810 silly packumentCache full:https://registry.npmjs.org/baseline-browser-mapping set size:undefined disposed:false
1811 http fetch GET 200 https://registry.npmjs.org/update-browserslist-db 54ms (cache miss)
1812 silly packumentCache full:https://registry.npmjs.org/update-browserslist-db set size:undefined disposed:false
1813 http fetch GET 200 https://registry.npmjs.org/node-releases 55ms (cache miss)
1814 silly packumentCache full:https://registry.npmjs.org/node-releases set size:undefined disposed:false
1815 http fetch GET 200 https://registry.npmjs.org/electron-to-chromium 101ms (cache miss)
1816 silly packumentCache full:https://registry.npmjs.org/electron-to-chromium set size:undefined disposed:false
1817 silly placeDep ROOT @babel/helper-module-imports@7.27.1 OK for: @babel/helper-module-transforms@7.28.3 want: ^7.27.1
1818 silly placeDep ROOT @babel/helper-globals@7.28.0 OK for: @babel/traverse@7.28.5 want: ^7.28.0
1819 silly placeDep ROOT @babel/helper-string-parser@7.27.1 OK for: @babel/types@7.28.5 want: ^7.27.1
1820 silly placeDep ROOT @jridgewell/sourcemap-codec@1.5.5 OK for: @jridgewell/gen-mapping@0.3.13 want: ^1.5.0
1821 silly placeDep ROOT @jridgewell/resolve-uri@3.1.2 OK for: @jridgewell/trace-mapping@0.3.31 want: ^3.1.0
1822 silly fetch manifest browserslist@>= 4.21.0
1823 silly packumentCache full:https://registry.npmjs.org/browserslist cache-miss
1824 http cache https://registry.npmjs.org/browserslist 1ms (cache hit)
1825 silly packumentCache full:https://registry.npmjs.org/browserslist set size:502989 disposed:false
1826 silly placeDep ROOT baseline-browser-mapping@2.9.11 OK for: browserslist@4.28.1 want: ^2.9.0
1827 silly placeDep ROOT caniuse-lite@1.0.30001761 OK for: browserslist@4.28.1 want: ^1.0.30001759
1828 silly placeDep ROOT electron-to-chromium@1.5.267 OK for: browserslist@4.28.1 want: ^1.5.263
1829 silly placeDep ROOT node-releases@2.0.27 OK for: browserslist@4.28.1 want: ^2.0.27
1830 silly placeDep ROOT update-browserslist-db@1.2.3 OK for: browserslist@4.28.1 want: ^1.2.0
1831 silly fetch manifest escalade@^3.2.0
1832 silly packumentCache full:https://registry.npmjs.org/escalade cache-miss
1833 http fetch GET 200 https://registry.npmjs.org/escalade 49ms (cache miss)
1834 silly packumentCache full:https://registry.npmjs.org/escalade set size:undefined disposed:false
1835 silly placeDep ROOT esrecurse@4.3.0 OK for: eslint-scope@8.4.0 want: ^4.3.0
1836 silly placeDep ROOT acorn@8.15.0 OK for: espree@10.4.0 want: ^8.15.0
1837 silly placeDep ROOT acorn-jsx@5.3.2 OK for: espree@10.4.0 want: ^5.3.2
1838 silly placeDep ROOT @nodelib/fs.stat@2.0.5 OK for: fast-glob@3.3.1 want: ^2.0.2
1839 silly placeDep ROOT @nodelib/fs.walk@1.2.8 OK for: fast-glob@3.3.1 want: ^1.2.3
1840 silly placeDep node_modules/fast-glob glob-parent@5.1.2 OK for: fast-glob@3.3.1 want: ^5.1.2
1841 silly placeDep ROOT merge2@1.4.1 OK for: fast-glob@3.3.1 want: ^1.3.0
1842 silly placeDep ROOT micromatch@4.0.8 OK for: fast-glob@3.3.1 want: ^4.0.4
1843 silly fetch manifest fastq@^1.6.0
1844 silly packumentCache full:https://registry.npmjs.org/fastq cache-miss
1845 silly fetch manifest @nodelib/fs.scandir@2.1.5
1846 silly packumentCache full:https://registry.npmjs.org/@nodelib%2ffs.scandir cache-miss
1847 silly fetch manifest braces@^3.0.3
1848 silly packumentCache full:https://registry.npmjs.org/braces cache-miss
1849 silly fetch manifest picomatch@^2.3.1
1850 silly packumentCache full:https://registry.npmjs.org/picomatch cache-miss
1851 http cache https://registry.npmjs.org/picomatch 1ms (cache hit)
1852 silly packumentCache full:https://registry.npmjs.org/picomatch set size:118818 disposed:false
1853 http fetch GET 200 https://registry.npmjs.org/fastq 37ms (cache miss)
1854 silly packumentCache full:https://registry.npmjs.org/fastq set size:undefined disposed:false
1855 http fetch GET 200 https://registry.npmjs.org/braces 46ms (cache miss)
1856 silly packumentCache full:https://registry.npmjs.org/braces set size:undefined disposed:false
1857 http fetch GET 200 https://registry.npmjs.org/@nodelib%2ffs.scandir 74ms (cache miss)
1858 silly packumentCache full:https://registry.npmjs.org/@nodelib%2ffs.scandir set size:undefined disposed:false
1859 silly placeDep ROOT @nodelib/fs.scandir@2.1.5 OK for: @nodelib/fs.walk@1.2.8 want: 2.1.5
1860 silly placeDep ROOT fastq@1.20.1 OK for: @nodelib/fs.walk@1.2.8 want: ^1.6.0
1861 silly fetch manifest run-parallel@^1.1.9
1862 silly packumentCache full:https://registry.npmjs.org/run-parallel cache-miss
1863 silly fetch manifest reusify@^1.0.4
1864 silly packumentCache full:https://registry.npmjs.org/reusify cache-miss
1865 http fetch GET 200 https://registry.npmjs.org/run-parallel 35ms (cache miss)
1866 silly packumentCache full:https://registry.npmjs.org/run-parallel set size:undefined disposed:false
1867 http fetch GET 200 https://registry.npmjs.org/reusify 50ms (cache miss)
1868 silly packumentCache full:https://registry.npmjs.org/reusify set size:undefined disposed:false
1869 silly placeDep ROOT run-parallel@1.2.0 OK for: @nodelib/fs.scandir@2.1.5 want: ^1.1.9
1870 silly fetch manifest queue-microtask@^1.2.2
1871 silly packumentCache full:https://registry.npmjs.org/queue-microtask cache-miss
1872 http fetch GET 200 https://registry.npmjs.org/queue-microtask 39ms (cache miss)
1873 silly packumentCache full:https://registry.npmjs.org/queue-microtask set size:undefined disposed:false
1874 silly placeDep ROOT reusify@1.1.0 OK for: fastq@1.20.1 want: ^1.0.4
1875 silly placeDep ROOT flat-cache@4.0.1 OK for: file-entry-cache@8.0.0 want: ^4.0.0
1876 silly fetch manifest keyv@^4.5.4
1877 silly packumentCache full:https://registry.npmjs.org/keyv cache-miss
1878 silly fetch manifest flatted@^3.2.9
1879 silly packumentCache full:https://registry.npmjs.org/flatted cache-miss
1880 http fetch GET 200 https://registry.npmjs.org/flatted 46ms (cache miss)
1881 silly packumentCache full:https://registry.npmjs.org/flatted set size:undefined disposed:false
1882 http fetch GET 200 https://registry.npmjs.org/keyv 48ms (cache miss)
1883 silly packumentCache full:https://registry.npmjs.org/keyv set size:undefined disposed:false
1884 silly placeDep ROOT locate-path@6.0.0 OK for: find-up@5.0.0 want: ^6.0.0
1885 silly placeDep ROOT path-exists@4.0.0 OK for: find-up@5.0.0 want: ^4.0.0
1886 silly fetch manifest p-locate@^5.0.0
1887 silly packumentCache full:https://registry.npmjs.org/p-locate cache-miss
1888 http fetch GET 200 https://registry.npmjs.org/p-locate 55ms (cache miss)
1889 silly packumentCache full:https://registry.npmjs.org/p-locate set size:undefined disposed:false
1890 silly placeDep ROOT flatted@3.3.3 OK for: flat-cache@4.0.1 want: ^3.2.9
1891 silly placeDep ROOT keyv@4.5.4 OK for: flat-cache@4.0.1 want: ^4.5.4
1892 silly fetch manifest json-buffer@3.0.1
1893 silly packumentCache full:https://registry.npmjs.org/json-buffer cache-miss
1894 http fetch GET 200 https://registry.npmjs.org/json-buffer 45ms (cache miss)
1895 silly packumentCache full:https://registry.npmjs.org/json-buffer set size:undefined disposed:false
1896 silly placeDep ROOT functions-have-names@1.2.3 OK for: function.prototype.name@1.1.8 want: ^1.2.3
1897 silly placeDep ROOT dunder-proto@1.0.1 OK for: get-proto@1.0.1 want: ^1.0.1
1898 silly placeDep ROOT resolve-pkg-maps@1.0.0 OK for: get-tsconfig@4.13.0 want: ^1.0.0
1899 silly placeDep ROOT hermes-estree@0.25.1 OK for: hermes-parser@0.25.1 want: 0.25.1
1900 silly placeDep ROOT parent-module@1.0.1 OK for: import-fresh@3.3.1 want: ^1.0.0
1901 silly placeDep ROOT resolve-from@4.0.0 OK for: import-fresh@3.3.1 want: ^4.0.0
1902 silly fetch manifest callsites@^3.0.0
1903 silly packumentCache full:https://registry.npmjs.org/callsites cache-miss
1904 http fetch GET 200 https://registry.npmjs.org/callsites 37ms (cache miss)
1905 silly packumentCache full:https://registry.npmjs.org/callsites set size:undefined disposed:false
1906 silly placeDep ROOT side-channel@1.1.0 OK for: internal-slot@1.1.0 want: ^1.1.0
1907 silly fetch manifest side-channel-list@^1.0.0
1908 silly packumentCache full:https://registry.npmjs.org/side-channel-list cache-miss
1909 silly fetch manifest side-channel-map@^1.0.1
1910 silly packumentCache full:https://registry.npmjs.org/side-channel-map cache-miss
1911 silly fetch manifest side-channel-weakmap@^1.0.2
1912 silly packumentCache full:https://registry.npmjs.org/side-channel-weakmap cache-miss
1913 http fetch GET 200 https://registry.npmjs.org/side-channel-list 36ms (cache miss)
1914 silly packumentCache full:https://registry.npmjs.org/side-channel-list set size:undefined disposed:false
1915 http fetch GET 200 https://registry.npmjs.org/side-channel-weakmap 43ms (cache miss)
1916 silly packumentCache full:https://registry.npmjs.org/side-channel-weakmap set size:undefined disposed:false
1917 http fetch GET 200 https://registry.npmjs.org/side-channel-map 45ms (cache miss)
1918 silly packumentCache full:https://registry.npmjs.org/side-channel-map set size:undefined disposed:false
1919 silly placeDep node_modules/is-bun-module semver@7.7.3 OK for: is-bun-module@2.0.0 want: ^7.7.1
1920 silly placeDep ROOT is-extglob@2.1.1 OK for: is-glob@4.0.3 want: ^2.1.1
1921 silly placeDep ROOT set-function-name@2.0.2 OK for: iterator.prototype@1.1.5 want: ^2.0.2
1922 silly placeDep ROOT argparse@2.0.1 OK for: js-yaml@4.1.1 want: ^2.0.1
1923 silly placeDep ROOT json-buffer@3.0.1 OK for: keyv@4.5.4 want: 3.0.1
1924 silly placeDep ROOT language-subtag-registry@0.3.23 OK for: language-tags@1.0.9 want: ^0.3.20
1925 silly placeDep ROOT prelude-ls@1.2.1 OK for: levn@0.4.1 want: ^1.2.1
1926 silly placeDep ROOT type-check@0.4.0 OK for: levn@0.4.1 want: ~0.4.0
1927 silly placeDep ROOT p-locate@5.0.0 OK for: locate-path@6.0.0 want: ^5.0.0
1928 silly fetch manifest p-limit@^3.0.2
1929 silly packumentCache full:https://registry.npmjs.org/p-limit cache-miss
1930 http fetch GET 200 https://registry.npmjs.org/p-limit 36ms (cache miss)
1931 silly packumentCache full:https://registry.npmjs.org/p-limit set size:undefined disposed:false
1932 silly placeDep ROOT yallist@3.1.1 OK for: lru-cache@5.1.1 want: ^3.0.2
1933 silly placeDep ROOT braces@3.0.3 OK for: micromatch@4.0.8 want: ^3.0.3
1934 silly placeDep ROOT picomatch@2.3.1 OK for: micromatch@4.0.8 want: ^2.3.1
1935 silly fetch manifest fill-range@^7.1.1
1936 silly packumentCache full:https://registry.npmjs.org/fill-range cache-miss
1937 http fetch GET 200 https://registry.npmjs.org/fill-range 39ms (cache miss)
1938 silly packumentCache full:https://registry.npmjs.org/fill-range set size:undefined disposed:false
1939 silly placeDep ROOT fill-range@7.1.1 OK for: braces@3.0.3 want: ^7.1.1
1940 silly fetch manifest to-regex-range@^5.0.1
1941 silly packumentCache full:https://registry.npmjs.org/to-regex-range cache-miss
1942 http fetch GET 200 https://registry.npmjs.org/to-regex-range 42ms (cache miss)
1943 silly packumentCache full:https://registry.npmjs.org/to-regex-range set size:undefined disposed:false
1944 silly placeDep ROOT to-regex-range@5.0.1 OK for: fill-range@7.1.1 want: ^5.0.1
1945 silly fetch manifest is-number@^7.0.0
1946 silly packumentCache full:https://registry.npmjs.org/is-number cache-miss
1947 http fetch GET 200 https://registry.npmjs.org/is-number 41ms (cache miss)
1948 silly packumentCache full:https://registry.npmjs.org/is-number set size:undefined disposed:false
1949 silly placeDep ROOT brace-expansion@1.1.12 OK for: minimatch@3.1.2 want: ^1.1.7
1950 silly fetch manifest balanced-match@^1.0.0
1951 silly packumentCache full:https://registry.npmjs.org/balanced-match cache-miss
1952 silly fetch manifest concat-map@0.0.1
1953 silly packumentCache full:https://registry.npmjs.org/concat-map cache-miss
1954 http fetch GET 200 https://registry.npmjs.org/balanced-match 44ms (cache miss)
1955 silly packumentCache full:https://registry.npmjs.org/balanced-match set size:undefined disposed:false
1956 http fetch GET 200 https://registry.npmjs.org/concat-map 45ms (cache miss)
1957 silly packumentCache full:https://registry.npmjs.org/concat-map set size:undefined disposed:false
1958 silly placeDep ROOT balanced-match@1.0.2 OK for: brace-expansion@1.1.12 want: ^1.0.0
1959 silly placeDep ROOT concat-map@0.0.1 OK for: brace-expansion@1.1.12 want: 0.0.1
1960 silly fetch manifest react@^18.2.0 || 19.0.0-rc-de68d2f4-20241204 || ^19.0.0
1961 silly packumentCache full:https://registry.npmjs.org/react cache-miss
1962 http cache https://registry.npmjs.org/react 10ms (cache hit)
1963 silly packumentCache full:https://registry.npmjs.org/react set size:6362607 disposed:false
1964 silly placeDep ROOT @next/env@16.0.7 OK for: next@16.0.7 want: 16.0.7
1965 silly placeDep ROOT @next/swc-darwin-arm64@16.0.7 OK for: next@16.0.7 want: 16.0.7
1966 silly placeDep ROOT @next/swc-darwin-x64@16.0.7 OK for: next@16.0.7 want: 16.0.7
1967 silly placeDep ROOT @next/swc-linux-arm64-gnu@16.0.7 OK for: next@16.0.7 want: 16.0.7
1968 silly placeDep ROOT @next/swc-linux-arm64-musl@16.0.7 OK for: next@16.0.7 want: 16.0.7
1969 silly placeDep ROOT @next/swc-linux-x64-gnu@16.0.7 OK for: next@16.0.7 want: 16.0.7
1970 silly placeDep ROOT @next/swc-linux-x64-musl@16.0.7 OK for: next@16.0.7 want: 16.0.7
1971 silly placeDep ROOT @next/swc-win32-arm64-msvc@16.0.7 OK for: next@16.0.7 want: 16.0.7
1972 silly placeDep ROOT @next/swc-win32-x64-msvc@16.0.7 OK for: next@16.0.7 want: 16.0.7
1973 silly placeDep ROOT @swc/helpers@0.5.15 OK for: next@16.0.7 want: 0.5.15
1974 silly placeDep ROOT postcss@8.4.31 OK for: next@16.0.7 want: 8.4.31
1975 silly placeDep ROOT sharp@0.34.5 OK for: next@16.0.7 want: ^0.34.4
1976 silly placeDep ROOT styled-jsx@5.1.6 OK for: next@16.0.7 want: 5.1.6
1977 silly fetch manifest nanoid@^3.3.6
1978 silly packumentCache full:https://registry.npmjs.org/nanoid cache-miss
1979 silly fetch manifest source-map-js@^1.0.2
1980 silly packumentCache full:https://registry.npmjs.org/source-map-js cache-miss
1981 silly fetch manifest @img/colour@^1.0.0
1982 silly packumentCache full:https://registry.npmjs.org/@img%2fcolour cache-miss
1983 silly fetch manifest detect-libc@^2.1.2
1984 silly packumentCache full:https://registry.npmjs.org/detect-libc cache-miss
1985 silly fetch manifest semver@^7.7.3
1986 silly packumentCache full:https://registry.npmjs.org/semver cache-hit
1987 silly fetch manifest @img/sharp-darwin-arm64@0.34.5
1988 silly packumentCache full:https://registry.npmjs.org/@img%2fsharp-darwin-arm64 cache-miss
1989 silly fetch manifest @img/sharp-darwin-x64@0.34.5
1990 silly packumentCache full:https://registry.npmjs.org/@img%2fsharp-darwin-x64 cache-miss
1991 silly fetch manifest @img/sharp-libvips-darwin-arm64@1.2.4
1992 silly packumentCache full:https://registry.npmjs.org/@img%2fsharp-libvips-darwin-arm64 cache-miss
1993 silly fetch manifest @img/sharp-libvips-darwin-x64@1.2.4
1994 silly packumentCache full:https://registry.npmjs.org/@img%2fsharp-libvips-darwin-x64 cache-miss
1995 silly fetch manifest @img/sharp-libvips-linux-arm@1.2.4
1996 silly packumentCache full:https://registry.npmjs.org/@img%2fsharp-libvips-linux-arm cache-miss
1997 http fetch GET 200 https://registry.npmjs.org/detect-libc 51ms (cache miss)
1998 silly packumentCache full:https://registry.npmjs.org/detect-libc set size:undefined disposed:false
1999 silly fetch manifest @img/sharp-libvips-linux-arm64@1.2.4
2000 silly packumentCache full:https://registry.npmjs.org/@img%2fsharp-libvips-linux-arm64 cache-miss
2001 http fetch GET 200 https://registry.npmjs.org/source-map-js 54ms (cache miss)
2002 silly packumentCache full:https://registry.npmjs.org/source-map-js set size:undefined disposed:false
2003 silly fetch manifest @img/sharp-libvips-linux-ppc64@1.2.4
2004 silly packumentCache full:https://registry.npmjs.org/@img%2fsharp-libvips-linux-ppc64 cache-miss
2005 http fetch GET 200 https://registry.npmjs.org/nanoid 55ms (cache miss)
2006 silly packumentCache full:https://registry.npmjs.org/nanoid set size:undefined disposed:false
2007 silly fetch manifest @img/sharp-libvips-linux-riscv64@1.2.4
2008 silly packumentCache full:https://registry.npmjs.org/@img%2fsharp-libvips-linux-riscv64 cache-miss
2009 http fetch GET 200 https://registry.npmjs.org/@img%2fsharp-darwin-x64 63ms (cache miss)
2010 silly packumentCache full:https://registry.npmjs.org/@img%2fsharp-darwin-x64 set size:undefined disposed:false
2011 silly fetch manifest @img/sharp-libvips-linux-s390x@1.2.4
2012 silly packumentCache full:https://registry.npmjs.org/@img%2fsharp-libvips-linux-s390x cache-miss
2013 http fetch GET 200 https://registry.npmjs.org/@img%2fsharp-libvips-linux-arm 66ms (cache miss)
2014 silly packumentCache full:https://registry.npmjs.org/@img%2fsharp-libvips-linux-arm set size:undefined disposed:false
2015 silly fetch manifest @img/sharp-libvips-linux-x64@1.2.4
2016 silly packumentCache full:https://registry.npmjs.org/@img%2fsharp-libvips-linux-x64 cache-miss
2017 http fetch GET 200 https://registry.npmjs.org/@img%2fsharp-libvips-darwin-arm64 77ms (cache miss)
2018 silly packumentCache full:https://registry.npmjs.org/@img%2fsharp-libvips-darwin-arm64 set size:undefined disposed:false
2019 silly fetch manifest @img/sharp-libvips-linuxmusl-arm64@1.2.4
2020 silly packumentCache full:https://registry.npmjs.org/@img%2fsharp-libvips-linuxmusl-arm64 cache-miss
2021 http fetch GET 200 https://registry.npmjs.org/@img%2fsharp-libvips-linux-arm64 53ms (cache miss)
2022 silly packumentCache full:https://registry.npmjs.org/@img%2fsharp-libvips-linux-arm64 set size:undefined disposed:false
2023 silly fetch manifest @img/sharp-libvips-linuxmusl-x64@1.2.4
2024 silly packumentCache full:https://registry.npmjs.org/@img%2fsharp-libvips-linuxmusl-x64 cache-miss
2025 http fetch GET 200 https://registry.npmjs.org/@img%2fsharp-darwin-arm64 107ms (cache miss)
2026 silly packumentCache full:https://registry.npmjs.org/@img%2fsharp-darwin-arm64 set size:undefined disposed:false
2027 silly fetch manifest @img/sharp-linux-arm@0.34.5
2028 silly packumentCache full:https://registry.npmjs.org/@img%2fsharp-linux-arm cache-miss
2029 http fetch GET 200 https://registry.npmjs.org/@img%2fsharp-libvips-darwin-x64 121ms (cache miss)
2030 silly packumentCache full:https://registry.npmjs.org/@img%2fsharp-libvips-darwin-x64 set size:undefined disposed:false
2031 silly fetch manifest @img/sharp-linux-arm64@0.34.5
2032 silly packumentCache full:https://registry.npmjs.org/@img%2fsharp-linux-arm64 cache-miss
2033 http fetch GET 200 https://registry.npmjs.org/@img%2fsharp-libvips-linux-s390x 63ms (cache miss)
2034 silly packumentCache full:https://registry.npmjs.org/@img%2fsharp-libvips-linux-s390x set size:undefined disposed:false
2035 silly fetch manifest @img/sharp-linux-ppc64@0.34.5
2036 silly packumentCache full:https://registry.npmjs.org/@img%2fsharp-linux-ppc64 cache-miss
2037 http fetch GET 200 https://registry.npmjs.org/@img%2fsharp-libvips-linux-x64 61ms (cache miss)
2038 silly packumentCache full:https://registry.npmjs.org/@img%2fsharp-libvips-linux-x64 set size:undefined disposed:false
2039 silly fetch manifest @img/sharp-linux-riscv64@0.34.5
2040 silly packumentCache full:https://registry.npmjs.org/@img%2fsharp-linux-riscv64 cache-miss
2041 http fetch GET 200 https://registry.npmjs.org/@img%2fsharp-libvips-linux-ppc64 83ms (cache miss)
2042 silly packumentCache full:https://registry.npmjs.org/@img%2fsharp-libvips-linux-ppc64 set size:undefined disposed:false
2043 silly fetch manifest @img/sharp-linux-s390x@0.34.5
2044 silly packumentCache full:https://registry.npmjs.org/@img%2fsharp-linux-s390x cache-miss
2045 http fetch GET 200 https://registry.npmjs.org/@img%2fsharp-libvips-linuxmusl-arm64 70ms (cache miss)
2046 silly packumentCache full:https://registry.npmjs.org/@img%2fsharp-libvips-linuxmusl-arm64 set size:undefined disposed:false
2047 silly fetch manifest @img/sharp-linux-x64@0.34.5
2048 silly packumentCache full:https://registry.npmjs.org/@img%2fsharp-linux-x64 cache-miss
2049 http fetch GET 200 https://registry.npmjs.org/@img%2fsharp-linux-arm 53ms (cache miss)
2050 silly packumentCache full:https://registry.npmjs.org/@img%2fsharp-linux-arm set size:undefined disposed:false
2051 silly fetch manifest @img/sharp-linuxmusl-arm64@0.34.5
2052 silly packumentCache full:https://registry.npmjs.org/@img%2fsharp-linuxmusl-arm64 cache-miss
2053 http fetch GET 200 https://registry.npmjs.org/@img%2fsharp-libvips-linuxmusl-x64 57ms (cache miss)
2054 silly packumentCache full:https://registry.npmjs.org/@img%2fsharp-libvips-linuxmusl-x64 set size:undefined disposed:false
2055 silly fetch manifest @img/sharp-linuxmusl-x64@0.34.5
2056 silly packumentCache full:https://registry.npmjs.org/@img%2fsharp-linuxmusl-x64 cache-miss
2057 http fetch GET 200 https://registry.npmjs.org/@img%2fsharp-linux-arm64 68ms (cache miss)
2058 silly packumentCache full:https://registry.npmjs.org/@img%2fsharp-linux-arm64 set size:undefined disposed:false
2059 silly fetch manifest @img/sharp-wasm32@0.34.5
2060 silly packumentCache full:https://registry.npmjs.org/@img%2fsharp-wasm32 cache-miss
2061 http fetch GET 200 https://registry.npmjs.org/@img%2fsharp-linux-x64 66ms (cache miss)
2062 silly packumentCache full:https://registry.npmjs.org/@img%2fsharp-linux-x64 set size:undefined disposed:false
2063 silly fetch manifest @img/sharp-win32-arm64@0.34.5
2064 silly packumentCache full:https://registry.npmjs.org/@img%2fsharp-win32-arm64 cache-miss
2065 http fetch GET 200 https://registry.npmjs.org/@img%2fsharp-linuxmusl-arm64 54ms (cache miss)
2066 silly packumentCache full:https://registry.npmjs.org/@img%2fsharp-linuxmusl-arm64 set size:undefined disposed:false
2067 silly fetch manifest @img/sharp-win32-ia32@0.34.5
2068 silly packumentCache full:https://registry.npmjs.org/@img%2fsharp-win32-ia32 cache-miss
2069 http fetch GET 200 https://registry.npmjs.org/@img%2fcolour 216ms (cache miss)
2070 silly packumentCache full:https://registry.npmjs.org/@img%2fcolour set size:undefined disposed:false
2071 silly fetch manifest @img/sharp-win32-x64@0.34.5
2072 silly packumentCache full:https://registry.npmjs.org/@img%2fsharp-win32-x64 cache-miss
2073 http fetch GET 200 https://registry.npmjs.org/@img%2fsharp-linuxmusl-x64 55ms (cache miss)
2074 silly packumentCache full:https://registry.npmjs.org/@img%2fsharp-linuxmusl-x64 set size:undefined disposed:false
2075 silly fetch manifest client-only@0.0.1
2076 silly packumentCache full:https://registry.npmjs.org/client-only cache-miss
2077 http fetch GET 200 https://registry.npmjs.org/@img%2fsharp-linux-ppc64 104ms (cache miss)
2078 silly packumentCache full:https://registry.npmjs.org/@img%2fsharp-linux-ppc64 set size:undefined disposed:false
2079 http fetch GET 200 https://registry.npmjs.org/@img%2fsharp-linux-riscv64 103ms (cache miss)
2080 silly packumentCache full:https://registry.npmjs.org/@img%2fsharp-linux-riscv64 set size:undefined disposed:false
2081 http fetch GET 200 https://registry.npmjs.org/@img%2fsharp-libvips-linux-riscv64 180ms (cache miss)
2082 silly packumentCache full:https://registry.npmjs.org/@img%2fsharp-libvips-linux-riscv64 set size:undefined disposed:false
2083 http fetch GET 200 https://registry.npmjs.org/@img%2fsharp-linux-s390x 108ms (cache miss)
2084 silly packumentCache full:https://registry.npmjs.org/@img%2fsharp-linux-s390x set size:undefined disposed:false
2085 http fetch GET 200 https://registry.npmjs.org/client-only 41ms (cache miss)
2086 silly packumentCache full:https://registry.npmjs.org/client-only set size:undefined disposed:false
2087 http fetch GET 200 https://registry.npmjs.org/@img%2fsharp-win32-x64 64ms (cache miss)
2088 silly packumentCache full:https://registry.npmjs.org/@img%2fsharp-win32-x64 set size:undefined disposed:false
2089 http fetch GET 200 https://registry.npmjs.org/@img%2fsharp-win32-arm64 120ms (cache miss)
2090 silly packumentCache full:https://registry.npmjs.org/@img%2fsharp-win32-arm64 set size:undefined disposed:false
2091 http fetch GET 200 https://registry.npmjs.org/@img%2fsharp-win32-ia32 119ms (cache miss)
2092 silly packumentCache full:https://registry.npmjs.org/@img%2fsharp-win32-ia32 set size:undefined disposed:false
2093 http fetch GET 200 https://registry.npmjs.org/@img%2fsharp-wasm32 150ms (cache miss)
2094 silly packumentCache full:https://registry.npmjs.org/@img%2fsharp-wasm32 set size:undefined disposed:false
2095 silly placeDep ROOT deep-is@0.1.4 OK for: optionator@0.9.4 want: ^0.1.3
2096 silly placeDep ROOT fast-levenshtein@2.0.6 OK for: optionator@0.9.4 want: ^2.0.6
2097 silly placeDep ROOT word-wrap@1.2.5 OK for: optionator@0.9.4 want: ^1.2.5
2098 silly placeDep ROOT p-limit@3.1.0 OK for: p-locate@5.0.0 want: ^3.0.2
2099 silly fetch manifest yocto-queue@^0.1.0
2100 silly packumentCache full:https://registry.npmjs.org/yocto-queue cache-miss
2101 http fetch GET 200 https://registry.npmjs.org/yocto-queue 50ms (cache miss)
2102 silly packumentCache full:https://registry.npmjs.org/yocto-queue set size:undefined disposed:false
2103 silly placeDep ROOT yocto-queue@0.1.0 OK for: p-limit@3.1.0 want: ^0.1.0
2104 silly placeDep ROOT callsites@3.1.0 OK for: parent-module@1.0.1 want: ^3.0.0
2105 silly placeDep ROOT nanoid@3.3.11 OK for: postcss@8.4.31 want: ^3.3.6
2106 silly placeDep ROOT source-map-js@1.2.1 OK for: postcss@8.4.31 want: ^1.0.2
2107 silly placeDep ROOT loose-envify@1.4.0 OK for: prop-types@15.8.1 want: ^1.4.0
2108 silly placeDep ROOT object-assign@4.1.1 OK for: prop-types@15.8.1 want: ^4.1.1
2109 silly placeDep ROOT react-is@16.13.1 OK for: prop-types@15.8.1 want: ^16.13.1
2110 silly placeDep ROOT scheduler@0.27.0 OK for: react-dom@19.2.0 want: ^0.27.0
2111 silly placeDep ROOT path-parse@1.0.7 OK for: resolve@1.22.11 want: ^1.0.7
2112 silly placeDep ROOT supports-preserve-symlinks-flag@1.0.0 OK for: resolve@1.22.11 want: ^1.0.0
2113 silly placeDep ROOT queue-microtask@1.2.3 OK for: run-parallel@1.2.0 want: ^1.2.2
2114 silly placeDep ROOT isarray@2.0.5 OK for: safe-array-concat@1.1.3 want: ^2.0.5
2115 silly placeDep ROOT @img/colour@1.0.0 OK for: sharp@0.34.5 want: ^1.0.0
2116 silly placeDep ROOT @img/sharp-darwin-arm64@0.34.5 OK for: sharp@0.34.5 want: 0.34.5
2117 silly placeDep ROOT @img/sharp-darwin-x64@0.34.5 OK for: sharp@0.34.5 want: 0.34.5
2118 silly placeDep ROOT @img/sharp-libvips-darwin-arm64@1.2.4 OK for: sharp@0.34.5 want: 1.2.4
2119 silly placeDep ROOT @img/sharp-libvips-darwin-x64@1.2.4 OK for: sharp@0.34.5 want: 1.2.4
2120 silly placeDep ROOT @img/sharp-libvips-linux-arm@1.2.4 OK for: sharp@0.34.5 want: 1.2.4
2121 silly placeDep ROOT @img/sharp-libvips-linux-arm64@1.2.4 OK for: sharp@0.34.5 want: 1.2.4
2122 silly placeDep ROOT @img/sharp-libvips-linux-ppc64@1.2.4 OK for: sharp@0.34.5 want: 1.2.4
2123 silly placeDep ROOT @img/sharp-libvips-linux-riscv64@1.2.4 OK for: sharp@0.34.5 want: 1.2.4
2124 silly placeDep ROOT @img/sharp-libvips-linux-s390x@1.2.4 OK for: sharp@0.34.5 want: 1.2.4
2125 silly placeDep ROOT @img/sharp-libvips-linux-x64@1.2.4 OK for: sharp@0.34.5 want: 1.2.4
2126 silly placeDep ROOT @img/sharp-libvips-linuxmusl-arm64@1.2.4 OK for: sharp@0.34.5 want: 1.2.4
2127 silly placeDep ROOT @img/sharp-libvips-linuxmusl-x64@1.2.4 OK for: sharp@0.34.5 want: 1.2.4
2128 silly placeDep ROOT @img/sharp-linux-arm@0.34.5 OK for: sharp@0.34.5 want: 0.34.5
2129 silly placeDep ROOT @img/sharp-linux-arm64@0.34.5 OK for: sharp@0.34.5 want: 0.34.5
2130 silly placeDep ROOT @img/sharp-linux-ppc64@0.34.5 OK for: sharp@0.34.5 want: 0.34.5
2131 silly placeDep ROOT @img/sharp-linux-riscv64@0.34.5 OK for: sharp@0.34.5 want: 0.34.5
2132 silly placeDep ROOT @img/sharp-linux-s390x@0.34.5 OK for: sharp@0.34.5 want: 0.34.5
2133 silly placeDep ROOT @img/sharp-linux-x64@0.34.5 OK for: sharp@0.34.5 want: 0.34.5
2134 silly placeDep ROOT @img/sharp-linuxmusl-arm64@0.34.5 OK for: sharp@0.34.5 want: 0.34.5
2135 silly placeDep ROOT @img/sharp-linuxmusl-x64@0.34.5 OK for: sharp@0.34.5 want: 0.34.5
2136 silly placeDep ROOT @img/sharp-wasm32@0.34.5 OK for: sharp@0.34.5 want: 0.34.5
2137 silly placeDep ROOT @img/sharp-win32-arm64@0.34.5 OK for: sharp@0.34.5 want: 0.34.5
2138 silly placeDep ROOT @img/sharp-win32-ia32@0.34.5 OK for: sharp@0.34.5 want: 0.34.5
2139 silly placeDep ROOT @img/sharp-win32-x64@0.34.5 OK for: sharp@0.34.5 want: 0.34.5
2140 silly placeDep ROOT detect-libc@2.1.2 OK for: sharp@0.34.5 want: ^2.1.2
2141 silly placeDep node_modules/sharp semver@7.7.3 OK for: sharp@0.34.5 want: ^7.7.3
2142 silly fetch manifest @emnapi/runtime@^1.7.0
2143 silly packumentCache full:https://registry.npmjs.org/@emnapi%2fruntime cache-miss
2144 http fetch GET 200 https://registry.npmjs.org/@emnapi%2fruntime 54ms (cache miss)
2145 silly packumentCache full:https://registry.npmjs.org/@emnapi%2fruntime set size:undefined disposed:false
2146 silly placeDep ROOT @emnapi/runtime@1.7.1 OK for: @img/sharp-wasm32@0.34.5 want: ^1.7.0
2147 silly placeDep ROOT shebang-regex@3.0.0 OK for: shebang-command@2.0.0 want: ^3.0.0
2148 silly placeDep ROOT side-channel-list@1.0.0 OK for: side-channel@1.1.0 want: ^1.0.0
2149 silly placeDep ROOT side-channel-map@1.0.1 OK for: side-channel@1.1.0 want: ^1.0.1
2150 silly placeDep ROOT side-channel-weakmap@1.0.2 OK for: side-channel@1.1.0 want: ^1.0.2
2151 silly placeDep ROOT client-only@0.0.1 OK for: styled-jsx@5.1.6 want: 0.0.1
2152 silly placeDep ROOT has-flag@4.0.0 OK for: supports-color@7.2.0 want: ^4.0.0
2153 silly placeDep node_modules/tinyglobby fdir@6.5.0 OK for: tinyglobby@0.2.15 want: ^6.5.0
2154 silly placeDep node_modules/tinyglobby picomatch@4.0.3 OK for: fdir@6.5.0 want: ^3 || ^4
2155 silly placeDep ROOT is-number@7.0.0 OK for: to-regex-range@5.0.1 want: ^7.0.0
2156 silly placeDep ROOT @types/json5@0.0.29 OK for: tsconfig-paths@3.15.0 want: ^0.0.29
2157 silly placeDep node_modules/tsconfig-paths json5@1.0.2 OK for: tsconfig-paths@3.15.0 want: ^1.0.2
2158 silly placeDep ROOT minimist@1.2.8 OK for: tsconfig-paths@3.15.0 want: ^1.2.6
2159 silly placeDep ROOT strip-bom@3.0.0 OK for: tsconfig-paths@3.15.0 want: ^3.0.0
2160 silly fetch manifest minimist@^1.2.0
2161 silly packumentCache full:https://registry.npmjs.org/minimist cache-miss
2162 http cache https://registry.npmjs.org/minimist 1ms (cache hit)
2163 silly packumentCache full:https://registry.npmjs.org/minimist set size:77082 disposed:false
2164 silly placeDep ROOT for-each@0.3.5 OK for: typed-array-byte-length@1.0.3 want: ^0.3.3
2165 silly placeDep ROOT reflect.getprototypeof@1.0.10 OK for: typed-array-byte-offset@1.0.4 want: ^1.0.9
2166 silly fetch manifest which-builtin-type@^1.2.1
2167 silly packumentCache full:https://registry.npmjs.org/which-builtin-type cache-miss
2168 http fetch GET 200 https://registry.npmjs.org/which-builtin-type 39ms (cache miss)
2169 silly packumentCache full:https://registry.npmjs.org/which-builtin-type set size:undefined disposed:false
2170 silly placeDep ROOT which-builtin-type@1.2.1 OK for: reflect.getprototypeof@1.0.10 want: ^1.2.1
2171 silly fetch manifest is-async-function@^2.0.0
2172 silly packumentCache full:https://registry.npmjs.org/is-async-function cache-miss
2173 silly fetch manifest is-finalizationregistry@^1.1.0
2174 silly packumentCache full:https://registry.npmjs.org/is-finalizationregistry cache-miss
2175 silly fetch manifest is-generator-function@^1.0.10
2176 silly packumentCache full:https://registry.npmjs.org/is-generator-function cache-miss
2177 silly fetch manifest which-boxed-primitive@^1.1.0
2178 silly packumentCache full:https://registry.npmjs.org/which-boxed-primitive cache-miss
2179 silly fetch manifest which-collection@^1.0.2
2180 silly packumentCache full:https://registry.npmjs.org/which-collection cache-miss
2181 http cache https://registry.npmjs.org/which-boxed-primitive 2ms (cache hit)
2182 silly packumentCache full:https://registry.npmjs.org/which-boxed-primitive set size:19407 disposed:false
2183 http fetch GET 200 https://registry.npmjs.org/is-async-function 43ms (cache miss)
2184 silly packumentCache full:https://registry.npmjs.org/is-async-function set size:undefined disposed:false
2185 http fetch GET 200 https://registry.npmjs.org/which-collection 45ms (cache miss)
2186 silly packumentCache full:https://registry.npmjs.org/which-collection set size:undefined disposed:false
2187 http fetch GET 200 https://registry.npmjs.org/is-generator-function 53ms (cache miss)
2188 silly packumentCache full:https://registry.npmjs.org/is-generator-function set size:undefined disposed:false
2189 http fetch GET 200 https://registry.npmjs.org/is-finalizationregistry 61ms (cache miss)
2190 silly packumentCache full:https://registry.npmjs.org/is-finalizationregistry set size:undefined disposed:false
2191 silly fetch manifest eslint@^8.57.0 || ^9.0.0
2192 silly packumentCache full:https://registry.npmjs.org/eslint cache-miss
2193 http cache https://registry.npmjs.org/eslint 3ms (cache hit)
2194 silly packumentCache full:https://registry.npmjs.org/eslint set size:1900943 disposed:false
2195 silly fetch manifest typescript@>=4.8.4 <6.0.0
2196 silly packumentCache full:https://registry.npmjs.org/typescript cache-miss
2197 http cache https://registry.npmjs.org/typescript 16ms (cache hit)
2198 silly packumentCache full:https://registry.npmjs.org/typescript set size:15054421 disposed:false
2199 silly placeDep ROOT @typescript-eslint/eslint-plugin@8.50.1 OK for: typescript-eslint@8.50.1 want: 8.50.1
2200 silly placeDep ROOT @typescript-eslint/parser@8.50.1 OK for: @typescript-eslint/eslint-plugin@8.50.1 want: ^8.50.1
2201 silly placeDep ROOT @typescript-eslint/typescript-estree@8.50.1 OK for: typescript-eslint@8.50.1 want: 8.50.1
2202 silly placeDep ROOT @typescript-eslint/utils@8.50.1 OK for: typescript-eslint@8.50.1 want: 8.50.1
2203 silly fetch manifest ignore@^7.0.0
2204 silly packumentCache full:https://registry.npmjs.org/ignore cache-miss
2205 silly fetch manifest ts-api-utils@^2.1.0
2206 silly packumentCache full:https://registry.npmjs.org/ts-api-utils cache-miss
2207 silly fetch manifest @typescript-eslint/type-utils@8.50.1
2208 silly packumentCache full:https://registry.npmjs.org/@typescript-eslint%2ftype-utils cache-miss
2209 silly fetch manifest @typescript-eslint/visitor-keys@8.50.1
2210 silly packumentCache full:https://registry.npmjs.org/@typescript-eslint%2fvisitor-keys cache-miss
2211 silly fetch manifest @typescript-eslint/scope-manager@8.50.1
2212 silly packumentCache full:https://registry.npmjs.org/@typescript-eslint%2fscope-manager cache-miss
2213 silly fetch manifest @typescript-eslint/types@8.50.1
2214 silly packumentCache full:https://registry.npmjs.org/@typescript-eslint%2ftypes cache-miss
2215 silly fetch manifest @typescript-eslint/visitor-keys@8.50.1
2216 silly packumentCache full:https://registry.npmjs.org/@typescript-eslint%2fvisitor-keys cache-miss
2217 silly fetch manifest @typescript-eslint/scope-manager@8.50.1
2218 silly packumentCache full:https://registry.npmjs.org/@typescript-eslint%2fscope-manager cache-miss
2219 silly fetch manifest semver@^7.6.0
2220 silly packumentCache full:https://registry.npmjs.org/semver cache-hit
2221 silly fetch manifest minimatch@^9.0.4
2222 silly packumentCache full:https://registry.npmjs.org/minimatch cache-miss
2223 http cache https://registry.npmjs.org/minimatch 2ms (cache hit)
2224 silly packumentCache full:https://registry.npmjs.org/minimatch set size:303959 disposed:false
2225 silly fetch manifest ts-api-utils@^2.1.0
2226 silly packumentCache full:https://registry.npmjs.org/ts-api-utils cache-miss
2227 http cache https://registry.npmjs.org/ignore 4ms (cache hit)
2228 silly packumentCache full:https://registry.npmjs.org/ignore set size:237380 disposed:false
2229 silly fetch manifest @typescript-eslint/types@8.50.1
2230 silly packumentCache full:https://registry.npmjs.org/@typescript-eslint%2ftypes cache-miss
2231 http fetch GET 200 https://registry.npmjs.org/ts-api-utils 40ms (cache miss)
2232 silly packumentCache full:https://registry.npmjs.org/ts-api-utils set size:undefined disposed:false
2233 silly fetch manifest @typescript-eslint/visitor-keys@8.50.1
2234 silly packumentCache full:https://registry.npmjs.org/@typescript-eslint%2fvisitor-keys cache-miss
2235 http fetch GET 200 https://registry.npmjs.org/ts-api-utils 42ms (cache miss)
2236 silly packumentCache full:https://registry.npmjs.org/ts-api-utils set size:undefined disposed:false
2237 silly fetch manifest @typescript-eslint/tsconfig-utils@8.50.1
2238 silly packumentCache full:https://registry.npmjs.org/@typescript-eslint%2ftsconfig-utils cache-miss
2239 http fetch GET 200 https://registry.npmjs.org/@typescript-eslint%2ftsconfig-utils 101ms (cache miss)
2240 silly packumentCache full:https://registry.npmjs.org/@typescript-eslint%2ftsconfig-utils set size:undefined disposed:false
2241 silly fetch manifest @typescript-eslint/project-service@8.50.1
2242 silly packumentCache full:https://registry.npmjs.org/@typescript-eslint%2fproject-service cache-miss
2243 http fetch GET 200 https://registry.npmjs.org/@typescript-eslint%2fproject-service 95ms (cache miss)
2244 silly packumentCache full:https://registry.npmjs.org/@typescript-eslint%2fproject-service set size:undefined disposed:false
2245 silly fetch manifest @typescript-eslint/types@8.50.1
2246 silly packumentCache full:https://registry.npmjs.org/@typescript-eslint%2ftypes cache-miss
2247 http fetch GET 200 https://registry.npmjs.org/@typescript-eslint%2ftype-utils 339ms (cache miss)
2248 silly packumentCache full:https://registry.npmjs.org/@typescript-eslint%2ftype-utils set size:undefined disposed:false
2249 silly fetch manifest @typescript-eslint/scope-manager@8.50.1
2250 silly packumentCache full:https://registry.npmjs.org/@typescript-eslint%2fscope-manager cache-miss
2251 http fetch GET 200 https://registry.npmjs.org/@typescript-eslint%2ftypes 355ms (cache miss)
2252 silly packumentCache full:https://registry.npmjs.org/@typescript-eslint%2ftypes set size:undefined disposed:false
2253 http fetch GET 200 https://registry.npmjs.org/@typescript-eslint%2fvisitor-keys 394ms (cache miss)
2254 silly packumentCache full:https://registry.npmjs.org/@typescript-eslint%2fvisitor-keys set size:undefined disposed:false
2255 http fetch GET 200 https://registry.npmjs.org/@typescript-eslint%2fvisitor-keys 421ms (cache miss)
2256 silly packumentCache full:https://registry.npmjs.org/@typescript-eslint%2fvisitor-keys set size:undefined disposed:false
2257 http fetch GET 200 https://registry.npmjs.org/@typescript-eslint%2fvisitor-keys 408ms (cache miss)
2258 silly packumentCache full:https://registry.npmjs.org/@typescript-eslint%2fvisitor-keys set size:undefined disposed:false
2259 http fetch GET 200 https://registry.npmjs.org/@typescript-eslint%2fscope-manager 486ms (cache miss)
2260 silly packumentCache full:https://registry.npmjs.org/@typescript-eslint%2fscope-manager set size:undefined disposed:false
2261 http fetch GET 200 https://registry.npmjs.org/@typescript-eslint%2ftypes 524ms (cache miss)
2262 silly packumentCache full:https://registry.npmjs.org/@typescript-eslint%2ftypes set size:undefined disposed:false
2263 http fetch GET 200 https://registry.npmjs.org/@typescript-eslint%2fscope-manager 568ms (cache miss)
2264 silly packumentCache full:https://registry.npmjs.org/@typescript-eslint%2fscope-manager set size:undefined disposed:false
2265 http fetch GET 200 https://registry.npmjs.org/@typescript-eslint%2ftypes 354ms (cache miss)
2266 silly packumentCache full:https://registry.npmjs.org/@typescript-eslint%2ftypes set size:undefined disposed:false
2267 http fetch GET 200 https://registry.npmjs.org/@typescript-eslint%2fscope-manager 278ms (cache miss)
2268 silly packumentCache full:https://registry.npmjs.org/@typescript-eslint%2fscope-manager set size:undefined disposed:false
2269 silly placeDep ROOT @typescript-eslint/scope-manager@8.50.1 OK for: @typescript-eslint/eslint-plugin@8.50.1 want: 8.50.1
2270 silly placeDep ROOT @typescript-eslint/type-utils@8.50.1 OK for: @typescript-eslint/eslint-plugin@8.50.1 want: 8.50.1
2271 silly placeDep ROOT @typescript-eslint/visitor-keys@8.50.1 OK for: @typescript-eslint/eslint-plugin@8.50.1 want: 8.50.1
2272 silly placeDep node_modules/@typescript-eslint/eslint-plugin ignore@7.0.5 OK for: @typescript-eslint/eslint-plugin@8.50.1 want: ^7.0.0
2273 silly placeDep ROOT ts-api-utils@2.1.0 OK for: @typescript-eslint/eslint-plugin@8.50.1 want: ^2.1.0
2274 silly placeDep ROOT @typescript-eslint/types@8.50.1 OK for: @typescript-eslint/parser@8.50.1 want: 8.50.1
2275 silly placeDep ROOT @typescript-eslint/project-service@8.50.1 OK for: @typescript-eslint/typescript-estree@8.50.1 want: 8.50.1
2276 silly placeDep ROOT @typescript-eslint/tsconfig-utils@8.50.1 OK for: @typescript-eslint/typescript-estree@8.50.1 want: 8.50.1
2277 silly placeDep node_modules/@typescript-eslint/typescript-estree minimatch@9.0.5 OK for: @typescript-eslint/typescript-estree@8.50.1 want: ^9.0.4
2278 silly placeDep node_modules/@typescript-eslint/typescript-estree semver@7.7.3 OK for: @typescript-eslint/typescript-estree@8.50.1 want: ^7.6.0
2279 silly fetch manifest @typescript-eslint/tsconfig-utils@^8.50.1
2280 silly packumentCache full:https://registry.npmjs.org/@typescript-eslint%2ftsconfig-utils cache-miss
2281 silly fetch manifest brace-expansion@^2.0.1
2282 silly packumentCache full:https://registry.npmjs.org/brace-expansion cache-miss
2283 http cache https://registry.npmjs.org/@typescript-eslint%2ftsconfig-utils 4ms (cache hit)
2284 silly packumentCache full:https://registry.npmjs.org/@typescript-eslint%2ftsconfig-utils set size:685198 disposed:false
2285 http cache https://registry.npmjs.org/brace-expansion 6ms (cache hit)
2286 silly packumentCache full:https://registry.npmjs.org/brace-expansion set size:46250 disposed:false
2287 silly placeDep ROOT has-bigints@1.1.0 OK for: unbox-primitive@1.1.0 want: ^1.0.2
2288 silly placeDep ROOT which-boxed-primitive@1.1.1 OK for: unbox-primitive@1.1.0 want: ^1.1.1
2289 silly fetch manifest is-bigint@^1.1.0
2290 silly packumentCache full:https://registry.npmjs.org/is-bigint cache-miss
2291 silly fetch manifest is-boolean-object@^1.2.1
2292 silly packumentCache full:https://registry.npmjs.org/is-boolean-object cache-miss
2293 silly fetch manifest is-number-object@^1.1.1
2294 silly packumentCache full:https://registry.npmjs.org/is-number-object cache-miss
2295 http fetch GET 200 https://registry.npmjs.org/is-bigint 42ms (cache miss)
2296 silly packumentCache full:https://registry.npmjs.org/is-bigint set size:undefined disposed:false
2297 http fetch GET 200 https://registry.npmjs.org/is-boolean-object 44ms (cache miss)
2298 silly packumentCache full:https://registry.npmjs.org/is-boolean-object set size:undefined disposed:false
2299 http fetch GET 200 https://registry.npmjs.org/is-number-object 53ms (cache miss)
2300 silly packumentCache full:https://registry.npmjs.org/is-number-object set size:undefined disposed:false
2301 silly placeDep ROOT @unrs/resolver-binding-android-arm-eabi@1.11.1 OK for: unrs-resolver@1.11.1 want: 1.11.1
2302 silly placeDep ROOT @unrs/resolver-binding-android-arm64@1.11.1 OK for: unrs-resolver@1.11.1 want: 1.11.1
2303 silly placeDep ROOT @unrs/resolver-binding-darwin-arm64@1.11.1 OK for: unrs-resolver@1.11.1 want: 1.11.1
2304 silly placeDep ROOT @unrs/resolver-binding-darwin-x64@1.11.1 OK for: unrs-resolver@1.11.1 want: 1.11.1
2305 silly placeDep ROOT @unrs/resolver-binding-freebsd-x64@1.11.1 OK for: unrs-resolver@1.11.1 want: 1.11.1
2306 silly placeDep ROOT @unrs/resolver-binding-linux-arm-gnueabihf@1.11.1 OK for: unrs-resolver@1.11.1 want: 1.11.1
2307 silly placeDep ROOT @unrs/resolver-binding-linux-arm-musleabihf@1.11.1 OK for: unrs-resolver@1.11.1 want: 1.11.1
2308 silly placeDep ROOT @unrs/resolver-binding-linux-arm64-gnu@1.11.1 OK for: unrs-resolver@1.11.1 want: 1.11.1
2309 silly placeDep ROOT @unrs/resolver-binding-linux-arm64-musl@1.11.1 OK for: unrs-resolver@1.11.1 want: 1.11.1
2310 silly placeDep ROOT @unrs/resolver-binding-linux-ppc64-gnu@1.11.1 OK for: unrs-resolver@1.11.1 want: 1.11.1
2311 silly placeDep ROOT @unrs/resolver-binding-linux-riscv64-gnu@1.11.1 OK for: unrs-resolver@1.11.1 want: 1.11.1
2312 silly placeDep ROOT @unrs/resolver-binding-linux-riscv64-musl@1.11.1 OK for: unrs-resolver@1.11.1 want: 1.11.1
2313 silly placeDep ROOT @unrs/resolver-binding-linux-s390x-gnu@1.11.1 OK for: unrs-resolver@1.11.1 want: 1.11.1
2314 silly placeDep ROOT @unrs/resolver-binding-linux-x64-gnu@1.11.1 OK for: unrs-resolver@1.11.1 want: 1.11.1
2315 silly placeDep ROOT @unrs/resolver-binding-linux-x64-musl@1.11.1 OK for: unrs-resolver@1.11.1 want: 1.11.1
2316 silly placeDep ROOT @unrs/resolver-binding-wasm32-wasi@1.11.1 OK for: unrs-resolver@1.11.1 want: 1.11.1
2317 silly placeDep ROOT @unrs/resolver-binding-win32-arm64-msvc@1.11.1 OK for: unrs-resolver@1.11.1 want: 1.11.1
2318 silly placeDep ROOT @unrs/resolver-binding-win32-ia32-msvc@1.11.1 OK for: unrs-resolver@1.11.1 want: 1.11.1
2319 silly placeDep ROOT @unrs/resolver-binding-win32-x64-msvc@1.11.1 OK for: unrs-resolver@1.11.1 want: 1.11.1
2320 silly placeDep ROOT napi-postinstall@0.3.4 OK for: unrs-resolver@1.11.1 want: ^0.3.0
2321 silly fetch manifest @napi-rs/wasm-runtime@^0.2.11
2322 silly packumentCache full:https://registry.npmjs.org/@napi-rs%2fwasm-runtime cache-miss
2323 http fetch GET 200 https://registry.npmjs.org/@napi-rs%2fwasm-runtime 78ms (cache miss)
2324 silly packumentCache full:https://registry.npmjs.org/@napi-rs%2fwasm-runtime set size:undefined disposed:false
2325 silly placeDep ROOT @napi-rs/wasm-runtime@0.2.12 OK for: @unrs/resolver-binding-wasm32-wasi@1.11.1 want: ^0.2.11
2326 silly fetch manifest @emnapi/core@^1.4.3
2327 silly packumentCache full:https://registry.npmjs.org/@emnapi%2fcore cache-miss
2328 silly fetch manifest @tybys/wasm-util@^0.10.0
2329 silly packumentCache full:https://registry.npmjs.org/@tybys%2fwasm-util cache-miss
2330 http fetch GET 200 https://registry.npmjs.org/@emnapi%2fcore 54ms (cache miss)
2331 silly packumentCache full:https://registry.npmjs.org/@emnapi%2fcore set size:undefined disposed:false
2332 http fetch GET 200 https://registry.npmjs.org/@tybys%2fwasm-util 56ms (cache miss)
2333 silly packumentCache full:https://registry.npmjs.org/@tybys%2fwasm-util set size:undefined disposed:false
2334 silly placeDep ROOT @emnapi/core@1.7.1 OK for: @napi-rs/wasm-runtime@0.2.12 want: ^1.4.3
2335 silly placeDep ROOT @tybys/wasm-util@0.10.1 OK for: @napi-rs/wasm-runtime@0.2.12 want: ^0.10.0
2336 silly fetch manifest @emnapi/wasi-threads@1.1.0
2337 silly packumentCache full:https://registry.npmjs.org/@emnapi%2fwasi-threads cache-miss
2338 http fetch GET 200 https://registry.npmjs.org/@emnapi%2fwasi-threads 66ms (cache miss)
2339 silly packumentCache full:https://registry.npmjs.org/@emnapi%2fwasi-threads set size:undefined disposed:false
2340 silly placeDep ROOT @emnapi/wasi-threads@1.1.0 OK for: @emnapi/core@1.7.1 want: 1.1.0
2341 silly placeDep ROOT escalade@3.2.0 OK for: update-browserslist-db@1.2.3 want: ^3.2.0
2342 silly placeDep ROOT punycode@2.3.1 OK for: uri-js@4.4.1 want: ^2.1.0
2343 silly placeDep ROOT isexe@2.0.0 OK for: which@2.0.2 want: ^2.0.0
2344 silly placeDep ROOT is-bigint@1.1.0 OK for: which-boxed-primitive@1.1.1 want: ^1.1.0
2345 silly placeDep ROOT is-boolean-object@1.2.2 OK for: which-boxed-primitive@1.1.1 want: ^1.2.1
2346 silly placeDep ROOT is-number-object@1.1.1 OK for: which-boxed-primitive@1.1.1 want: ^1.1.1
2347 silly placeDep ROOT is-async-function@2.1.1 OK for: which-builtin-type@1.2.1 want: ^2.0.0
2348 silly placeDep ROOT is-finalizationregistry@1.1.1 OK for: which-builtin-type@1.2.1 want: ^1.1.0
2349 silly placeDep ROOT is-generator-function@1.1.2 OK for: which-builtin-type@1.2.1 want: ^1.0.10
2350 silly placeDep ROOT which-collection@1.0.2 OK for: which-builtin-type@1.2.1 want: ^1.0.2
2351 silly fetch manifest async-function@^1.0.0
2352 silly packumentCache full:https://registry.npmjs.org/async-function cache-miss
2353 silly fetch manifest generator-function@^2.0.0
2354 silly packumentCache full:https://registry.npmjs.org/generator-function cache-miss
2355 silly fetch manifest is-map@^2.0.3
2356 silly packumentCache full:https://registry.npmjs.org/is-map cache-miss
2357 silly fetch manifest is-weakmap@^2.0.2
2358 silly packumentCache full:https://registry.npmjs.org/is-weakmap cache-miss
2359 silly fetch manifest is-weakset@^2.0.3
2360 silly packumentCache full:https://registry.npmjs.org/is-weakset cache-miss
2361 http fetch GET 200 https://registry.npmjs.org/async-function 37ms (cache miss)
2362 silly packumentCache full:https://registry.npmjs.org/async-function set size:undefined disposed:false
2363 http fetch GET 200 https://registry.npmjs.org/is-weakset 48ms (cache miss)
2364 silly packumentCache full:https://registry.npmjs.org/is-weakset set size:undefined disposed:false
2365 http fetch GET 200 https://registry.npmjs.org/is-map 53ms (cache miss)
2366 silly packumentCache full:https://registry.npmjs.org/is-map set size:undefined disposed:false
2367 http fetch GET 200 https://registry.npmjs.org/is-weakmap 53ms (cache miss)
2368 silly packumentCache full:https://registry.npmjs.org/is-weakmap set size:undefined disposed:false
2369 http fetch GET 200 https://registry.npmjs.org/generator-function 84ms (cache miss)
2370 silly packumentCache full:https://registry.npmjs.org/generator-function set size:undefined disposed:false
2371 silly placeDep ROOT async-function@1.0.0 OK for: is-async-function@2.1.1 want: ^1.0.0
2372 silly placeDep ROOT generator-function@2.0.1 OK for: is-generator-function@1.1.2 want: ^2.0.0
2373 silly placeDep ROOT is-map@2.0.3 OK for: which-collection@1.0.2 want: ^2.0.3
2374 silly placeDep ROOT is-weakmap@2.0.2 OK for: which-collection@1.0.2 want: ^2.0.2
2375 silly placeDep ROOT is-weakset@2.0.4 OK for: which-collection@1.0.2 want: ^2.0.3
2376 silly placeDep node_modules/@typescript-eslint/typescript-estree brace-expansion@2.0.2 OK for: minimatch@9.0.5 want: ^2.0.1
2377 silly reify moves {}
2378 silly audit bulk request {
2378 silly audit   '@google/generative-ai': [ '0.24.1' ],
2378 silly audit   '@supabase/ssr': [ '0.8.0' ],
2378 silly audit   '@supabase/supabase-js': [ '2.89.0' ],
2378 silly audit   '@types/node': [ '20.19.27' ],
2378 silly audit   '@types/papaparse': [ '5.5.2' ],
2378 silly audit   '@types/react': [ '19.2.7' ],
2378 silly audit   '@types/react-dom': [ '19.2.3' ],
2378 silly audit   clsx: [ '2.1.1' ],
2378 silly audit   eslint: [ '9.39.2' ],
2378 silly audit   'eslint-config-next': [ '16.0.7' ],
2378 silly audit   'lucide-react': [ '0.556.0' ],
2378 silly audit   react: [ '19.2.0' ],
2378 silly audit   next: [ '16.0.7' ],
2378 silly audit   'react-dom': [ '19.2.0' ],
2378 silly audit   papaparse: [ '5.5.3' ],
2378 silly audit   typescript: [ '5.9.3' ],
2378 silly audit   cookie: [ '1.1.1' ],
2378 silly audit   '@supabase/auth-js': [ '2.89.0' ],
2378 silly audit   '@supabase/functions-js': [ '2.89.0' ],
2378 silly audit   '@supabase/postgrest-js': [ '2.89.0' ],
2378 silly audit   '@supabase/realtime-js': [ '2.89.0' ],
2378 silly audit   '@supabase/storage-js': [ '2.89.0' ],
2378 silly audit   tslib: [ '2.8.1' ],
2378 silly audit   '@types/phoenix': [ '1.6.7' ],
2378 silly audit   '@types/ws': [ '8.18.1' ],
2378 silly audit   ws: [ '8.18.3' ],
2378 silly audit   'iceberg-js': [ '0.8.1' ],
2378 silly audit   'undici-types': [ '6.21.0' ],
2378 silly audit   csstype: [ '3.2.3' ],
2378 silly audit   '@eslint-community/eslint-utils': [ '4.9.0' ],
2378 silly audit   '@eslint-community/regexpp': [ '4.12.2' ],
2378 silly audit   '@eslint/config-array': [ '0.21.1' ],
2378 silly audit   '@eslint/config-helpers': [ '0.4.2' ],
2378 silly audit   '@eslint/core': [ '0.17.0' ],
2378 silly audit   '@eslint/eslintrc': [ '3.3.3' ],
2378 silly audit   '@eslint/js': [ '9.39.2' ],
2378 silly audit   '@eslint/plugin-kit': [ '0.4.1' ],
2378 silly audit   '@humanfs/node': [ '0.16.7' ],
2378 silly audit   '@humanwhocodes/module-importer': [ '1.0.1' ],
2378 silly audit   '@humanwhocodes/retry': [ '0.4.3' ],
2378 silly audit   '@types/estree': [ '1.0.8' ],
2378 silly audit   ajv: [ '6.12.6' ],
2378 silly audit   chalk: [ '4.1.2' ],
2378 silly audit   'cross-spawn': [ '7.0.6' ],
2378 silly audit   debug: [ '4.4.3', '3.2.7' ],
2378 silly audit   'escape-string-regexp': [ '4.0.0' ],
2378 silly audit   'eslint-scope': [ '8.4.0' ],
2378 silly audit   'eslint-visitor-keys': [ '4.2.1', '3.4.3' ],
2378 silly audit   espree: [ '10.4.0' ],
2378 silly audit   esquery: [ '1.6.0' ],
2378 silly audit   esutils: [ '2.0.3' ],
2378 silly audit   'fast-deep-equal': [ '3.1.3' ],
2378 silly audit   'file-entry-cache': [ '8.0.0' ],
2378 silly audit   'find-up': [ '5.0.0' ],
2378 silly audit   'glob-parent': [ '6.0.2', '5.1.2' ],
2378 silly audit   ignore: [ '5.3.2', '7.0.5' ],
2378 silly audit   imurmurhash: [ '0.1.4' ],
2378 silly audit   'is-glob': [ '4.0.3' ],
2378 silly audit   'json-stable-stringify-without-jsonify': [ '1.0.1' ],
2378 silly audit   'lodash.merge': [ '4.6.2' ],
2378 silly audit   minimatch: [ '3.1.2', '9.0.5' ],
2378 silly audit   'natural-compare': [ '1.4.0' ],
2378 silly audit   optionator: [ '0.9.4' ],
2378 silly audit   '@eslint/object-schema': [ '2.1.7' ],
2378 silly audit   '@types/json-schema': [ '7.0.15' ],
2378 silly audit   globals: [ '14.0.0', '16.4.0' ],
2378 silly audit   'import-fresh': [ '3.3.1' ],
2378 silly audit   'js-yaml': [ '4.1.1' ],
2378 silly audit   'strip-json-comments': [ '3.1.1' ],
2378 silly audit   levn: [ '0.4.1' ],
2378 silly audit   '@humanfs/core': [ '0.19.1' ],
2378 silly audit   'fast-json-stable-stringify': [ '2.1.0' ],
2378 silly audit   'json-schema-traverse': [ '0.4.1' ],
2378 silly audit   'uri-js': [ '4.4.1' ],
2378 silly audit   'ansi-styles': [ '4.3.0' ],
2378 silly audit   'supports-color': [ '7.2.0' ],
2378 silly audit   'color-convert': [ '2.0.1' ],
2378 silly audit   'color-name': [ '1.1.4' ],
2378 silly audit   'path-key': [ '3.1.1' ],
2378 silly audit   'shebang-command': [ '2.0.0' ],
2378 silly audit   which: [ '2.0.2' ],
2378 silly audit   ms: [ '2.1.3' ],
2378 silly audit   '@next/eslint-plugin-next': [ '16.0.7' ],
2378 silly audit   'eslint-import-resolver-node': [ '0.3.9' ],
2378 silly audit   'eslint-import-resolver-typescript': [ '3.10.1' ],
2378 silly audit   'eslint-plugin-import': [ '2.32.0' ],
2378 silly audit   'eslint-plugin-jsx-a11y': [ '6.10.2' ],
2378 silly audit   'eslint-plugin-react': [ '7.37.5' ],
2378 silly audit   'eslint-plugin-react-hooks': [ '7.0.1' ],
2378 silly audit   'typescript-eslint': [ '8.50.1' ],
2378 silly audit   'fast-glob': [ '3.3.1' ],
2378 silly audit   'is-core-module': [ '2.16.1' ],
2378 silly audit   resolve: [ '1.22.11', '2.0.0-next.5' ],
2378 silly audit   '@nolyfill/is-core-module': [ '1.0.39' ],
2378 silly audit   'get-tsconfig': [ '4.13.0' ],
2378 silly audit   'is-bun-module': [ '2.0.0' ],
2378 silly audit   'stable-hash': [ '0.0.5' ],
2378 silly audit   tinyglobby: [ '0.2.15' ],
2378 silly audit   'unrs-resolver': [ '1.11.1' ],
2378 silly audit   '@rtsao/scc': [ '1.1.0' ],
2378 silly audit   'array-includes': [ '3.1.9' ],
2378 silly audit   'array.prototype.findlastindex': [ '1.2.6' ],
2378 silly audit   'array.prototype.flat': [ '1.3.3' ],
2378 silly audit   'array.prototype.flatmap': [ '1.3.3' ],
2378 silly audit   doctrine: [ '2.1.0' ],
2378 silly audit   'eslint-module-utils': [ '2.12.1' ],
2378 silly audit   hasown: [ '2.0.2' ],
2378 silly audit   'object.fromentries': [ '2.0.8' ],
2378 silly audit   'object.groupby': [ '1.0.3' ],
2378 silly audit   'object.values': [ '1.2.1' ],
2378 silly audit   semver: [ '6.3.1', '7.7.3' ],
2378 silly audit   'string.prototype.trimend': [ '1.0.9' ],
2378 silly audit   'tsconfig-paths': [ '3.15.0' ],
2378 silly audit   'call-bind': [ '1.0.8' ],
2378 silly audit   'call-bound': [ '1.0.4' ],
2378 silly audit   'define-properties': [ '1.2.1' ],
2378 silly audit   'es-abstract': [ '1.24.1' ],
2378 silly audit   'es-object-atoms': [ '1.1.1' ],
2378 silly audit   'get-intrinsic': [ '1.3.0' ],
2378 silly audit   'is-string': [ '1.1.1' ],
2378 silly audit   'math-intrinsics': [ '1.1.0' ],
2378 silly audit   'es-errors': [ '1.3.0' ],
2378 silly audit   'es-shim-unscopables': [ '1.1.0' ],
2378 silly audit   'call-bind-apply-helpers': [ '1.0.2' ],
2378 silly audit   'es-define-property': [ '1.0.1' ],
2378 silly audit   'set-function-length': [ '1.2.2' ],
2378 silly audit   'function-bind': [ '1.1.2' ],
2378 silly audit   'define-data-property': [ '1.1.4' ],
2378 silly audit   'has-property-descriptors': [ '1.0.2' ],
2378 silly audit   'object-keys': [ '1.1.1' ],
2378 silly audit   gopd: [ '1.2.0' ],
2378 silly audit   'array-buffer-byte-length': [ '1.0.2' ],
2378 silly audit   'arraybuffer.prototype.slice': [ '1.0.4' ],
2378 silly audit   'available-typed-arrays': [ '1.0.7' ],
2378 silly audit   'data-view-buffer': [ '1.0.2' ],
2378 silly audit   'data-view-byte-length': [ '1.0.2' ],
2378 silly audit   'data-view-byte-offset': [ '1.0.1' ],
2378 silly audit   'es-set-tostringtag': [ '2.1.0' ],
2378 silly audit   'es-to-primitive': [ '1.3.0' ],
2378 silly audit   'function.prototype.name': [ '1.1.8' ],
2378 silly audit   'get-proto': [ '1.0.1' ],
2378 silly audit   'get-symbol-description': [ '1.1.0' ],
2378 silly audit   globalthis: [ '1.0.4' ],
2378 silly audit   'has-proto': [ '1.2.0' ],
2378 silly audit   'has-symbols': [ '1.1.0' ],
2378 silly audit   'internal-slot': [ '1.1.0' ],
2378 silly audit   'is-array-buffer': [ '3.0.5' ],
2378 silly audit   'is-callable': [ '1.2.7' ],
2378 silly audit   'is-data-view': [ '1.0.2' ],
2378 silly audit   'is-negative-zero': [ '2.0.3' ],
2378 silly audit   'is-regex': [ '1.2.1' ],
2378 silly audit   'is-set': [ '2.0.3' ],
2378 silly audit   'is-shared-array-buffer': [ '1.0.4' ],
2378 silly audit   'is-typed-array': [ '1.1.15' ],
2378 silly audit   'is-weakref': [ '1.1.1' ],
2378 silly audit   'object-inspect': [ '1.13.4' ],
2378 silly audit   'object.assign': [ '4.1.7' ],
2378 silly audit   'own-keys': [ '1.0.1' ],
2378 silly audit   'regexp.prototype.flags': [ '1.5.4' ],
2378 silly audit   'safe-array-concat': [ '1.1.3' ],
2378 silly audit   'safe-push-apply': [ '1.0.0' ],
2378 silly audit   'safe-regex-test': [ '1.1.0' ],
2378 silly audit   'set-proto': [ '1.0.0' ],
2378 silly audit   'stop-iteration-iterator': [ '1.1.0' ],
2378 silly audit   'string.prototype.trim': [ '1.2.10' ],
2378 silly audit   'string.prototype.trimstart': [ '1.0.8' ],
2378 silly audit   'typed-array-buffer': [ '1.0.3' ],
2378 silly audit   'typed-array-byte-length': [ '1.0.3' ],
2378 silly audit   'typed-array-byte-offset': [ '1.0.4' ],
2378 silly audit   'typed-array-length': [ '1.0.7' ],
2378 silly audit   'unbox-primitive': [ '1.1.0' ],
2378 silly audit   'which-typed-array': [ '1.1.19' ],
2378 silly audit   'possible-typed-array-names': [ '1.1.0' ],
2378 silly audit   'has-tostringtag': [ '1.0.2' ],
2378 silly audit   'is-date-object': [ '1.1.0' ],
2378 silly audit   'is-symbol': [ '1.1.1' ],
2378 silly audit   'aria-query': [ '5.3.2' ],
2378 silly audit   'ast-types-flow': [ '0.0.8' ],
2378 silly audit   'axe-core': [ '4.11.0' ],
2378 silly audit   'axobject-query': [ '4.1.0' ],
2378 silly audit   'damerau-levenshtein': [ '1.0.8' ],
2378 silly audit   'emoji-regex': [ '9.2.2' ],
2378 silly audit   'jsx-ast-utils': [ '3.3.5' ],
2378 silly audit   'language-tags': [ '1.0.9' ],
2378 silly audit   'string.prototype.includes': [ '2.0.1' ],
2378 silly audit   'array.prototype.findlast': [ '1.2.5' ],
2378 silly audit   'array.prototype.tosorted': [ '1.1.4' ],
2378 silly audit   'es-iterator-helpers': [ '1.2.2' ],
2378 silly audit   estraverse: [ '5.3.0' ],
2378 silly audit   'object.entries': [ '1.1.9' ],
2378 silly audit   'prop-types': [ '15.8.1' ],
2378 silly audit   'string.prototype.matchall': [ '4.0.12' ],
2378 silly audit   'string.prototype.repeat': [ '1.0.0' ],
2378 silly audit   'iterator.prototype': [ '1.1.5' ],
2378 silly audit   '@babel/core': [ '7.28.5' ],
2378 silly audit   '@babel/parser': [ '7.28.5' ],
2378 silly audit   'hermes-parser': [ '0.25.1' ],
2378 silly audit   zod: [ '4.2.1' ],
2378 silly audit   'zod-validation-error': [ '4.0.2' ],
2378 silly audit   '@babel/code-frame': [ '7.27.1' ],
2378 silly audit   '@babel/generator': [ '7.28.5' ],
2378 silly audit   '@babel/helper-compilation-targets': [ '7.27.2' ],
2378 silly audit   '@babel/helper-module-transforms': [ '7.28.3' ],
2378 silly audit   '@babel/helpers': [ '7.28.4' ],
2378 silly audit   '@babel/template': [ '7.27.2' ],
2378 silly audit   '@babel/traverse': [ '7.28.5' ],
2378 silly audit   '@babel/types': [ '7.28.5' ],
2378 silly audit   '@jridgewell/remapping': [ '2.3.5' ],
2378 silly audit   'convert-source-map': [ '2.0.0' ],
2378 silly audit   gensync: [ '1.0.0-beta.2' ],
2378 silly audit   json5: [ '2.2.3', '1.0.2' ],
2378 silly audit   '@babel/helper-validator-identifier': [ '7.28.5' ],
2378 silly audit   'js-tokens': [ '4.0.0' ],
2378 silly audit   picocolors: [ '1.1.1' ],
2378 silly audit   '@jridgewell/gen-mapping': [ '0.3.13' ],
2378 silly audit   '@jridgewell/trace-mapping': [ '0.3.31' ],
2378 silly audit   jsesc: [ '3.1.0' ],
2378 silly audit   '@babel/compat-data': [ '7.28.5' ],
2378 silly audit   '@babel/helper-validator-option': [ '7.27.1' ],
2378 silly audit   browserslist: [ '4.28.1' ],
2378 silly audit   'lru-cache': [ '5.1.1' ],
2378 silly audit   '@babel/helper-module-imports': [ '7.27.1' ],
2378 silly audit   '@babel/helper-globals': [ '7.28.0' ],
2378 silly audit   '@babel/helper-string-parser': [ '7.27.1' ],
2378 silly audit   '@jridgewell/sourcemap-codec': [ '1.5.5' ],
2378 silly audit   '@jridgewell/resolve-uri': [ '3.1.2' ],
2378 silly audit   'baseline-browser-mapping': [ '2.9.11' ],
2378 silly audit   'caniuse-lite': [ '1.0.30001761' ],
2378 silly audit   'electron-to-chromium': [ '1.5.267' ],
2378 silly audit   'node-releases': [ '2.0.27' ],
2378 silly audit   'update-browserslist-db': [ '1.2.3' ],
2378 silly audit   esrecurse: [ '4.3.0' ],
2378 silly audit   acorn: [ '8.15.0' ],
2378 silly audit   'acorn-jsx': [ '5.3.2' ],
2378 silly audit   '@nodelib/fs.stat': [ '2.0.5' ],
2378 silly audit   '@nodelib/fs.walk': [ '1.2.8' ],
2378 silly audit   merge2: [ '1.4.1' ],
2378 silly audit   micromatch: [ '4.0.8' ],
2378 silly audit   '@nodelib/fs.scandir': [ '2.1.5' ],
2378 silly audit   fastq: [ '1.20.1' ],
2378 silly audit   'run-parallel': [ '1.2.0' ],
2378 silly audit   reusify: [ '1.1.0' ],
2378 silly audit   'flat-cache': [ '4.0.1' ],
2378 silly audit   'locate-path': [ '6.0.0' ],
2378 silly audit   'path-exists': [ '4.0.0' ],
2378 silly audit   flatted: [ '3.3.3' ],
2378 silly audit   keyv: [ '4.5.4' ],
2378 silly audit   'functions-have-names': [ '1.2.3' ],
2378 silly audit   'dunder-proto': [ '1.0.1' ],
2378 silly audit   'resolve-pkg-maps': [ '1.0.0' ],
2378 silly audit   'hermes-estree': [ '0.25.1' ],
2378 silly audit   'parent-module': [ '1.0.1' ],
2378 silly audit   'resolve-from': [ '4.0.0' ],
2378 silly audit   'side-channel': [ '1.1.0' ],
2378 silly audit   'is-extglob': [ '2.1.1' ],
2378 silly audit   'set-function-name': [ '2.0.2' ],
2378 silly audit   argparse: [ '2.0.1' ],
2378 silly audit   'json-buffer': [ '3.0.1' ],
2378 silly audit   'language-subtag-registry': [ '0.3.23' ],
2378 silly audit   'prelude-ls': [ '1.2.1' ],
2378 silly audit   'type-check': [ '0.4.0' ],
2378 silly audit   'p-locate': [ '5.0.0' ],
2378 silly audit   yallist: [ '3.1.1' ],
2378 silly audit   braces: [ '3.0.3' ],
2378 silly audit   picomatch: [ '2.3.1', '4.0.3' ],
2378 silly audit   'fill-range': [ '7.1.1' ],
2378 silly audit   'to-regex-range': [ '5.0.1' ],
2378 silly audit   'brace-expansion': [ '1.1.12', '2.0.2' ],
2378 silly audit   'balanced-match': [ '1.0.2' ],
2378 silly audit   'concat-map': [ '0.0.1' ],
2378 silly audit   '@next/env': [ '16.0.7' ],
2378 silly audit   '@next/swc-darwin-arm64': [ '16.0.7' ],
2378 silly audit   '@next/swc-darwin-x64': [ '16.0.7' ],
2378 silly audit   '@next/swc-linux-arm64-gnu': [ '16.0.7' ],
2378 silly audit   '@next/swc-linux-arm64-musl': [ '16.0.7' ],
2378 silly audit   '@next/swc-linux-x64-gnu': [ '16.0.7' ],
2378 silly audit   '@next/swc-linux-x64-musl': [ '16.0.7' ],
2378 silly audit   '@next/swc-win32-arm64-msvc': [ '16.0.7' ],
2378 silly audit   '@next/swc-win32-x64-msvc': [ '16.0.7' ],
2378 silly audit   '@swc/helpers': [ '0.5.15' ],
2378 silly audit   postcss: [ '8.4.31' ],
2378 silly audit   sharp: [ '0.34.5' ],
2378 silly audit   'styled-jsx': [ '5.1.6' ],
2378 silly audit   'deep-is': [ '0.1.4' ],
2378 silly audit   'fast-levenshtein': [ '2.0.6' ],
2378 silly audit   'word-wrap': [ '1.2.5' ],
2378 silly audit   'p-limit': [ '3.1.0' ],
2378 silly audit   'yocto-queue': [ '0.1.0' ],
2378 silly audit   callsites: [ '3.1.0' ],
2378 silly audit   nanoid: [ '3.3.11' ],
2378 silly audit   'source-map-js': [ '1.2.1' ],
2378 silly audit   'loose-envify': [ '1.4.0' ],
2378 silly audit   'object-assign': [ '4.1.1' ],
2378 silly audit   'react-is': [ '16.13.1' ],
2378 silly audit   scheduler: [ '0.27.0' ],
2378 silly audit   'path-parse': [ '1.0.7' ],
2378 silly audit   'supports-preserve-symlinks-flag': [ '1.0.0' ],
2378 silly audit   'queue-microtask': [ '1.2.3' ],
2378 silly audit   isarray: [ '2.0.5' ],
2378 silly audit   '@img/colour': [ '1.0.0' ],
2378 silly audit   '@img/sharp-darwin-arm64': [ '0.34.5' ],
2378 silly audit   '@img/sharp-darwin-x64': [ '0.34.5' ],
2378 silly audit   '@img/sharp-libvips-darwin-arm64': [ '1.2.4' ],
2378 silly audit   '@img/sharp-libvips-darwin-x64': [ '1.2.4' ],
2378 silly audit   '@img/sharp-libvips-linux-arm': [ '1.2.4' ],
2378 silly audit   '@img/sharp-libvips-linux-arm64': [ '1.2.4' ],
2378 silly audit   '@img/sharp-libvips-linux-ppc64': [ '1.2.4' ],
2378 silly audit   '@img/sharp-libvips-linux-riscv64': [ '1.2.4' ],
2378 silly audit   '@img/sharp-libvips-linux-s390x': [ '1.2.4' ],
2378 silly audit   '@img/sharp-libvips-linux-x64': [ '1.2.4' ],
2378 silly audit   '@img/sharp-libvips-linuxmusl-arm64': [ '1.2.4' ],
2378 silly audit   '@img/sharp-libvips-linuxmusl-x64': [ '1.2.4' ],
2378 silly audit   '@img/sharp-linux-arm': [ '0.34.5' ],
2378 silly audit   '@img/sharp-linux-arm64': [ '0.34.5' ],
2378 silly audit   '@img/sharp-linux-ppc64': [ '0.34.5' ],
2378 silly audit   '@img/sharp-linux-riscv64': [ '0.34.5' ],
2378 silly audit   '@img/sharp-linux-s390x': [ '0.34.5' ],
2378 silly audit   '@img/sharp-linux-x64': [ '0.34.5' ],
2378 silly audit   '@img/sharp-linuxmusl-arm64': [ '0.34.5' ],
2378 silly audit   '@img/sharp-linuxmusl-x64': [ '0.34.5' ],
2378 silly audit   '@img/sharp-wasm32': [ '0.34.5' ],
2378 silly audit   '@img/sharp-win32-arm64': [ '0.34.5' ],
2378 silly audit   '@img/sharp-win32-ia32': [ '0.34.5' ],
2378 silly audit   '@img/sharp-win32-x64': [ '0.34.5' ],
2378 silly audit   'detect-libc': [ '2.1.2' ],
2378 silly audit   '@emnapi/runtime': [ '1.7.1' ],
2378 silly audit   'shebang-regex': [ '3.0.0' ],
2378 silly audit   'side-channel-list': [ '1.0.0' ],
2378 silly audit   'side-channel-map': [ '1.0.1' ],
2378 silly audit   'side-channel-weakmap': [ '1.0.2' ],
2378 silly audit   'client-only': [ '0.0.1' ],
2378 silly audit   'has-flag': [ '4.0.0' ],
2378 silly audit   fdir: [ '6.5.0' ],
2378 silly audit   'is-number': [ '7.0.0' ],
2378 silly audit   '@types/json5': [ '0.0.29' ],
2378 silly audit   minimist: [ '1.2.8' ],
2378 silly audit   'strip-bom': [ '3.0.0' ],
2378 silly audit   'for-each': [ '0.3.5' ],
2378 silly audit   'reflect.getprototypeof': [ '1.0.10' ],
2378 silly audit   'which-builtin-type': [ '1.2.1' ],
2378 silly audit   '@typescript-eslint/eslint-plugin': [ '8.50.1' ],
2378 silly audit   '@typescript-eslint/parser': [ '8.50.1' ],
2378 silly audit   '@typescript-eslint/typescript-estree': [ '8.50.1' ],
2378 silly audit   '@typescript-eslint/utils': [ '8.50.1' ],
2378 silly audit   '@typescript-eslint/scope-manager': [ '8.50.1' ],
2378 silly audit   '@typescript-eslint/type-utils': [ '8.50.1' ],
2378 silly audit   '@typescript-eslint/visitor-keys': [ '8.50.1' ],
2378 silly audit   'ts-api-utils': [ '2.1.0' ],
2378 silly audit   '@typescript-eslint/types': [ '8.50.1' ],
2378 silly audit   '@typescript-eslint/project-service': [ '8.50.1' ],
2378 silly audit   '@typescript-eslint/tsconfig-utils': [ '8.50.1' ],
2378 silly audit   'has-bigints': [ '1.1.0' ],
2378 silly audit   'which-boxed-primitive': [ '1.1.1' ],
2378 silly audit   '@unrs/resolver-binding-android-arm-eabi': [ '1.11.1' ],
2378 silly audit   '@unrs/resolver-binding-android-arm64': [ '1.11.1' ],
2378 silly audit   '@unrs/resolver-binding-darwin-arm64': [ '1.11.1' ],
2378 silly audit   '@unrs/resolver-binding-darwin-x64': [ '1.11.1' ],
2378 silly audit   '@unrs/resolver-binding-freebsd-x64': [ '1.11.1' ],
2378 silly audit   '@unrs/resolver-binding-linux-arm-gnueabihf': [ '1.11.1' ],
2378 silly audit   '@unrs/resolver-binding-linux-arm-musleabihf': [ '1.11.1' ],
2378 silly audit   '@unrs/resolver-binding-linux-arm64-gnu': [ '1.11.1' ],
2378 silly audit   '@unrs/resolver-binding-linux-arm64-musl': [ '1.11.1' ],
2378 silly audit   '@unrs/resolver-binding-linux-ppc64-gnu': [ '1.11.1' ],
2378 silly audit   '@unrs/resolver-binding-linux-riscv64-gnu': [ '1.11.1' ],
2378 silly audit   '@unrs/resolver-binding-linux-riscv64-musl': [ '1.11.1' ],
2378 silly audit   '@unrs/resolver-binding-linux-s390x-gnu': [ '1.11.1' ],
2378 silly audit   '@unrs/resolver-binding-linux-x64-gnu': [ '1.11.1' ],
2378 silly audit   '@unrs/resolver-binding-linux-x64-musl': [ '1.11.1' ],
2378 silly audit   '@unrs/resolver-binding-wasm32-wasi': [ '1.11.1' ],
2378 silly audit   '@unrs/resolver-binding-win32-arm64-msvc': [ '1.11.1' ],
2378 silly audit   '@unrs/resolver-binding-win32-ia32-msvc': [ '1.11.1' ],
2378 silly audit   '@unrs/resolver-binding-win32-x64-msvc': [ '1.11.1' ],
2378 silly audit   'napi-postinstall': [ '0.3.4' ],
2378 silly audit   '@napi-rs/wasm-runtime': [ '0.2.12' ],
2378 silly audit   '@emnapi/core': [ '1.7.1' ],
2378 silly audit   '@tybys/wasm-util': [ '0.10.1' ],
2378 silly audit   '@emnapi/wasi-threads': [ '1.1.0' ],
2378 silly audit   escalade: [ '3.2.0' ],
2378 silly audit   punycode: [ '2.3.1' ],
2378 silly audit   isexe: [ '2.0.0' ],
2378 silly audit   'is-bigint': [ '1.1.0' ],
2378 silly audit   'is-boolean-object': [ '1.2.2' ],
2378 silly audit   'is-number-object': [ '1.1.1' ],
2378 silly audit   'is-async-function': [ '2.1.1' ],
2378 silly audit   'is-finalizationregistry': [ '1.1.1' ],
2378 silly audit   'is-generator-function': [ '1.1.2' ],
2378 silly audit   'which-collection': [ '1.0.2' ],
2378 silly audit   'async-function': [ '1.0.0' ],
2378 silly audit   'generator-function': [ '2.0.1' ],
2378 silly audit   'is-map': [ '2.0.3' ],
2378 silly audit   'is-weakmap': [ '2.0.2' ],
2378 silly audit   'is-weakset': [ '2.0.4' ]
2378 silly audit }
2379 verbose reify failed optional dependency /Users/spencer/SAAS/ResellSEO/node_modules/@unrs/resolver-binding-win32-x64-msvc
2380 silly reify mark deleted [
2380 silly reify   '/Users/spencer/SAAS/ResellSEO/node_modules/@unrs/resolver-binding-win32-x64-msvc'
2380 silly reify ]
2381 verbose reify failed optional dependency /Users/spencer/SAAS/ResellSEO/node_modules/@unrs/resolver-binding-win32-ia32-msvc
2382 silly reify mark deleted [
2382 silly reify   '/Users/spencer/SAAS/ResellSEO/node_modules/@unrs/resolver-binding-win32-ia32-msvc'
2382 silly reify ]
2383 verbose reify failed optional dependency /Users/spencer/SAAS/ResellSEO/node_modules/@unrs/resolver-binding-win32-arm64-msvc
2384 silly reify mark deleted [
2384 silly reify   '/Users/spencer/SAAS/ResellSEO/node_modules/@unrs/resolver-binding-win32-arm64-msvc'
2384 silly reify ]
2385 verbose reify failed optional dependency /Users/spencer/SAAS/ResellSEO/node_modules/@unrs/resolver-binding-wasm32-wasi
2386 silly reify mark deleted [
2386 silly reify   '/Users/spencer/SAAS/ResellSEO/node_modules/@unrs/resolver-binding-wasm32-wasi'
2386 silly reify ]
2387 verbose reify failed optional dependency /Users/spencer/SAAS/ResellSEO/node_modules/@napi-rs/wasm-runtime
2388 silly reify mark deleted [ '/Users/spencer/SAAS/ResellSEO/node_modules/@napi-rs/wasm-runtime' ]
2389 verbose reify failed optional dependency /Users/spencer/SAAS/ResellSEO/node_modules/@emnapi/core
2390 silly reify mark deleted [ '/Users/spencer/SAAS/ResellSEO/node_modules/@emnapi/core' ]
2391 verbose reify failed optional dependency /Users/spencer/SAAS/ResellSEO/node_modules/@tybys/wasm-util
2392 silly reify mark deleted [ '/Users/spencer/SAAS/ResellSEO/node_modules/@tybys/wasm-util' ]
2393 verbose reify failed optional dependency /Users/spencer/SAAS/ResellSEO/node_modules/@emnapi/wasi-threads
2394 silly reify mark deleted [ '/Users/spencer/SAAS/ResellSEO/node_modules/@emnapi/wasi-threads' ]
2395 verbose reify failed optional dependency /Users/spencer/SAAS/ResellSEO/node_modules/@unrs/resolver-binding-linux-x64-musl
2396 silly reify mark deleted [
2396 silly reify   '/Users/spencer/SAAS/ResellSEO/node_modules/@unrs/resolver-binding-linux-x64-musl'
2396 silly reify ]
2397 verbose reify failed optional dependency /Users/spencer/SAAS/ResellSEO/node_modules/@unrs/resolver-binding-linux-x64-gnu
2398 silly reify mark deleted [
2398 silly reify   '/Users/spencer/SAAS/ResellSEO/node_modules/@unrs/resolver-binding-linux-x64-gnu'
2398 silly reify ]
2399 verbose reify failed optional dependency /Users/spencer/SAAS/ResellSEO/node_modules/@unrs/resolver-binding-linux-s390x-gnu
2400 silly reify mark deleted [
2400 silly reify   '/Users/spencer/SAAS/ResellSEO/node_modules/@unrs/resolver-binding-linux-s390x-gnu'
2400 silly reify ]
2401 verbose reify failed optional dependency /Users/spencer/SAAS/ResellSEO/node_modules/@unrs/resolver-binding-linux-riscv64-musl
2402 silly reify mark deleted [
2402 silly reify   '/Users/spencer/SAAS/ResellSEO/node_modules/@unrs/resolver-binding-linux-riscv64-musl'
2402 silly reify ]
2403 verbose reify failed optional dependency /Users/spencer/SAAS/ResellSEO/node_modules/@unrs/resolver-binding-linux-riscv64-gnu
2404 silly reify mark deleted [
2404 silly reify   '/Users/spencer/SAAS/ResellSEO/node_modules/@unrs/resolver-binding-linux-riscv64-gnu'
2404 silly reify ]
2405 verbose reify failed optional dependency /Users/spencer/SAAS/ResellSEO/node_modules/@unrs/resolver-binding-linux-ppc64-gnu
2406 silly reify mark deleted [
2406 silly reify   '/Users/spencer/SAAS/ResellSEO/node_modules/@unrs/resolver-binding-linux-ppc64-gnu'
2406 silly reify ]
2407 verbose reify failed optional dependency /Users/spencer/SAAS/ResellSEO/node_modules/@unrs/resolver-binding-linux-arm64-musl
2408 silly reify mark deleted [
2408 silly reify   '/Users/spencer/SAAS/ResellSEO/node_modules/@unrs/resolver-binding-linux-arm64-musl'
2408 silly reify ]
2409 verbose reify failed optional dependency /Users/spencer/SAAS/ResellSEO/node_modules/@unrs/resolver-binding-linux-arm64-gnu
2410 silly reify mark deleted [
2410 silly reify   '/Users/spencer/SAAS/ResellSEO/node_modules/@unrs/resolver-binding-linux-arm64-gnu'
2410 silly reify ]
2411 verbose reify failed optional dependency /Users/spencer/SAAS/ResellSEO/node_modules/@unrs/resolver-binding-linux-arm-musleabihf
2412 silly reify mark deleted [
2412 silly reify   '/Users/spencer/SAAS/ResellSEO/node_modules/@unrs/resolver-binding-linux-arm-musleabihf'
2412 silly reify ]
2413 verbose reify failed optional dependency /Users/spencer/SAAS/ResellSEO/node_modules/@unrs/resolver-binding-linux-arm-gnueabihf
2414 silly reify mark deleted [
2414 silly reify   '/Users/spencer/SAAS/ResellSEO/node_modules/@unrs/resolver-binding-linux-arm-gnueabihf'
2414 silly reify ]
2415 verbose reify failed optional dependency /Users/spencer/SAAS/ResellSEO/node_modules/@unrs/resolver-binding-freebsd-x64
2416 silly reify mark deleted [
2416 silly reify   '/Users/spencer/SAAS/ResellSEO/node_modules/@unrs/resolver-binding-freebsd-x64'
2416 silly reify ]
2417 verbose reify failed optional dependency /Users/spencer/SAAS/ResellSEO/node_modules/@unrs/resolver-binding-darwin-x64
2418 silly reify mark deleted [
2418 silly reify   '/Users/spencer/SAAS/ResellSEO/node_modules/@unrs/resolver-binding-darwin-x64'
2418 silly reify ]
2419 verbose reify failed optional dependency /Users/spencer/SAAS/ResellSEO/node_modules/@unrs/resolver-binding-android-arm64
2420 silly reify mark deleted [
2420 silly reify   '/Users/spencer/SAAS/ResellSEO/node_modules/@unrs/resolver-binding-android-arm64'
2420 silly reify ]
2421 verbose reify failed optional dependency /Users/spencer/SAAS/ResellSEO/node_modules/@unrs/resolver-binding-android-arm-eabi
2422 silly reify mark deleted [
2422 silly reify   '/Users/spencer/SAAS/ResellSEO/node_modules/@unrs/resolver-binding-android-arm-eabi'
2422 silly reify ]
2423 verbose reify failed optional dependency /Users/spencer/SAAS/ResellSEO/node_modules/@img/sharp-win32-x64
2424 silly reify mark deleted [ '/Users/spencer/SAAS/ResellSEO/node_modules/@img/sharp-win32-x64' ]
2425 verbose reify failed optional dependency /Users/spencer/SAAS/ResellSEO/node_modules/@img/sharp-win32-ia32
2426 silly reify mark deleted [ '/Users/spencer/SAAS/ResellSEO/node_modules/@img/sharp-win32-ia32' ]
2427 verbose reify failed optional dependency /Users/spencer/SAAS/ResellSEO/node_modules/@img/sharp-win32-arm64
2428 silly reify mark deleted [ '/Users/spencer/SAAS/ResellSEO/node_modules/@img/sharp-win32-arm64' ]
2429 verbose reify failed optional dependency /Users/spencer/SAAS/ResellSEO/node_modules/@img/sharp-wasm32
2430 silly reify mark deleted [ '/Users/spencer/SAAS/ResellSEO/node_modules/@img/sharp-wasm32' ]
2431 verbose reify failed optional dependency /Users/spencer/SAAS/ResellSEO/node_modules/@img/sharp-linuxmusl-x64
2432 silly reify mark deleted [
2432 silly reify   '/Users/spencer/SAAS/ResellSEO/node_modules/@img/sharp-linuxmusl-x64'
2432 silly reify ]
2433 verbose reify failed optional dependency /Users/spencer/SAAS/ResellSEO/node_modules/@img/sharp-linuxmusl-arm64
2434 silly reify mark deleted [
2434 silly reify   '/Users/spencer/SAAS/ResellSEO/node_modules/@img/sharp-linuxmusl-arm64'
2434 silly reify ]
2435 verbose reify failed optional dependency /Users/spencer/SAAS/ResellSEO/node_modules/@img/sharp-linux-x64
2436 silly reify mark deleted [ '/Users/spencer/SAAS/ResellSEO/node_modules/@img/sharp-linux-x64' ]
2437 verbose reify failed optional dependency /Users/spencer/SAAS/ResellSEO/node_modules/@img/sharp-linux-s390x
2438 silly reify mark deleted [ '/Users/spencer/SAAS/ResellSEO/node_modules/@img/sharp-linux-s390x' ]
2439 verbose reify failed optional dependency /Users/spencer/SAAS/ResellSEO/node_modules/@img/sharp-linux-riscv64
2440 silly reify mark deleted [
2440 silly reify   '/Users/spencer/SAAS/ResellSEO/node_modules/@img/sharp-linux-riscv64'
2440 silly reify ]
2441 verbose reify failed optional dependency /Users/spencer/SAAS/ResellSEO/node_modules/@img/sharp-linux-ppc64
2442 silly reify mark deleted [ '/Users/spencer/SAAS/ResellSEO/node_modules/@img/sharp-linux-ppc64' ]
2443 verbose reify failed optional dependency /Users/spencer/SAAS/ResellSEO/node_modules/@img/sharp-linux-arm64
2444 silly reify mark deleted [ '/Users/spencer/SAAS/ResellSEO/node_modules/@img/sharp-linux-arm64' ]
2445 verbose reify failed optional dependency /Users/spencer/SAAS/ResellSEO/node_modules/@img/sharp-linux-arm
2446 silly reify mark deleted [ '/Users/spencer/SAAS/ResellSEO/node_modules/@img/sharp-linux-arm' ]
2447 verbose reify failed optional dependency /Users/spencer/SAAS/ResellSEO/node_modules/@img/sharp-libvips-linuxmusl-x64
2448 silly reify mark deleted [
2448 silly reify   '/Users/spencer/SAAS/ResellSEO/node_modules/@img/sharp-libvips-linuxmusl-x64'
2448 silly reify ]
2449 verbose reify failed optional dependency /Users/spencer/SAAS/ResellSEO/node_modules/@img/sharp-libvips-linuxmusl-arm64
2450 silly reify mark deleted [
2450 silly reify   '/Users/spencer/SAAS/ResellSEO/node_modules/@img/sharp-libvips-linuxmusl-arm64'
2450 silly reify ]
2451 verbose reify failed optional dependency /Users/spencer/SAAS/ResellSEO/node_modules/@img/sharp-libvips-linux-x64
2452 silly reify mark deleted [
2452 silly reify   '/Users/spencer/SAAS/ResellSEO/node_modules/@img/sharp-libvips-linux-x64'
2452 silly reify ]
2453 verbose reify failed optional dependency /Users/spencer/SAAS/ResellSEO/node_modules/@img/sharp-libvips-linux-s390x
2454 silly reify mark deleted [
2454 silly reify   '/Users/spencer/SAAS/ResellSEO/node_modules/@img/sharp-libvips-linux-s390x'
2454 silly reify ]
2455 verbose reify failed optional dependency /Users/spencer/SAAS/ResellSEO/node_modules/@img/sharp-libvips-linux-riscv64
2456 silly reify mark deleted [
2456 silly reify   '/Users/spencer/SAAS/ResellSEO/node_modules/@img/sharp-libvips-linux-riscv64'
2456 silly reify ]
2457 verbose reify failed optional dependency /Users/spencer/SAAS/ResellSEO/node_modules/@img/sharp-libvips-linux-ppc64
2458 silly reify mark deleted [
2458 silly reify   '/Users/spencer/SAAS/ResellSEO/node_modules/@img/sharp-libvips-linux-ppc64'
2458 silly reify ]
2459 verbose reify failed optional dependency /Users/spencer/SAAS/ResellSEO/node_modules/@img/sharp-libvips-linux-arm64
2460 silly reify mark deleted [
2460 silly reify   '/Users/spencer/SAAS/ResellSEO/node_modules/@img/sharp-libvips-linux-arm64'
2460 silly reify ]
2461 verbose reify failed optional dependency /Users/spencer/SAAS/ResellSEO/node_modules/@img/sharp-libvips-linux-arm
2462 silly reify mark deleted [
2462 silly reify   '/Users/spencer/SAAS/ResellSEO/node_modules/@img/sharp-libvips-linux-arm'
2462 silly reify ]
2463 verbose reify failed optional dependency /Users/spencer/SAAS/ResellSEO/node_modules/@img/sharp-libvips-darwin-x64
2464 silly reify mark deleted [
2464 silly reify   '/Users/spencer/SAAS/ResellSEO/node_modules/@img/sharp-libvips-darwin-x64'
2464 silly reify ]
2465 verbose reify failed optional dependency /Users/spencer/SAAS/ResellSEO/node_modules/@img/sharp-darwin-x64
2466 silly reify mark deleted [ '/Users/spencer/SAAS/ResellSEO/node_modules/@img/sharp-darwin-x64' ]
2467 verbose reify failed optional dependency /Users/spencer/SAAS/ResellSEO/node_modules/@next/swc-win32-x64-msvc
2468 silly reify mark deleted [
2468 silly reify   '/Users/spencer/SAAS/ResellSEO/node_modules/@next/swc-win32-x64-msvc'
2468 silly reify ]
2469 verbose reify failed optional dependency /Users/spencer/SAAS/ResellSEO/node_modules/@next/swc-win32-arm64-msvc
2470 silly reify mark deleted [
2470 silly reify   '/Users/spencer/SAAS/ResellSEO/node_modules/@next/swc-win32-arm64-msvc'
2470 silly reify ]
2471 verbose reify failed optional dependency /Users/spencer/SAAS/ResellSEO/node_modules/@next/swc-linux-x64-musl
2472 silly reify mark deleted [
2472 silly reify   '/Users/spencer/SAAS/ResellSEO/node_modules/@next/swc-linux-x64-musl'
2472 silly reify ]
2473 verbose reify failed optional dependency /Users/spencer/SAAS/ResellSEO/node_modules/@next/swc-linux-x64-gnu
2474 silly reify mark deleted [
2474 silly reify   '/Users/spencer/SAAS/ResellSEO/node_modules/@next/swc-linux-x64-gnu'
2474 silly reify ]
2475 verbose reify failed optional dependency /Users/spencer/SAAS/ResellSEO/node_modules/@next/swc-linux-arm64-musl
2476 silly reify mark deleted [
2476 silly reify   '/Users/spencer/SAAS/ResellSEO/node_modules/@next/swc-linux-arm64-musl'
2476 silly reify ]
2477 verbose reify failed optional dependency /Users/spencer/SAAS/ResellSEO/node_modules/@next/swc-linux-arm64-gnu
2478 silly reify mark deleted [
2478 silly reify   '/Users/spencer/SAAS/ResellSEO/node_modules/@next/swc-linux-arm64-gnu'
2478 silly reify ]
2479 verbose reify failed optional dependency /Users/spencer/SAAS/ResellSEO/node_modules/@next/swc-darwin-x64
2480 silly reify mark deleted [ '/Users/spencer/SAAS/ResellSEO/node_modules/@next/swc-darwin-x64' ]
2481 http cache is-weakmap@https://registry.npmjs.org/is-weakmap/-/is-weakmap-2.0.2.tgz 0ms (cache hit)
2482 http cache is-weakset@https://registry.npmjs.org/is-weakset/-/is-weakset-2.0.4.tgz 0ms (cache hit)
2483 http cache is-map@https://registry.npmjs.org/is-map/-/is-map-2.0.3.tgz 0ms (cache hit)
2484 http cache which-collection@https://registry.npmjs.org/which-collection/-/which-collection-1.0.2.tgz 0ms (cache hit)
2485 http cache async-function@https://registry.npmjs.org/async-function/-/async-function-1.0.0.tgz 0ms (cache hit)
2486 http cache generator-function@https://registry.npmjs.org/generator-function/-/generator-function-2.0.1.tgz 0ms (cache hit)
2487 http cache is-generator-function@https://registry.npmjs.org/is-generator-function/-/is-generator-function-1.1.2.tgz 0ms (cache hit)
2488 http cache is-async-function@https://registry.npmjs.org/is-async-function/-/is-async-function-2.1.1.tgz 0ms (cache hit)
2489 http cache is-number-object@https://registry.npmjs.org/is-number-object/-/is-number-object-1.1.1.tgz 0ms (cache hit)
2490 http cache is-boolean-object@https://registry.npmjs.org/is-boolean-object/-/is-boolean-object-1.2.2.tgz 0ms (cache hit)
2491 http cache is-finalizationregistry@https://registry.npmjs.org/is-finalizationregistry/-/is-finalizationregistry-1.1.1.tgz 0ms (cache hit)
2492 http cache is-bigint@https://registry.npmjs.org/is-bigint/-/is-bigint-1.1.0.tgz 0ms (cache hit)
2493 http cache isexe@https://registry.npmjs.org/isexe/-/isexe-2.0.0.tgz 0ms (cache hit)
2494 http cache escalade@https://registry.npmjs.org/escalade/-/escalade-3.2.0.tgz 0ms (cache hit)
2495 http cache @emnapi/wasi-threads@https://registry.npmjs.org/@emnapi/wasi-threads/-/wasi-threads-1.1.0.tgz 0ms (cache hit)
2496 http cache @tybys/wasm-util@https://registry.npmjs.org/@tybys/wasm-util/-/wasm-util-0.10.1.tgz 0ms (cache hit)
2497 http cache @emnapi/core@https://registry.npmjs.org/@emnapi/core/-/core-1.7.1.tgz 0ms (cache hit)
2498 http cache punycode@https://registry.npmjs.org/punycode/-/punycode-2.3.1.tgz 0ms (cache hit)
2499 http cache napi-postinstall@https://registry.npmjs.org/napi-postinstall/-/napi-postinstall-0.3.4.tgz 0ms (cache hit)
2500 http cache @unrs/resolver-binding-darwin-arm64@https://registry.npmjs.org/@unrs/resolver-binding-darwin-arm64/-/resolver-binding-darwin-arm64-1.11.1.tgz 0ms (cache hit)
2501 http cache @napi-rs/wasm-runtime@https://registry.npmjs.org/@napi-rs/wasm-runtime/-/wasm-runtime-0.2.12.tgz 0ms (cache hit)
2502 http cache which-boxed-primitive@https://registry.npmjs.org/which-boxed-primitive/-/which-boxed-primitive-1.1.1.tgz 0ms (cache hit)
2503 http cache has-bigints@https://registry.npmjs.org/has-bigints/-/has-bigints-1.1.0.tgz 0ms (cache hit)
2504 http cache @typescript-eslint/tsconfig-utils@https://registry.npmjs.org/@typescript-eslint/tsconfig-utils/-/tsconfig-utils-8.50.1.tgz 0ms (cache hit)
2505 http cache @typescript-eslint/project-service@https://registry.npmjs.org/@typescript-eslint/project-service/-/project-service-8.50.1.tgz 0ms (cache hit)
2506 http cache @typescript-eslint/types@https://registry.npmjs.org/@typescript-eslint/types/-/types-8.50.1.tgz 0ms (cache hit)
2507 http cache ts-api-utils@https://registry.npmjs.org/ts-api-utils/-/ts-api-utils-2.1.0.tgz 0ms (cache hit)
2508 http cache @typescript-eslint/visitor-keys@https://registry.npmjs.org/@typescript-eslint/visitor-keys/-/visitor-keys-8.50.1.tgz 0ms (cache hit)
2509 http cache @typescript-eslint/type-utils@https://registry.npmjs.org/@typescript-eslint/type-utils/-/type-utils-8.50.1.tgz 0ms (cache hit)
2510 http cache @typescript-eslint/scope-manager@https://registry.npmjs.org/@typescript-eslint/scope-manager/-/scope-manager-8.50.1.tgz 0ms (cache hit)
2511 http cache @typescript-eslint/utils@https://registry.npmjs.org/@typescript-eslint/utils/-/utils-8.50.1.tgz 0ms (cache hit)
2512 http cache @typescript-eslint/typescript-estree@https://registry.npmjs.org/@typescript-eslint/typescript-estree/-/typescript-estree-8.50.1.tgz 0ms (cache hit)
2513 http cache @typescript-eslint/parser@https://registry.npmjs.org/@typescript-eslint/parser/-/parser-8.50.1.tgz 0ms (cache hit)
2514 http cache @typescript-eslint/eslint-plugin@https://registry.npmjs.org/@typescript-eslint/eslint-plugin/-/eslint-plugin-8.50.1.tgz 0ms (cache hit)
2515 http cache which-builtin-type@https://registry.npmjs.org/which-builtin-type/-/which-builtin-type-1.2.1.tgz 0ms (cache hit)
2516 http cache reflect.getprototypeof@https://registry.npmjs.org/reflect.getprototypeof/-/reflect.getprototypeof-1.0.10.tgz 0ms (cache hit)
2517 http cache for-each@https://registry.npmjs.org/for-each/-/for-each-0.3.5.tgz 0ms (cache hit)
2518 http cache strip-bom@https://registry.npmjs.org/strip-bom/-/strip-bom-3.0.0.tgz 0ms (cache hit)
2519 http cache minimist@https://registry.npmjs.org/minimist/-/minimist-1.2.8.tgz 0ms (cache hit)
2520 http cache @types/json5@https://registry.npmjs.org/@types/json5/-/json5-0.0.29.tgz 0ms (cache hit)
2521 http cache is-number@https://registry.npmjs.org/is-number/-/is-number-7.0.0.tgz 0ms (cache hit)
2522 http cache has-flag@https://registry.npmjs.org/has-flag/-/has-flag-4.0.0.tgz 0ms (cache hit)
2523 http cache client-only@https://registry.npmjs.org/client-only/-/client-only-0.0.1.tgz 0ms (cache hit)
2524 http cache side-channel-weakmap@https://registry.npmjs.org/side-channel-weakmap/-/side-channel-weakmap-1.0.2.tgz 0ms (cache hit)
2525 http cache side-channel-map@https://registry.npmjs.org/side-channel-map/-/side-channel-map-1.0.1.tgz 0ms (cache hit)
2526 http cache side-channel-list@https://registry.npmjs.org/side-channel-list/-/side-channel-list-1.0.0.tgz 0ms (cache hit)
2527 http cache @emnapi/runtime@https://registry.npmjs.org/@emnapi/runtime/-/runtime-1.7.1.tgz 0ms (cache hit)
2528 http cache detect-libc@https://registry.npmjs.org/detect-libc/-/detect-libc-2.1.2.tgz 0ms (cache hit)
2529 http cache @img/sharp-darwin-arm64@https://registry.npmjs.org/@img/sharp-darwin-arm64/-/sharp-darwin-arm64-0.34.5.tgz 0ms (cache hit)
2530 http cache @img/colour@https://registry.npmjs.org/@img/colour/-/colour-1.0.0.tgz 0ms (cache hit)
2531 http cache @img/sharp-libvips-darwin-arm64@https://registry.npmjs.org/@img/sharp-libvips-darwin-arm64/-/sharp-libvips-darwin-arm64-1.2.4.tgz 0ms (cache hit)
2532 http cache isarray@https://registry.npmjs.org/isarray/-/isarray-2.0.5.tgz 0ms (cache hit)
2533 http cache queue-microtask@https://registry.npmjs.org/queue-microtask/-/queue-microtask-1.2.3.tgz 0ms (cache hit)
2534 http cache supports-preserve-symlinks-flag@https://registry.npmjs.org/supports-preserve-symlinks-flag/-/supports-preserve-symlinks-flag-1.0.0.tgz 0ms (cache hit)
2535 http cache path-parse@https://registry.npmjs.org/path-parse/-/path-parse-1.0.7.tgz 0ms (cache hit)
2536 http cache scheduler@https://registry.npmjs.org/scheduler/-/scheduler-0.27.0.tgz 0ms (cache hit)
2537 http cache react-is@https://registry.npmjs.org/react-is/-/react-is-16.13.1.tgz 0ms (cache hit)
2538 http cache object-assign@https://registry.npmjs.org/object-assign/-/object-assign-4.1.1.tgz 0ms (cache hit)
2539 http cache loose-envify@https://registry.npmjs.org/loose-envify/-/loose-envify-1.4.0.tgz 0ms (cache hit)
2540 http cache source-map-js@https://registry.npmjs.org/source-map-js/-/source-map-js-1.2.1.tgz 0ms (cache hit)
2541 http cache nanoid@https://registry.npmjs.org/nanoid/-/nanoid-3.3.11.tgz 0ms (cache hit)
2542 http cache callsites@https://registry.npmjs.org/callsites/-/callsites-3.1.0.tgz 0ms (cache hit)
2543 http cache p-limit@https://registry.npmjs.org/p-limit/-/p-limit-3.1.0.tgz 0ms (cache hit)
2544 http cache yocto-queue@https://registry.npmjs.org/yocto-queue/-/yocto-queue-0.1.0.tgz 0ms (cache hit)
2545 http cache word-wrap@https://registry.npmjs.org/word-wrap/-/word-wrap-1.2.5.tgz 0ms (cache hit)
2546 http cache fast-levenshtein@https://registry.npmjs.org/fast-levenshtein/-/fast-levenshtein-2.0.6.tgz 0ms (cache hit)
2547 http cache shebang-regex@https://registry.npmjs.org/shebang-regex/-/shebang-regex-3.0.0.tgz 0ms (cache hit)
2548 http cache deep-is@https://registry.npmjs.org/deep-is/-/deep-is-0.1.4.tgz 0ms (cache hit)
2549 http cache sharp@https://registry.npmjs.org/sharp/-/sharp-0.34.5.tgz 0ms (cache hit)
2550 http cache postcss@https://registry.npmjs.org/postcss/-/postcss-8.4.31.tgz 0ms (cache hit)
2551 http cache @swc/helpers@https://registry.npmjs.org/@swc/helpers/-/helpers-0.5.15.tgz 0ms (cache hit)
2552 http cache styled-jsx@https://registry.npmjs.org/styled-jsx/-/styled-jsx-5.1.6.tgz 0ms (cache hit)
2553 http cache @next/swc-darwin-arm64@https://registry.npmjs.org/@next/swc-darwin-arm64/-/swc-darwin-arm64-16.0.7.tgz 0ms (cache hit)
2554 http cache concat-map@https://registry.npmjs.org/concat-map/-/concat-map-0.0.1.tgz 0ms (cache hit)
2555 http cache balanced-match@https://registry.npmjs.org/balanced-match/-/balanced-match-1.0.2.tgz 0ms (cache hit)
2556 http cache brace-expansion@https://registry.npmjs.org/brace-expansion/-/brace-expansion-1.1.12.tgz 0ms (cache hit)
2557 http cache to-regex-range@https://registry.npmjs.org/to-regex-range/-/to-regex-range-5.0.1.tgz 0ms (cache hit)
2558 http cache fill-range@https://registry.npmjs.org/fill-range/-/fill-range-7.1.1.tgz 0ms (cache hit)
2559 http cache picomatch@https://registry.npmjs.org/picomatch/-/picomatch-2.3.1.tgz 0ms (cache hit)
2560 http cache braces@https://registry.npmjs.org/braces/-/braces-3.0.3.tgz 0ms (cache hit)
2561 http cache yallist@https://registry.npmjs.org/yallist/-/yallist-3.1.1.tgz 0ms (cache hit)
2562 http cache p-locate@https://registry.npmjs.org/p-locate/-/p-locate-5.0.0.tgz 0ms (cache hit)
2563 http cache type-check@https://registry.npmjs.org/type-check/-/type-check-0.4.0.tgz 0ms (cache hit)
2564 http cache prelude-ls@https://registry.npmjs.org/prelude-ls/-/prelude-ls-1.2.1.tgz 0ms (cache hit)
2565 http cache language-subtag-registry@https://registry.npmjs.org/language-subtag-registry/-/language-subtag-registry-0.3.23.tgz 0ms (cache hit)
2566 http cache json-buffer@https://registry.npmjs.org/json-buffer/-/json-buffer-3.0.1.tgz 0ms (cache hit)
2567 http cache argparse@https://registry.npmjs.org/argparse/-/argparse-2.0.1.tgz 0ms (cache hit)
2568 http cache set-function-name@https://registry.npmjs.org/set-function-name/-/set-function-name-2.0.2.tgz 0ms (cache hit)
2569 http cache is-extglob@https://registry.npmjs.org/is-extglob/-/is-extglob-2.1.1.tgz 0ms (cache hit)
2570 http cache side-channel@https://registry.npmjs.org/side-channel/-/side-channel-1.1.0.tgz 0ms (cache hit)
2571 http cache resolve-from@https://registry.npmjs.org/resolve-from/-/resolve-from-4.0.0.tgz 0ms (cache hit)
2572 http cache parent-module@https://registry.npmjs.org/parent-module/-/parent-module-1.0.1.tgz 0ms (cache hit)
2573 http cache hermes-estree@https://registry.npmjs.org/hermes-estree/-/hermes-estree-0.25.1.tgz 0ms (cache hit)
2574 http cache resolve-pkg-maps@https://registry.npmjs.org/resolve-pkg-maps/-/resolve-pkg-maps-1.0.0.tgz 0ms (cache hit)
2575 http cache dunder-proto@https://registry.npmjs.org/dunder-proto/-/dunder-proto-1.0.1.tgz 0ms (cache hit)
2576 http cache functions-have-names@https://registry.npmjs.org/functions-have-names/-/functions-have-names-1.2.3.tgz 0ms (cache hit)
2577 http cache flatted@https://registry.npmjs.org/flatted/-/flatted-3.3.3.tgz 0ms (cache hit)
2578 http cache path-exists@https://registry.npmjs.org/path-exists/-/path-exists-4.0.0.tgz 0ms (cache hit)
2579 http cache @next/env@https://registry.npmjs.org/@next/env/-/env-16.0.7.tgz 0ms (cache hit)
2580 http cache locate-path@https://registry.npmjs.org/locate-path/-/locate-path-6.0.0.tgz 0ms (cache hit)
2581 http cache flat-cache@https://registry.npmjs.org/flat-cache/-/flat-cache-4.0.1.tgz 0ms (cache hit)
2582 http cache reusify@https://registry.npmjs.org/reusify/-/reusify-1.1.0.tgz 0ms (cache hit)
2583 http cache run-parallel@https://registry.npmjs.org/run-parallel/-/run-parallel-1.2.0.tgz 0ms (cache hit)
2584 http cache fastq@https://registry.npmjs.org/fastq/-/fastq-1.20.1.tgz 0ms (cache hit)
2585 http cache @nodelib/fs.scandir@https://registry.npmjs.org/@nodelib/fs.scandir/-/fs.scandir-2.1.5.tgz 0ms (cache hit)
2586 http cache micromatch@https://registry.npmjs.org/micromatch/-/micromatch-4.0.8.tgz 0ms (cache hit)
2587 http cache merge2@https://registry.npmjs.org/merge2/-/merge2-1.4.1.tgz 0ms (cache hit)
2588 http cache @nodelib/fs.walk@https://registry.npmjs.org/@nodelib/fs.walk/-/fs.walk-1.2.8.tgz 0ms (cache hit)
2589 http cache @nodelib/fs.stat@https://registry.npmjs.org/@nodelib/fs.stat/-/fs.stat-2.0.5.tgz 0ms (cache hit)
2590 http cache acorn-jsx@https://registry.npmjs.org/acorn-jsx/-/acorn-jsx-5.3.2.tgz 0ms (cache hit)
2591 http cache acorn@https://registry.npmjs.org/acorn/-/acorn-8.15.0.tgz 0ms (cache hit)
2592 http cache esrecurse@https://registry.npmjs.org/esrecurse/-/esrecurse-4.3.0.tgz 0ms (cache hit)
2593 http cache update-browserslist-db@https://registry.npmjs.org/update-browserslist-db/-/update-browserslist-db-1.2.3.tgz 0ms (cache hit)
2594 http cache node-releases@https://registry.npmjs.org/node-releases/-/node-releases-2.0.27.tgz 0ms (cache hit)
2595 http cache electron-to-chromium@https://registry.npmjs.org/electron-to-chromium/-/electron-to-chromium-1.5.267.tgz 0ms (cache hit)
2596 http cache caniuse-lite@https://registry.npmjs.org/caniuse-lite/-/caniuse-lite-1.0.30001761.tgz 0ms (cache hit)
2597 http cache baseline-browser-mapping@https://registry.npmjs.org/baseline-browser-mapping/-/baseline-browser-mapping-2.9.11.tgz 0ms (cache hit)
2598 http cache @jridgewell/resolve-uri@https://registry.npmjs.org/@jridgewell/resolve-uri/-/resolve-uri-3.1.2.tgz 0ms (cache hit)
2599 http cache @jridgewell/sourcemap-codec@https://registry.npmjs.org/@jridgewell/sourcemap-codec/-/sourcemap-codec-1.5.5.tgz 0ms (cache hit)
2600 http cache @babel/helper-string-parser@https://registry.npmjs.org/@babel/helper-string-parser/-/helper-string-parser-7.27.1.tgz 0ms (cache hit)
2601 http cache @babel/helper-globals@https://registry.npmjs.org/@babel/helper-globals/-/helper-globals-7.28.0.tgz 0ms (cache hit)
2602 http cache @babel/helper-module-imports@https://registry.npmjs.org/@babel/helper-module-imports/-/helper-module-imports-7.27.1.tgz 0ms (cache hit)
2603 http cache lru-cache@https://registry.npmjs.org/lru-cache/-/lru-cache-5.1.1.tgz 0ms (cache hit)
2604 http cache browserslist@https://registry.npmjs.org/browserslist/-/browserslist-4.28.1.tgz 0ms (cache hit)
2605 http cache @babel/helper-validator-option@https://registry.npmjs.org/@babel/helper-validator-option/-/helper-validator-option-7.27.1.tgz 0ms (cache hit)
2606 http cache @babel/compat-data@https://registry.npmjs.org/@babel/compat-data/-/compat-data-7.28.5.tgz 0ms (cache hit)
2607 http cache jsesc@https://registry.npmjs.org/jsesc/-/jsesc-3.1.0.tgz 0ms (cache hit)
2608 http cache @jridgewell/trace-mapping@https://registry.npmjs.org/@jridgewell/trace-mapping/-/trace-mapping-0.3.31.tgz 0ms (cache hit)
2609 http cache @jridgewell/gen-mapping@https://registry.npmjs.org/@jridgewell/gen-mapping/-/gen-mapping-0.3.13.tgz 0ms (cache hit)
2610 http cache picocolors@https://registry.npmjs.org/picocolors/-/picocolors-1.1.1.tgz 0ms (cache hit)
2611 http cache js-tokens@https://registry.npmjs.org/js-tokens/-/js-tokens-4.0.0.tgz 0ms (cache hit)
2612 http cache keyv@https://registry.npmjs.org/keyv/-/keyv-4.5.4.tgz 0ms (cache hit)
2613 http cache json5@https://registry.npmjs.org/json5/-/json5-2.2.3.tgz 0ms (cache hit)
2614 http cache convert-source-map@https://registry.npmjs.org/convert-source-map/-/convert-source-map-2.0.0.tgz 0ms (cache hit)
2615 http cache gensync@https://registry.npmjs.org/gensync/-/gensync-1.0.0-beta.2.tgz 0ms (cache hit)
2616 http cache @babel/helper-validator-identifier@https://registry.npmjs.org/@babel/helper-validator-identifier/-/helper-validator-identifier-7.28.5.tgz 0ms (cache hit)
2617 http cache @jridgewell/remapping@https://registry.npmjs.org/@jridgewell/remapping/-/remapping-2.3.5.tgz 0ms (cache hit)
2618 http cache @babel/types@https://registry.npmjs.org/@babel/types/-/types-7.28.5.tgz 0ms (cache hit)
2619 http cache @babel/traverse@https://registry.npmjs.org/@babel/traverse/-/traverse-7.28.5.tgz 0ms (cache hit)
2620 http cache @babel/template@https://registry.npmjs.org/@babel/template/-/template-7.27.2.tgz 0ms (cache hit)
2621 http cache @babel/helpers@https://registry.npmjs.org/@babel/helpers/-/helpers-7.28.4.tgz 0ms (cache hit)
2622 http cache @babel/helper-module-transforms@https://registry.npmjs.org/@babel/helper-module-transforms/-/helper-module-transforms-7.28.3.tgz 0ms (cache hit)
2623 http cache @babel/helper-compilation-targets@https://registry.npmjs.org/@babel/helper-compilation-targets/-/helper-compilation-targets-7.27.2.tgz 0ms (cache hit)
2624 http cache @babel/generator@https://registry.npmjs.org/@babel/generator/-/generator-7.28.5.tgz 0ms (cache hit)
2625 http cache @babel/code-frame@https://registry.npmjs.org/@babel/code-frame/-/code-frame-7.27.1.tgz 0ms (cache hit)
2626 http cache zod-validation-error@https://registry.npmjs.org/zod-validation-error/-/zod-validation-error-4.0.2.tgz 0ms (cache hit)
2627 http cache zod@https://registry.npmjs.org/zod/-/zod-4.2.1.tgz 0ms (cache hit)
2628 http cache hermes-parser@https://registry.npmjs.org/hermes-parser/-/hermes-parser-0.25.1.tgz 0ms (cache hit)
2629 http cache @babel/parser@https://registry.npmjs.org/@babel/parser/-/parser-7.28.5.tgz 0ms (cache hit)
2630 http cache @babel/core@https://registry.npmjs.org/@babel/core/-/core-7.28.5.tgz 0ms (cache hit)
2631 http cache iterator.prototype@https://registry.npmjs.org/iterator.prototype/-/iterator.prototype-1.1.5.tgz 0ms (cache hit)
2632 http cache string.prototype.repeat@https://registry.npmjs.org/string.prototype.repeat/-/string.prototype.repeat-1.0.0.tgz 0ms (cache hit)
2633 http cache string.prototype.matchall@https://registry.npmjs.org/string.prototype.matchall/-/string.prototype.matchall-4.0.12.tgz 0ms (cache hit)
2634 http cache prop-types@https://registry.npmjs.org/prop-types/-/prop-types-15.8.1.tgz 0ms (cache hit)
2635 http cache object.entries@https://registry.npmjs.org/object.entries/-/object.entries-1.1.9.tgz 0ms (cache hit)
2636 http cache estraverse@https://registry.npmjs.org/estraverse/-/estraverse-5.3.0.tgz 0ms (cache hit)
2637 http cache array.prototype.tosorted@https://registry.npmjs.org/array.prototype.tosorted/-/array.prototype.tosorted-1.1.4.tgz 0ms (cache hit)
2638 http cache es-iterator-helpers@https://registry.npmjs.org/es-iterator-helpers/-/es-iterator-helpers-1.2.2.tgz 0ms (cache hit)
2639 http cache array.prototype.findlast@https://registry.npmjs.org/array.prototype.findlast/-/array.prototype.findlast-1.2.5.tgz 0ms (cache hit)
2640 http cache language-tags@https://registry.npmjs.org/language-tags/-/language-tags-1.0.9.tgz 0ms (cache hit)
2641 http cache string.prototype.includes@https://registry.npmjs.org/string.prototype.includes/-/string.prototype.includes-2.0.1.tgz 0ms (cache hit)
2642 http cache jsx-ast-utils@https://registry.npmjs.org/jsx-ast-utils/-/jsx-ast-utils-3.3.5.tgz 0ms (cache hit)
2643 http cache emoji-regex@https://registry.npmjs.org/emoji-regex/-/emoji-regex-9.2.2.tgz 0ms (cache hit)
2644 http cache damerau-levenshtein@https://registry.npmjs.org/damerau-levenshtein/-/damerau-levenshtein-1.0.8.tgz 0ms (cache hit)
2645 http cache axobject-query@https://registry.npmjs.org/axobject-query/-/axobject-query-4.1.0.tgz 0ms (cache hit)
2646 http cache axe-core@https://registry.npmjs.org/axe-core/-/axe-core-4.11.0.tgz 0ms (cache hit)
2647 http cache ast-types-flow@https://registry.npmjs.org/ast-types-flow/-/ast-types-flow-0.0.8.tgz 0ms (cache hit)
2648 http cache aria-query@https://registry.npmjs.org/aria-query/-/aria-query-5.3.2.tgz 0ms (cache hit)
2649 http cache is-symbol@https://registry.npmjs.org/is-symbol/-/is-symbol-1.1.1.tgz 0ms (cache hit)
2650 http cache is-date-object@https://registry.npmjs.org/is-date-object/-/is-date-object-1.1.0.tgz 0ms (cache hit)
2651 http cache has-tostringtag@https://registry.npmjs.org/has-tostringtag/-/has-tostringtag-1.0.2.tgz 0ms (cache hit)
2652 http cache possible-typed-array-names@https://registry.npmjs.org/possible-typed-array-names/-/possible-typed-array-names-1.1.0.tgz 0ms (cache hit)
2653 http cache which-typed-array@https://registry.npmjs.org/which-typed-array/-/which-typed-array-1.1.19.tgz 0ms (cache hit)
2654 http cache unbox-primitive@https://registry.npmjs.org/unbox-primitive/-/unbox-primitive-1.1.0.tgz 0ms (cache hit)
2655 http cache typed-array-length@https://registry.npmjs.org/typed-array-length/-/typed-array-length-1.0.7.tgz 0ms (cache hit)
2656 http cache typed-array-byte-offset@https://registry.npmjs.org/typed-array-byte-offset/-/typed-array-byte-offset-1.0.4.tgz 0ms (cache hit)
2657 http cache typed-array-byte-length@https://registry.npmjs.org/typed-array-byte-length/-/typed-array-byte-length-1.0.3.tgz 0ms (cache hit)
2658 http cache typed-array-buffer@https://registry.npmjs.org/typed-array-buffer/-/typed-array-buffer-1.0.3.tgz 0ms (cache hit)
2659 http cache string.prototype.trimstart@https://registry.npmjs.org/string.prototype.trimstart/-/string.prototype.trimstart-1.0.8.tgz 0ms (cache hit)
2660 http cache string.prototype.trim@https://registry.npmjs.org/string.prototype.trim/-/string.prototype.trim-1.2.10.tgz 0ms (cache hit)
2661 http cache stop-iteration-iterator@https://registry.npmjs.org/stop-iteration-iterator/-/stop-iteration-iterator-1.1.0.tgz 0ms (cache hit)
2662 http cache set-proto@https://registry.npmjs.org/set-proto/-/set-proto-1.0.0.tgz 0ms (cache hit)
2663 http cache safe-regex-test@https://registry.npmjs.org/safe-regex-test/-/safe-regex-test-1.1.0.tgz 0ms (cache hit)
2664 http cache safe-push-apply@https://registry.npmjs.org/safe-push-apply/-/safe-push-apply-1.0.0.tgz 0ms (cache hit)
2665 http cache safe-array-concat@https://registry.npmjs.org/safe-array-concat/-/safe-array-concat-1.1.3.tgz 0ms (cache hit)
2666 http cache regexp.prototype.flags@https://registry.npmjs.org/regexp.prototype.flags/-/regexp.prototype.flags-1.5.4.tgz 0ms (cache hit)
2667 http cache own-keys@https://registry.npmjs.org/own-keys/-/own-keys-1.0.1.tgz 0ms (cache hit)
2668 http cache object.assign@https://registry.npmjs.org/object.assign/-/object.assign-4.1.7.tgz 0ms (cache hit)
2669 http cache object-inspect@https://registry.npmjs.org/object-inspect/-/object-inspect-1.13.4.tgz 0ms (cache hit)
2670 http cache is-weakref@https://registry.npmjs.org/is-weakref/-/is-weakref-1.1.1.tgz 0ms (cache hit)
2671 http cache is-typed-array@https://registry.npmjs.org/is-typed-array/-/is-typed-array-1.1.15.tgz 0ms (cache hit)
2672 http cache is-shared-array-buffer@https://registry.npmjs.org/is-shared-array-buffer/-/is-shared-array-buffer-1.0.4.tgz 0ms (cache hit)
2673 http cache is-set@https://registry.npmjs.org/is-set/-/is-set-2.0.3.tgz 0ms (cache hit)
2674 http cache is-regex@https://registry.npmjs.org/is-regex/-/is-regex-1.2.1.tgz 0ms (cache hit)
2675 http cache is-negative-zero@https://registry.npmjs.org/is-negative-zero/-/is-negative-zero-2.0.3.tgz 0ms (cache hit)
2676 http cache is-data-view@https://registry.npmjs.org/is-data-view/-/is-data-view-1.0.2.tgz 0ms (cache hit)
2677 http cache is-callable@https://registry.npmjs.org/is-callable/-/is-callable-1.2.7.tgz 0ms (cache hit)
2678 http cache is-array-buffer@https://registry.npmjs.org/is-array-buffer/-/is-array-buffer-3.0.5.tgz 0ms (cache hit)
2679 http cache internal-slot@https://registry.npmjs.org/internal-slot/-/internal-slot-1.1.0.tgz 0ms (cache hit)
2680 http cache has-symbols@https://registry.npmjs.org/has-symbols/-/has-symbols-1.1.0.tgz 0ms (cache hit)
2681 http cache has-proto@https://registry.npmjs.org/has-proto/-/has-proto-1.2.0.tgz 0ms (cache hit)
2682 http cache globalthis@https://registry.npmjs.org/globalthis/-/globalthis-1.0.4.tgz 0ms (cache hit)
2683 http cache get-proto@https://registry.npmjs.org/get-proto/-/get-proto-1.0.1.tgz 0ms (cache hit)
2684 http cache get-symbol-description@https://registry.npmjs.org/get-symbol-description/-/get-symbol-description-1.1.0.tgz 0ms (cache hit)
2685 http cache function.prototype.name@https://registry.npmjs.org/function.prototype.name/-/function.prototype.name-1.1.8.tgz 0ms (cache hit)
2686 http cache es-to-primitive@https://registry.npmjs.org/es-to-primitive/-/es-to-primitive-1.3.0.tgz 0ms (cache hit)
2687 http cache es-set-tostringtag@https://registry.npmjs.org/es-set-tostringtag/-/es-set-tostringtag-2.1.0.tgz 0ms (cache hit)
2688 http cache data-view-byte-offset@https://registry.npmjs.org/data-view-byte-offset/-/data-view-byte-offset-1.0.1.tgz 0ms (cache hit)
2689 http cache data-view-byte-length@https://registry.npmjs.org/data-view-byte-length/-/data-view-byte-length-1.0.2.tgz 0ms (cache hit)
2690 http cache data-view-buffer@https://registry.npmjs.org/data-view-buffer/-/data-view-buffer-1.0.2.tgz 0ms (cache hit)
2691 http cache available-typed-arrays@https://registry.npmjs.org/available-typed-arrays/-/available-typed-arrays-1.0.7.tgz 0ms (cache hit)
2692 http cache array-buffer-byte-length@https://registry.npmjs.org/array-buffer-byte-length/-/array-buffer-byte-length-1.0.2.tgz 0ms (cache hit)
2693 http cache arraybuffer.prototype.slice@https://registry.npmjs.org/arraybuffer.prototype.slice/-/arraybuffer.prototype.slice-1.0.4.tgz 0ms (cache hit)
2694 http cache object-keys@https://registry.npmjs.org/object-keys/-/object-keys-1.1.1.tgz 0ms (cache hit)
2695 http cache has-property-descriptors@https://registry.npmjs.org/has-property-descriptors/-/has-property-descriptors-1.0.2.tgz 0ms (cache hit)
2696 http cache define-data-property@https://registry.npmjs.org/define-data-property/-/define-data-property-1.1.4.tgz 0ms (cache hit)
2697 http cache function-bind@https://registry.npmjs.org/function-bind/-/function-bind-1.1.2.tgz 0ms (cache hit)
2698 http cache set-function-length@https://registry.npmjs.org/set-function-length/-/set-function-length-1.2.2.tgz 0ms (cache hit)
2699 http cache es-define-property@https://registry.npmjs.org/es-define-property/-/es-define-property-1.0.1.tgz 0ms (cache hit)
2700 http cache call-bind-apply-helpers@https://registry.npmjs.org/call-bind-apply-helpers/-/call-bind-apply-helpers-1.0.2.tgz 0ms (cache hit)
2701 http cache es-shim-unscopables@https://registry.npmjs.org/es-shim-unscopables/-/es-shim-unscopables-1.1.0.tgz 0ms (cache hit)
2702 http cache es-errors@https://registry.npmjs.org/es-errors/-/es-errors-1.3.0.tgz 0ms (cache hit)
2703 http cache math-intrinsics@https://registry.npmjs.org/math-intrinsics/-/math-intrinsics-1.1.0.tgz 0ms (cache hit)
2704 http cache get-intrinsic@https://registry.npmjs.org/get-intrinsic/-/get-intrinsic-1.3.0.tgz 0ms (cache hit)
2705 http cache is-string@https://registry.npmjs.org/is-string/-/is-string-1.1.1.tgz 0ms (cache hit)
2706 http cache es-object-atoms@https://registry.npmjs.org/es-object-atoms/-/es-object-atoms-1.1.1.tgz 0ms (cache hit)
2707 http cache es-abstract@https://registry.npmjs.org/es-abstract/-/es-abstract-1.24.1.tgz 0ms (cache hit)
2708 http cache call-bound@https://registry.npmjs.org/call-bound/-/call-bound-1.0.4.tgz 0ms (cache hit)
2709 http cache define-properties@https://registry.npmjs.org/define-properties/-/define-properties-1.2.1.tgz 0ms (cache hit)
2710 http cache call-bind@https://registry.npmjs.org/call-bind/-/call-bind-1.0.8.tgz 0ms (cache hit)
2711 http cache string.prototype.trimend@https://registry.npmjs.org/string.prototype.trimend/-/string.prototype.trimend-1.0.9.tgz 0ms (cache hit)
2712 http cache gopd@https://registry.npmjs.org/gopd/-/gopd-1.2.0.tgz 0ms (cache hit)
2713 http cache object.values@https://registry.npmjs.org/object.values/-/object.values-1.2.1.tgz 0ms (cache hit)
2714 http cache semver@https://registry.npmjs.org/semver/-/semver-6.3.1.tgz 0ms (cache hit)
2715 http cache object.groupby@https://registry.npmjs.org/object.groupby/-/object.groupby-1.0.3.tgz 0ms (cache hit)
2716 http cache object.fromentries@https://registry.npmjs.org/object.fromentries/-/object.fromentries-2.0.8.tgz 0ms (cache hit)
2717 http cache tsconfig-paths@https://registry.npmjs.org/tsconfig-paths/-/tsconfig-paths-3.15.0.tgz 0ms (cache hit)
2718 http cache hasown@https://registry.npmjs.org/hasown/-/hasown-2.0.2.tgz 0ms (cache hit)
2719 http cache eslint-module-utils@https://registry.npmjs.org/eslint-module-utils/-/eslint-module-utils-2.12.1.tgz 0ms (cache hit)
2720 http cache doctrine@https://registry.npmjs.org/doctrine/-/doctrine-2.1.0.tgz 0ms (cache hit)
2721 http cache array.prototype.flatmap@https://registry.npmjs.org/array.prototype.flatmap/-/array.prototype.flatmap-1.3.3.tgz 0ms (cache hit)
2722 http cache array.prototype.flat@https://registry.npmjs.org/array.prototype.flat/-/array.prototype.flat-1.3.3.tgz 0ms (cache hit)
2723 http cache array.prototype.findlastindex@https://registry.npmjs.org/array.prototype.findlastindex/-/array.prototype.findlastindex-1.2.6.tgz 0ms (cache hit)
2724 http cache array-includes@https://registry.npmjs.org/array-includes/-/array-includes-3.1.9.tgz 0ms (cache hit)
2725 http cache @rtsao/scc@https://registry.npmjs.org/@rtsao/scc/-/scc-1.1.0.tgz 0ms (cache hit)
2726 http cache unrs-resolver@https://registry.npmjs.org/unrs-resolver/-/unrs-resolver-1.11.1.tgz 0ms (cache hit)
2727 http cache tinyglobby@https://registry.npmjs.org/tinyglobby/-/tinyglobby-0.2.15.tgz 0ms (cache hit)
2728 http cache stable-hash@https://registry.npmjs.org/stable-hash/-/stable-hash-0.0.5.tgz 0ms (cache hit)
2729 http cache is-bun-module@https://registry.npmjs.org/is-bun-module/-/is-bun-module-2.0.0.tgz 0ms (cache hit)
2730 http cache get-tsconfig@https://registry.npmjs.org/get-tsconfig/-/get-tsconfig-4.13.0.tgz 0ms (cache hit)
2731 http cache resolve@https://registry.npmjs.org/resolve/-/resolve-1.22.11.tgz 0ms (cache hit)
2732 http cache is-core-module@https://registry.npmjs.org/is-core-module/-/is-core-module-2.16.1.tgz 0ms (cache hit)
2733 http cache fast-glob@https://registry.npmjs.org/fast-glob/-/fast-glob-3.3.1.tgz 0ms (cache hit)
2734 http cache eslint-plugin-react-hooks@https://registry.npmjs.org/eslint-plugin-react-hooks/-/eslint-plugin-react-hooks-7.0.1.tgz 0ms (cache hit)
2735 http cache eslint-plugin-react@https://registry.npmjs.org/eslint-plugin-react/-/eslint-plugin-react-7.37.5.tgz 0ms (cache hit)
2736 http cache @nolyfill/is-core-module@https://registry.npmjs.org/@nolyfill/is-core-module/-/is-core-module-1.0.39.tgz 0ms (cache hit)
2737 http cache eslint-plugin-jsx-a11y@https://registry.npmjs.org/eslint-plugin-jsx-a11y/-/eslint-plugin-jsx-a11y-6.10.2.tgz 0ms (cache hit)
2738 http cache eslint-import-resolver-typescript@https://registry.npmjs.org/eslint-import-resolver-typescript/-/eslint-import-resolver-typescript-3.10.1.tgz 0ms (cache hit)
2739 http cache eslint-import-resolver-node@https://registry.npmjs.org/eslint-import-resolver-node/-/eslint-import-resolver-node-0.3.9.tgz 0ms (cache hit)
2740 http cache @next/eslint-plugin-next@https://registry.npmjs.org/@next/eslint-plugin-next/-/eslint-plugin-next-16.0.7.tgz 0ms (cache hit)
2741 http cache ms@https://registry.npmjs.org/ms/-/ms-2.1.3.tgz 0ms (cache hit)
2742 http cache which@https://registry.npmjs.org/which/-/which-2.0.2.tgz 0ms (cache hit)
2743 http cache shebang-command@https://registry.npmjs.org/shebang-command/-/shebang-command-2.0.0.tgz 0ms (cache hit)
2744 http cache path-key@https://registry.npmjs.org/path-key/-/path-key-3.1.1.tgz 0ms (cache hit)
2745 http cache typescript-eslint@https://registry.npmjs.org/typescript-eslint/-/typescript-eslint-8.50.1.tgz 0ms (cache hit)
2746 http cache color-name@https://registry.npmjs.org/color-name/-/color-name-1.1.4.tgz 0ms (cache hit)
2747 http cache color-convert@https://registry.npmjs.org/color-convert/-/color-convert-2.0.1.tgz 0ms (cache hit)
2748 http cache supports-color@https://registry.npmjs.org/supports-color/-/supports-color-7.2.0.tgz 0ms (cache hit)
2749 http cache ansi-styles@https://registry.npmjs.org/ansi-styles/-/ansi-styles-4.3.0.tgz 0ms (cache hit)
2750 http cache uri-js@https://registry.npmjs.org/uri-js/-/uri-js-4.4.1.tgz 0ms (cache hit)
2751 http cache json-schema-traverse@https://registry.npmjs.org/json-schema-traverse/-/json-schema-traverse-0.4.1.tgz 0ms (cache hit)
2752 http cache fast-json-stable-stringify@https://registry.npmjs.org/fast-json-stable-stringify/-/fast-json-stable-stringify-2.1.0.tgz 0ms (cache hit)
2753 http cache @humanfs/core@https://registry.npmjs.org/@humanfs/core/-/core-0.19.1.tgz 0ms (cache hit)
2754 http cache levn@https://registry.npmjs.org/levn/-/levn-0.4.1.tgz 0ms (cache hit)
2755 http cache strip-json-comments@https://registry.npmjs.org/strip-json-comments/-/strip-json-comments-3.1.1.tgz 0ms (cache hit)
2756 http cache js-yaml@https://registry.npmjs.org/js-yaml/-/js-yaml-4.1.1.tgz 0ms (cache hit)
2757 http cache eslint-plugin-import@https://registry.npmjs.org/eslint-plugin-import/-/eslint-plugin-import-2.32.0.tgz 0ms (cache hit)
2758 http cache globals@https://registry.npmjs.org/globals/-/globals-14.0.0.tgz 0ms (cache hit)
2759 http cache import-fresh@https://registry.npmjs.org/import-fresh/-/import-fresh-3.3.1.tgz 0ms (cache hit)
2760 http cache @eslint/object-schema@https://registry.npmjs.org/@eslint/object-schema/-/object-schema-2.1.7.tgz 0ms (cache hit)
2761 http cache optionator@https://registry.npmjs.org/optionator/-/optionator-0.9.4.tgz 0ms (cache hit)
2762 http cache @types/json-schema@https://registry.npmjs.org/@types/json-schema/-/json-schema-7.0.15.tgz 0ms (cache hit)
2763 http cache natural-compare@https://registry.npmjs.org/natural-compare/-/natural-compare-1.4.0.tgz 0ms (cache hit)
2764 http cache minimatch@https://registry.npmjs.org/minimatch/-/minimatch-3.1.2.tgz 0ms (cache hit)
2765 http cache lodash.merge@https://registry.npmjs.org/lodash.merge/-/lodash.merge-4.6.2.tgz 0ms (cache hit)
2766 http cache json-stable-stringify-without-jsonify@https://registry.npmjs.org/json-stable-stringify-without-jsonify/-/json-stable-stringify-without-jsonify-1.0.1.tgz 0ms (cache hit)
2767 http cache imurmurhash@https://registry.npmjs.org/imurmurhash/-/imurmurhash-0.1.4.tgz 0ms (cache hit)
2768 http cache ignore@https://registry.npmjs.org/ignore/-/ignore-5.3.2.tgz 0ms (cache hit)
2769 http cache glob-parent@https://registry.npmjs.org/glob-parent/-/glob-parent-6.0.2.tgz 0ms (cache hit)
2770 http cache find-up@https://registry.npmjs.org/find-up/-/find-up-5.0.0.tgz 0ms (cache hit)
2771 http cache file-entry-cache@https://registry.npmjs.org/file-entry-cache/-/file-entry-cache-8.0.0.tgz 0ms (cache hit)
2772 http cache fast-deep-equal@https://registry.npmjs.org/fast-deep-equal/-/fast-deep-equal-3.1.3.tgz 0ms (cache hit)
2773 http cache esutils@https://registry.npmjs.org/esutils/-/esutils-2.0.3.tgz 0ms (cache hit)
2774 http cache is-glob@https://registry.npmjs.org/is-glob/-/is-glob-4.0.3.tgz 0ms (cache hit)
2775 http cache esquery@https://registry.npmjs.org/esquery/-/esquery-1.6.0.tgz 0ms (cache hit)
2776 http cache espree@https://registry.npmjs.org/espree/-/espree-10.4.0.tgz 0ms (cache hit)
2777 http cache eslint-visitor-keys@https://registry.npmjs.org/eslint-visitor-keys/-/eslint-visitor-keys-4.2.1.tgz 0ms (cache hit)
2778 http cache eslint-scope@https://registry.npmjs.org/eslint-scope/-/eslint-scope-8.4.0.tgz 0ms (cache hit)
2779 http cache escape-string-regexp@https://registry.npmjs.org/escape-string-regexp/-/escape-string-regexp-4.0.0.tgz 0ms (cache hit)
2780 http cache debug@https://registry.npmjs.org/debug/-/debug-4.4.3.tgz 0ms (cache hit)
2781 http cache cross-spawn@https://registry.npmjs.org/cross-spawn/-/cross-spawn-7.0.6.tgz 0ms (cache hit)
2782 http cache chalk@https://registry.npmjs.org/chalk/-/chalk-4.1.2.tgz 0ms (cache hit)
2783 http cache ajv@https://registry.npmjs.org/ajv/-/ajv-6.12.6.tgz 0ms (cache hit)
2784 http cache @humanwhocodes/retry@https://registry.npmjs.org/@humanwhocodes/retry/-/retry-0.4.3.tgz 0ms (cache hit)
2785 http cache @humanfs/node@https://registry.npmjs.org/@humanfs/node/-/node-0.16.7.tgz 0ms (cache hit)
2786 http cache @humanwhocodes/module-importer@https://registry.npmjs.org/@humanwhocodes/module-importer/-/module-importer-1.0.1.tgz 0ms (cache hit)
2787 http cache @eslint/plugin-kit@https://registry.npmjs.org/@eslint/plugin-kit/-/plugin-kit-0.4.1.tgz 0ms (cache hit)
2788 http cache @eslint/js@https://registry.npmjs.org/@eslint/js/-/js-9.39.2.tgz 0ms (cache hit)
2789 http cache @eslint/eslintrc@https://registry.npmjs.org/@eslint/eslintrc/-/eslintrc-3.3.3.tgz 0ms (cache hit)
2790 http cache @eslint/core@https://registry.npmjs.org/@eslint/core/-/core-0.17.0.tgz 0ms (cache hit)
2791 http cache @eslint/config-helpers@https://registry.npmjs.org/@eslint/config-helpers/-/config-helpers-0.4.2.tgz 0ms (cache hit)
2792 http cache @eslint/config-array@https://registry.npmjs.org/@eslint/config-array/-/config-array-0.21.1.tgz 0ms (cache hit)
2793 http cache @eslint-community/regexpp@https://registry.npmjs.org/@eslint-community/regexpp/-/regexpp-4.12.2.tgz 0ms (cache hit)
2794 http cache csstype@https://registry.npmjs.org/csstype/-/csstype-3.2.3.tgz 0ms (cache hit)
2795 http cache @eslint-community/eslint-utils@https://registry.npmjs.org/@eslint-community/eslint-utils/-/eslint-utils-4.9.0.tgz 0ms (cache hit)
2796 http cache undici-types@https://registry.npmjs.org/undici-types/-/undici-types-6.21.0.tgz 0ms (cache hit)
2797 http cache iceberg-js@https://registry.npmjs.org/iceberg-js/-/iceberg-js-0.8.1.tgz 0ms (cache hit)
2798 http cache ws@https://registry.npmjs.org/ws/-/ws-8.18.3.tgz 0ms (cache hit)
2799 http cache @types/phoenix@https://registry.npmjs.org/@types/phoenix/-/phoenix-1.6.7.tgz 0ms (cache hit)
2800 http cache @types/ws@https://registry.npmjs.org/@types/ws/-/ws-8.18.1.tgz 0ms (cache hit)
2801 http cache tslib@https://registry.npmjs.org/tslib/-/tslib-2.8.1.tgz 0ms (cache hit)
2802 http cache @types/estree@https://registry.npmjs.org/@types/estree/-/estree-1.0.8.tgz 0ms (cache hit)
2803 http cache @supabase/storage-js@https://registry.npmjs.org/@supabase/storage-js/-/storage-js-2.89.0.tgz 0ms (cache hit)
2804 http cache @supabase/realtime-js@https://registry.npmjs.org/@supabase/realtime-js/-/realtime-js-2.89.0.tgz 0ms (cache hit)
2805 http cache @supabase/postgrest-js@https://registry.npmjs.org/@supabase/postgrest-js/-/postgrest-js-2.89.0.tgz 0ms (cache hit)
2806 http cache @supabase/auth-js@https://registry.npmjs.org/@supabase/auth-js/-/auth-js-2.89.0.tgz 0ms (cache hit)
2807 http cache cookie@https://registry.npmjs.org/cookie/-/cookie-1.1.1.tgz 0ms (cache hit)
2808 http cache papaparse@https://registry.npmjs.org/papaparse/-/papaparse-5.5.3.tgz 0ms (cache hit)
2809 http cache typescript@https://registry.npmjs.org/typescript/-/typescript-5.9.3.tgz 0ms (cache hit)
2810 http cache react-dom@https://registry.npmjs.org/react-dom/-/react-dom-19.2.0.tgz 0ms (cache hit)
2811 http cache next@https://registry.npmjs.org/next/-/next-16.0.7.tgz 0ms (cache hit)
2812 http cache react@https://registry.npmjs.org/react/-/react-19.2.0.tgz 0ms (cache hit)
2813 http cache lucide-react@https://registry.npmjs.org/lucide-react/-/lucide-react-0.556.0.tgz 0ms (cache hit)
2814 http cache @supabase/functions-js@https://registry.npmjs.org/@supabase/functions-js/-/functions-js-2.89.0.tgz 0ms (cache hit)
2815 http cache eslint-config-next@https://registry.npmjs.org/eslint-config-next/-/eslint-config-next-16.0.7.tgz 0ms (cache hit)
2816 http cache clsx@https://registry.npmjs.org/clsx/-/clsx-2.1.1.tgz 0ms (cache hit)
2817 http cache @types/react@https://registry.npmjs.org/@types/react/-/react-19.2.7.tgz 0ms (cache hit)
2818 http cache @types/papaparse@https://registry.npmjs.org/@types/papaparse/-/papaparse-5.5.2.tgz 0ms (cache hit)
2819 http cache @types/node@https://registry.npmjs.org/@types/node/-/node-20.19.27.tgz 0ms (cache hit)
2820 http cache eslint@https://registry.npmjs.org/eslint/-/eslint-9.39.2.tgz 0ms (cache hit)
2821 http cache @supabase/supabase-js@https://registry.npmjs.org/@supabase/supabase-js/-/supabase-js-2.89.0.tgz 0ms (cache hit)
2822 http cache @google/generative-ai@https://registry.npmjs.org/@google/generative-ai/-/generative-ai-0.24.1.tgz 0ms (cache hit)
2823 http cache brace-expansion@https://registry.npmjs.org/brace-expansion/-/brace-expansion-2.0.2.tgz 0ms (cache hit)
2824 http cache minimatch@https://registry.npmjs.org/minimatch/-/minimatch-9.0.5.tgz 0ms (cache hit)
2825 http cache semver@https://registry.npmjs.org/semver/-/semver-7.7.3.tgz 0ms (cache hit)
2826 http cache ignore@https://registry.npmjs.org/ignore/-/ignore-7.0.5.tgz 0ms (cache hit)
2827 http cache semver@https://registry.npmjs.org/semver/-/semver-7.7.3.tgz 0ms (cache hit)
2828 http cache json5@https://registry.npmjs.org/json5/-/json5-1.0.2.tgz 0ms (cache hit)
2829 http cache debug@https://registry.npmjs.org/debug/-/debug-3.2.7.tgz 0ms (cache hit)
2830 http cache @types/react-dom@https://registry.npmjs.org/@types/react-dom/-/react-dom-19.2.3.tgz 0ms (cache hit)
2831 http cache picomatch@https://registry.npmjs.org/picomatch/-/picomatch-4.0.3.tgz 0ms (cache hit)
2832 http cache fdir@https://registry.npmjs.org/fdir/-/fdir-6.5.0.tgz 0ms (cache hit)
2833 http cache glob-parent@https://registry.npmjs.org/glob-parent/-/glob-parent-5.1.2.tgz 0ms (cache hit)
2834 http cache semver@https://registry.npmjs.org/semver/-/semver-7.7.3.tgz 0ms (cache hit)
2835 http cache resolve@https://registry.npmjs.org/resolve/-/resolve-2.0.0-next.5.tgz 0ms (cache hit)
2836 http cache debug@https://registry.npmjs.org/debug/-/debug-3.2.7.tgz 0ms (cache hit)
2837 http cache debug@https://registry.npmjs.org/debug/-/debug-3.2.7.tgz 0ms (cache hit)
2838 http cache eslint-visitor-keys@https://registry.npmjs.org/eslint-visitor-keys/-/eslint-visitor-keys-3.4.3.tgz 0ms (cache hit)
2839 http cache globals@https://registry.npmjs.org/globals/-/globals-16.4.0.tgz 0ms (cache hit)
2840 http cache @supabase/ssr@https://registry.npmjs.org/@supabase/ssr/-/ssr-0.8.0.tgz 0ms (cache hit)
2841 silly tarball no local data for is-weakmap@https://registry.npmjs.org/is-weakmap/-/is-weakmap-2.0.2.tgz. Extracting by manifest.
2842 silly tarball no local data for is-weakset@https://registry.npmjs.org/is-weakset/-/is-weakset-2.0.4.tgz. Extracting by manifest.
2843 silly tarball no local data for is-map@https://registry.npmjs.org/is-map/-/is-map-2.0.3.tgz. Extracting by manifest.
2844 silly tarball no local data for which-collection@https://registry.npmjs.org/which-collection/-/which-collection-1.0.2.tgz. Extracting by manifest.
2845 silly tarball no local data for async-function@https://registry.npmjs.org/async-function/-/async-function-1.0.0.tgz. Extracting by manifest.
2846 silly tarball no local data for generator-function@https://registry.npmjs.org/generator-function/-/generator-function-2.0.1.tgz. Extracting by manifest.
2847 silly tarball no local data for is-generator-function@https://registry.npmjs.org/is-generator-function/-/is-generator-function-1.1.2.tgz. Extracting by manifest.
2848 silly tarball no local data for is-async-function@https://registry.npmjs.org/is-async-function/-/is-async-function-2.1.1.tgz. Extracting by manifest.
2849 silly tarball no local data for is-number-object@https://registry.npmjs.org/is-number-object/-/is-number-object-1.1.1.tgz. Extracting by manifest.
2850 silly tarball no local data for is-boolean-object@https://registry.npmjs.org/is-boolean-object/-/is-boolean-object-1.2.2.tgz. Extracting by manifest.
2851 silly tarball no local data for is-finalizationregistry@https://registry.npmjs.org/is-finalizationregistry/-/is-finalizationregistry-1.1.1.tgz. Extracting by manifest.
2852 silly tarball no local data for is-bigint@https://registry.npmjs.org/is-bigint/-/is-bigint-1.1.0.tgz. Extracting by manifest.
2853 silly tarball no local data for isexe@https://registry.npmjs.org/isexe/-/isexe-2.0.0.tgz. Extracting by manifest.
2854 silly tarball no local data for escalade@https://registry.npmjs.org/escalade/-/escalade-3.2.0.tgz. Extracting by manifest.
2855 silly tarball no local data for @emnapi/wasi-threads@https://registry.npmjs.org/@emnapi/wasi-threads/-/wasi-threads-1.1.0.tgz. Extracting by manifest.
2856 silly tarball no local data for @tybys/wasm-util@https://registry.npmjs.org/@tybys/wasm-util/-/wasm-util-0.10.1.tgz. Extracting by manifest.
2857 silly tarball no local data for @emnapi/core@https://registry.npmjs.org/@emnapi/core/-/core-1.7.1.tgz. Extracting by manifest.
2858 silly tarball no local data for punycode@https://registry.npmjs.org/punycode/-/punycode-2.3.1.tgz. Extracting by manifest.
2859 silly tarball no local data for napi-postinstall@https://registry.npmjs.org/napi-postinstall/-/napi-postinstall-0.3.4.tgz. Extracting by manifest.
2860 silly tarball no local data for @unrs/resolver-binding-darwin-arm64@https://registry.npmjs.org/@unrs/resolver-binding-darwin-arm64/-/resolver-binding-darwin-arm64-1.11.1.tgz. Extracting by manifest.
2861 silly tarball no local data for @napi-rs/wasm-runtime@https://registry.npmjs.org/@napi-rs/wasm-runtime/-/wasm-runtime-0.2.12.tgz. Extracting by manifest.
2862 silly tarball no local data for which-boxed-primitive@https://registry.npmjs.org/which-boxed-primitive/-/which-boxed-primitive-1.1.1.tgz. Extracting by manifest.
2863 silly tarball no local data for has-bigints@https://registry.npmjs.org/has-bigints/-/has-bigints-1.1.0.tgz. Extracting by manifest.
2864 silly tarball no local data for @typescript-eslint/tsconfig-utils@https://registry.npmjs.org/@typescript-eslint/tsconfig-utils/-/tsconfig-utils-8.50.1.tgz. Extracting by manifest.
2865 silly tarball no local data for @typescript-eslint/project-service@https://registry.npmjs.org/@typescript-eslint/project-service/-/project-service-8.50.1.tgz. Extracting by manifest.
2866 silly tarball no local data for @typescript-eslint/types@https://registry.npmjs.org/@typescript-eslint/types/-/types-8.50.1.tgz. Extracting by manifest.
2867 silly tarball no local data for ts-api-utils@https://registry.npmjs.org/ts-api-utils/-/ts-api-utils-2.1.0.tgz. Extracting by manifest.
2868 silly tarball no local data for @typescript-eslint/visitor-keys@https://registry.npmjs.org/@typescript-eslint/visitor-keys/-/visitor-keys-8.50.1.tgz. Extracting by manifest.
2869 silly tarball no local data for @typescript-eslint/type-utils@https://registry.npmjs.org/@typescript-eslint/type-utils/-/type-utils-8.50.1.tgz. Extracting by manifest.
2870 silly tarball no local data for @typescript-eslint/scope-manager@https://registry.npmjs.org/@typescript-eslint/scope-manager/-/scope-manager-8.50.1.tgz. Extracting by manifest.
2871 silly tarball no local data for @typescript-eslint/utils@https://registry.npmjs.org/@typescript-eslint/utils/-/utils-8.50.1.tgz. Extracting by manifest.
2872 silly tarball no local data for @typescript-eslint/parser@https://registry.npmjs.org/@typescript-eslint/parser/-/parser-8.50.1.tgz. Extracting by manifest.
2873 silly tarball no local data for @typescript-eslint/eslint-plugin@https://registry.npmjs.org/@typescript-eslint/eslint-plugin/-/eslint-plugin-8.50.1.tgz. Extracting by manifest.
2874 silly tarball no local data for @typescript-eslint/typescript-estree@https://registry.npmjs.org/@typescript-eslint/typescript-estree/-/typescript-estree-8.50.1.tgz. Extracting by manifest.
2875 silly tarball no local data for which-builtin-type@https://registry.npmjs.org/which-builtin-type/-/which-builtin-type-1.2.1.tgz. Extracting by manifest.
2876 silly tarball no local data for reflect.getprototypeof@https://registry.npmjs.org/reflect.getprototypeof/-/reflect.getprototypeof-1.0.10.tgz. Extracting by manifest.
2877 silly tarball no local data for for-each@https://registry.npmjs.org/for-each/-/for-each-0.3.5.tgz. Extracting by manifest.
2878 silly tarball no local data for strip-bom@https://registry.npmjs.org/strip-bom/-/strip-bom-3.0.0.tgz. Extracting by manifest.
2879 silly tarball no local data for minimist@https://registry.npmjs.org/minimist/-/minimist-1.2.8.tgz. Extracting by manifest.
2880 silly tarball no local data for @types/json5@https://registry.npmjs.org/@types/json5/-/json5-0.0.29.tgz. Extracting by manifest.
2881 silly tarball no local data for is-number@https://registry.npmjs.org/is-number/-/is-number-7.0.0.tgz. Extracting by manifest.
2882 silly tarball no local data for has-flag@https://registry.npmjs.org/has-flag/-/has-flag-4.0.0.tgz. Extracting by manifest.
2883 silly tarball no local data for client-only@https://registry.npmjs.org/client-only/-/client-only-0.0.1.tgz. Extracting by manifest.
2884 silly tarball no local data for side-channel-weakmap@https://registry.npmjs.org/side-channel-weakmap/-/side-channel-weakmap-1.0.2.tgz. Extracting by manifest.
2885 silly tarball no local data for side-channel-map@https://registry.npmjs.org/side-channel-map/-/side-channel-map-1.0.1.tgz. Extracting by manifest.
2886 silly tarball no local data for side-channel-list@https://registry.npmjs.org/side-channel-list/-/side-channel-list-1.0.0.tgz. Extracting by manifest.
2887 silly tarball no local data for @emnapi/runtime@https://registry.npmjs.org/@emnapi/runtime/-/runtime-1.7.1.tgz. Extracting by manifest.
2888 silly tarball no local data for detect-libc@https://registry.npmjs.org/detect-libc/-/detect-libc-2.1.2.tgz. Extracting by manifest.
2889 silly tarball no local data for @img/sharp-darwin-arm64@https://registry.npmjs.org/@img/sharp-darwin-arm64/-/sharp-darwin-arm64-0.34.5.tgz. Extracting by manifest.
2890 silly tarball no local data for @img/colour@https://registry.npmjs.org/@img/colour/-/colour-1.0.0.tgz. Extracting by manifest.
2891 silly tarball no local data for @img/sharp-libvips-darwin-arm64@https://registry.npmjs.org/@img/sharp-libvips-darwin-arm64/-/sharp-libvips-darwin-arm64-1.2.4.tgz. Extracting by manifest.
2892 silly tarball no local data for isarray@https://registry.npmjs.org/isarray/-/isarray-2.0.5.tgz. Extracting by manifest.
2893 silly tarball no local data for queue-microtask@https://registry.npmjs.org/queue-microtask/-/queue-microtask-1.2.3.tgz. Extracting by manifest.
2894 silly tarball no local data for supports-preserve-symlinks-flag@https://registry.npmjs.org/supports-preserve-symlinks-flag/-/supports-preserve-symlinks-flag-1.0.0.tgz. Extracting by manifest.
2895 silly tarball no local data for path-parse@https://registry.npmjs.org/path-parse/-/path-parse-1.0.7.tgz. Extracting by manifest.
2896 silly tarball no local data for scheduler@https://registry.npmjs.org/scheduler/-/scheduler-0.27.0.tgz. Extracting by manifest.
2897 silly tarball no local data for react-is@https://registry.npmjs.org/react-is/-/react-is-16.13.1.tgz. Extracting by manifest.
2898 silly tarball no local data for object-assign@https://registry.npmjs.org/object-assign/-/object-assign-4.1.1.tgz. Extracting by manifest.
2899 silly tarball no local data for loose-envify@https://registry.npmjs.org/loose-envify/-/loose-envify-1.4.0.tgz. Extracting by manifest.
2900 silly tarball no local data for source-map-js@https://registry.npmjs.org/source-map-js/-/source-map-js-1.2.1.tgz. Extracting by manifest.
2901 silly tarball no local data for nanoid@https://registry.npmjs.org/nanoid/-/nanoid-3.3.11.tgz. Extracting by manifest.
2902 silly tarball no local data for callsites@https://registry.npmjs.org/callsites/-/callsites-3.1.0.tgz. Extracting by manifest.
2903 silly tarball no local data for p-limit@https://registry.npmjs.org/p-limit/-/p-limit-3.1.0.tgz. Extracting by manifest.
2904 silly tarball no local data for yocto-queue@https://registry.npmjs.org/yocto-queue/-/yocto-queue-0.1.0.tgz. Extracting by manifest.
2905 silly tarball no local data for word-wrap@https://registry.npmjs.org/word-wrap/-/word-wrap-1.2.5.tgz. Extracting by manifest.
2906 silly tarball no local data for fast-levenshtein@https://registry.npmjs.org/fast-levenshtein/-/fast-levenshtein-2.0.6.tgz. Extracting by manifest.
2907 silly tarball no local data for shebang-regex@https://registry.npmjs.org/shebang-regex/-/shebang-regex-3.0.0.tgz. Extracting by manifest.
2908 silly tarball no local data for deep-is@https://registry.npmjs.org/deep-is/-/deep-is-0.1.4.tgz. Extracting by manifest.
2909 silly tarball no local data for sharp@https://registry.npmjs.org/sharp/-/sharp-0.34.5.tgz. Extracting by manifest.
2910 silly tarball no local data for postcss@https://registry.npmjs.org/postcss/-/postcss-8.4.31.tgz. Extracting by manifest.
2911 silly tarball no local data for @swc/helpers@https://registry.npmjs.org/@swc/helpers/-/helpers-0.5.15.tgz. Extracting by manifest.
2912 silly tarball no local data for styled-jsx@https://registry.npmjs.org/styled-jsx/-/styled-jsx-5.1.6.tgz. Extracting by manifest.
2913 silly tarball no local data for @next/swc-darwin-arm64@https://registry.npmjs.org/@next/swc-darwin-arm64/-/swc-darwin-arm64-16.0.7.tgz. Extracting by manifest.
2914 silly tarball no local data for concat-map@https://registry.npmjs.org/concat-map/-/concat-map-0.0.1.tgz. Extracting by manifest.
2915 silly tarball no local data for balanced-match@https://registry.npmjs.org/balanced-match/-/balanced-match-1.0.2.tgz. Extracting by manifest.
2916 silly tarball no local data for brace-expansion@https://registry.npmjs.org/brace-expansion/-/brace-expansion-1.1.12.tgz. Extracting by manifest.
2917 silly tarball no local data for to-regex-range@https://registry.npmjs.org/to-regex-range/-/to-regex-range-5.0.1.tgz. Extracting by manifest.
2918 silly tarball no local data for fill-range@https://registry.npmjs.org/fill-range/-/fill-range-7.1.1.tgz. Extracting by manifest.
2919 silly tarball no local data for picomatch@https://registry.npmjs.org/picomatch/-/picomatch-2.3.1.tgz. Extracting by manifest.
2920 silly tarball no local data for braces@https://registry.npmjs.org/braces/-/braces-3.0.3.tgz. Extracting by manifest.
2921 silly tarball no local data for yallist@https://registry.npmjs.org/yallist/-/yallist-3.1.1.tgz. Extracting by manifest.
2922 silly tarball no local data for p-locate@https://registry.npmjs.org/p-locate/-/p-locate-5.0.0.tgz. Extracting by manifest.
2923 silly tarball no local data for type-check@https://registry.npmjs.org/type-check/-/type-check-0.4.0.tgz. Extracting by manifest.
2924 silly tarball no local data for prelude-ls@https://registry.npmjs.org/prelude-ls/-/prelude-ls-1.2.1.tgz. Extracting by manifest.
2925 silly tarball no local data for language-subtag-registry@https://registry.npmjs.org/language-subtag-registry/-/language-subtag-registry-0.3.23.tgz. Extracting by manifest.
2926 silly tarball no local data for json-buffer@https://registry.npmjs.org/json-buffer/-/json-buffer-3.0.1.tgz. Extracting by manifest.
2927 silly tarball no local data for argparse@https://registry.npmjs.org/argparse/-/argparse-2.0.1.tgz. Extracting by manifest.
2928 silly tarball no local data for set-function-name@https://registry.npmjs.org/set-function-name/-/set-function-name-2.0.2.tgz. Extracting by manifest.
2929 silly tarball no local data for is-extglob@https://registry.npmjs.org/is-extglob/-/is-extglob-2.1.1.tgz. Extracting by manifest.
2930 silly tarball no local data for side-channel@https://registry.npmjs.org/side-channel/-/side-channel-1.1.0.tgz. Extracting by manifest.
2931 silly tarball no local data for resolve-from@https://registry.npmjs.org/resolve-from/-/resolve-from-4.0.0.tgz. Extracting by manifest.
2932 silly tarball no local data for hermes-estree@https://registry.npmjs.org/hermes-estree/-/hermes-estree-0.25.1.tgz. Extracting by manifest.
2933 silly tarball no local data for parent-module@https://registry.npmjs.org/parent-module/-/parent-module-1.0.1.tgz. Extracting by manifest.
2934 silly tarball no local data for resolve-pkg-maps@https://registry.npmjs.org/resolve-pkg-maps/-/resolve-pkg-maps-1.0.0.tgz. Extracting by manifest.
2935 silly tarball no local data for dunder-proto@https://registry.npmjs.org/dunder-proto/-/dunder-proto-1.0.1.tgz. Extracting by manifest.
2936 silly tarball no local data for functions-have-names@https://registry.npmjs.org/functions-have-names/-/functions-have-names-1.2.3.tgz. Extracting by manifest.
2937 silly tarball no local data for flatted@https://registry.npmjs.org/flatted/-/flatted-3.3.3.tgz. Extracting by manifest.
2938 silly tarball no local data for path-exists@https://registry.npmjs.org/path-exists/-/path-exists-4.0.0.tgz. Extracting by manifest.
2939 silly tarball no local data for @next/env@https://registry.npmjs.org/@next/env/-/env-16.0.7.tgz. Extracting by manifest.
2940 silly tarball no local data for locate-path@https://registry.npmjs.org/locate-path/-/locate-path-6.0.0.tgz. Extracting by manifest.
2941 silly tarball no local data for flat-cache@https://registry.npmjs.org/flat-cache/-/flat-cache-4.0.1.tgz. Extracting by manifest.
2942 silly tarball no local data for reusify@https://registry.npmjs.org/reusify/-/reusify-1.1.0.tgz. Extracting by manifest.
2943 silly tarball no local data for run-parallel@https://registry.npmjs.org/run-parallel/-/run-parallel-1.2.0.tgz. Extracting by manifest.
2944 silly tarball no local data for fastq@https://registry.npmjs.org/fastq/-/fastq-1.20.1.tgz. Extracting by manifest.
2945 silly tarball no local data for @nodelib/fs.scandir@https://registry.npmjs.org/@nodelib/fs.scandir/-/fs.scandir-2.1.5.tgz. Extracting by manifest.
2946 silly tarball no local data for micromatch@https://registry.npmjs.org/micromatch/-/micromatch-4.0.8.tgz. Extracting by manifest.
2947 silly tarball no local data for merge2@https://registry.npmjs.org/merge2/-/merge2-1.4.1.tgz. Extracting by manifest.
2948 silly tarball no local data for @nodelib/fs.walk@https://registry.npmjs.org/@nodelib/fs.walk/-/fs.walk-1.2.8.tgz. Extracting by manifest.
2949 silly tarball no local data for @nodelib/fs.stat@https://registry.npmjs.org/@nodelib/fs.stat/-/fs.stat-2.0.5.tgz. Extracting by manifest.
2950 silly tarball no local data for acorn-jsx@https://registry.npmjs.org/acorn-jsx/-/acorn-jsx-5.3.2.tgz. Extracting by manifest.
2951 silly tarball no local data for acorn@https://registry.npmjs.org/acorn/-/acorn-8.15.0.tgz. Extracting by manifest.
2952 silly tarball no local data for esrecurse@https://registry.npmjs.org/esrecurse/-/esrecurse-4.3.0.tgz. Extracting by manifest.
2953 silly tarball no local data for update-browserslist-db@https://registry.npmjs.org/update-browserslist-db/-/update-browserslist-db-1.2.3.tgz. Extracting by manifest.
2954 silly tarball no local data for node-releases@https://registry.npmjs.org/node-releases/-/node-releases-2.0.27.tgz. Extracting by manifest.
2955 silly tarball no local data for electron-to-chromium@https://registry.npmjs.org/electron-to-chromium/-/electron-to-chromium-1.5.267.tgz. Extracting by manifest.
2956 silly tarball no local data for caniuse-lite@https://registry.npmjs.org/caniuse-lite/-/caniuse-lite-1.0.30001761.tgz. Extracting by manifest.
2957 silly tarball no local data for baseline-browser-mapping@https://registry.npmjs.org/baseline-browser-mapping/-/baseline-browser-mapping-2.9.11.tgz. Extracting by manifest.
2958 silly tarball no local data for @jridgewell/resolve-uri@https://registry.npmjs.org/@jridgewell/resolve-uri/-/resolve-uri-3.1.2.tgz. Extracting by manifest.
2959 silly tarball no local data for @jridgewell/sourcemap-codec@https://registry.npmjs.org/@jridgewell/sourcemap-codec/-/sourcemap-codec-1.5.5.tgz. Extracting by manifest.
2960 silly tarball no local data for @babel/helper-string-parser@https://registry.npmjs.org/@babel/helper-string-parser/-/helper-string-parser-7.27.1.tgz. Extracting by manifest.
2961 silly tarball no local data for @babel/helper-globals@https://registry.npmjs.org/@babel/helper-globals/-/helper-globals-7.28.0.tgz. Extracting by manifest.
2962 silly tarball no local data for @babel/helper-module-imports@https://registry.npmjs.org/@babel/helper-module-imports/-/helper-module-imports-7.27.1.tgz. Extracting by manifest.
2963 silly tarball no local data for lru-cache@https://registry.npmjs.org/lru-cache/-/lru-cache-5.1.1.tgz. Extracting by manifest.
2964 silly tarball no local data for browserslist@https://registry.npmjs.org/browserslist/-/browserslist-4.28.1.tgz. Extracting by manifest.
2965 silly tarball no local data for @babel/helper-validator-option@https://registry.npmjs.org/@babel/helper-validator-option/-/helper-validator-option-7.27.1.tgz. Extracting by manifest.
2966 silly tarball no local data for @babel/compat-data@https://registry.npmjs.org/@babel/compat-data/-/compat-data-7.28.5.tgz. Extracting by manifest.
2967 silly tarball no local data for jsesc@https://registry.npmjs.org/jsesc/-/jsesc-3.1.0.tgz. Extracting by manifest.
2968 silly tarball no local data for @jridgewell/trace-mapping@https://registry.npmjs.org/@jridgewell/trace-mapping/-/trace-mapping-0.3.31.tgz. Extracting by manifest.
2969 silly tarball no local data for @jridgewell/gen-mapping@https://registry.npmjs.org/@jridgewell/gen-mapping/-/gen-mapping-0.3.13.tgz. Extracting by manifest.
2970 silly tarball no local data for picocolors@https://registry.npmjs.org/picocolors/-/picocolors-1.1.1.tgz. Extracting by manifest.
2971 silly tarball no local data for js-tokens@https://registry.npmjs.org/js-tokens/-/js-tokens-4.0.0.tgz. Extracting by manifest.
2972 silly tarball no local data for keyv@https://registry.npmjs.org/keyv/-/keyv-4.5.4.tgz. Extracting by manifest.
2973 silly tarball no local data for json5@https://registry.npmjs.org/json5/-/json5-2.2.3.tgz. Extracting by manifest.
2974 silly tarball no local data for convert-source-map@https://registry.npmjs.org/convert-source-map/-/convert-source-map-2.0.0.tgz. Extracting by manifest.
2975 silly tarball no local data for gensync@https://registry.npmjs.org/gensync/-/gensync-1.0.0-beta.2.tgz. Extracting by manifest.
2976 silly tarball no local data for @babel/helper-validator-identifier@https://registry.npmjs.org/@babel/helper-validator-identifier/-/helper-validator-identifier-7.28.5.tgz. Extracting by manifest.
2977 silly tarball no local data for @jridgewell/remapping@https://registry.npmjs.org/@jridgewell/remapping/-/remapping-2.3.5.tgz. Extracting by manifest.
2978 silly tarball no local data for @babel/types@https://registry.npmjs.org/@babel/types/-/types-7.28.5.tgz. Extracting by manifest.
2979 silly tarball no local data for @babel/traverse@https://registry.npmjs.org/@babel/traverse/-/traverse-7.28.5.tgz. Extracting by manifest.
2980 silly tarball no local data for @babel/template@https://registry.npmjs.org/@babel/template/-/template-7.27.2.tgz. Extracting by manifest.
2981 silly tarball no local data for @babel/helpers@https://registry.npmjs.org/@babel/helpers/-/helpers-7.28.4.tgz. Extracting by manifest.
2982 silly tarball no local data for @babel/helper-module-transforms@https://registry.npmjs.org/@babel/helper-module-transforms/-/helper-module-transforms-7.28.3.tgz. Extracting by manifest.
2983 silly tarball no local data for @babel/helper-compilation-targets@https://registry.npmjs.org/@babel/helper-compilation-targets/-/helper-compilation-targets-7.27.2.tgz. Extracting by manifest.
2984 silly tarball no local data for @babel/generator@https://registry.npmjs.org/@babel/generator/-/generator-7.28.5.tgz. Extracting by manifest.
2985 silly tarball no local data for @babel/code-frame@https://registry.npmjs.org/@babel/code-frame/-/code-frame-7.27.1.tgz. Extracting by manifest.
2986 silly tarball no local data for zod-validation-error@https://registry.npmjs.org/zod-validation-error/-/zod-validation-error-4.0.2.tgz. Extracting by manifest.
2987 silly tarball no local data for zod@https://registry.npmjs.org/zod/-/zod-4.2.1.tgz. Extracting by manifest.
2988 silly tarball no local data for hermes-parser@https://registry.npmjs.org/hermes-parser/-/hermes-parser-0.25.1.tgz. Extracting by manifest.
2989 silly tarball no local data for @babel/parser@https://registry.npmjs.org/@babel/parser/-/parser-7.28.5.tgz. Extracting by manifest.
2990 silly tarball no local data for @babel/core@https://registry.npmjs.org/@babel/core/-/core-7.28.5.tgz. Extracting by manifest.
2991 silly tarball no local data for iterator.prototype@https://registry.npmjs.org/iterator.prototype/-/iterator.prototype-1.1.5.tgz. Extracting by manifest.
2992 silly tarball no local data for string.prototype.repeat@https://registry.npmjs.org/string.prototype.repeat/-/string.prototype.repeat-1.0.0.tgz. Extracting by manifest.
2993 silly tarball no local data for string.prototype.matchall@https://registry.npmjs.org/string.prototype.matchall/-/string.prototype.matchall-4.0.12.tgz. Extracting by manifest.
2994 silly tarball no local data for prop-types@https://registry.npmjs.org/prop-types/-/prop-types-15.8.1.tgz. Extracting by manifest.
2995 silly tarball no local data for object.entries@https://registry.npmjs.org/object.entries/-/object.entries-1.1.9.tgz. Extracting by manifest.
2996 silly tarball no local data for estraverse@https://registry.npmjs.org/estraverse/-/estraverse-5.3.0.tgz. Extracting by manifest.
2997 silly tarball no local data for array.prototype.tosorted@https://registry.npmjs.org/array.prototype.tosorted/-/array.prototype.tosorted-1.1.4.tgz. Extracting by manifest.
2998 silly tarball no local data for es-iterator-helpers@https://registry.npmjs.org/es-iterator-helpers/-/es-iterator-helpers-1.2.2.tgz. Extracting by manifest.
2999 silly tarball no local data for array.prototype.findlast@https://registry.npmjs.org/array.prototype.findlast/-/array.prototype.findlast-1.2.5.tgz. Extracting by manifest.
3000 silly tarball no local data for language-tags@https://registry.npmjs.org/language-tags/-/language-tags-1.0.9.tgz. Extracting by manifest.
3001 silly tarball no local data for string.prototype.includes@https://registry.npmjs.org/string.prototype.includes/-/string.prototype.includes-2.0.1.tgz. Extracting by manifest.
3002 silly tarball no local data for jsx-ast-utils@https://registry.npmjs.org/jsx-ast-utils/-/jsx-ast-utils-3.3.5.tgz. Extracting by manifest.
3003 silly tarball no local data for emoji-regex@https://registry.npmjs.org/emoji-regex/-/emoji-regex-9.2.2.tgz. Extracting by manifest.
3004 silly tarball no local data for damerau-levenshtein@https://registry.npmjs.org/damerau-levenshtein/-/damerau-levenshtein-1.0.8.tgz. Extracting by manifest.
3005 silly tarball no local data for axobject-query@https://registry.npmjs.org/axobject-query/-/axobject-query-4.1.0.tgz. Extracting by manifest.
3006 silly tarball no local data for axe-core@https://registry.npmjs.org/axe-core/-/axe-core-4.11.0.tgz. Extracting by manifest.
3007 silly tarball no local data for ast-types-flow@https://registry.npmjs.org/ast-types-flow/-/ast-types-flow-0.0.8.tgz. Extracting by manifest.
3008 silly tarball no local data for aria-query@https://registry.npmjs.org/aria-query/-/aria-query-5.3.2.tgz. Extracting by manifest.
3009 silly tarball no local data for is-symbol@https://registry.npmjs.org/is-symbol/-/is-symbol-1.1.1.tgz. Extracting by manifest.
3010 silly tarball no local data for is-date-object@https://registry.npmjs.org/is-date-object/-/is-date-object-1.1.0.tgz. Extracting by manifest.
3011 silly tarball no local data for has-tostringtag@https://registry.npmjs.org/has-tostringtag/-/has-tostringtag-1.0.2.tgz. Extracting by manifest.
3012 silly tarball no local data for possible-typed-array-names@https://registry.npmjs.org/possible-typed-array-names/-/possible-typed-array-names-1.1.0.tgz. Extracting by manifest.
3013 silly tarball no local data for which-typed-array@https://registry.npmjs.org/which-typed-array/-/which-typed-array-1.1.19.tgz. Extracting by manifest.
3014 silly tarball no local data for unbox-primitive@https://registry.npmjs.org/unbox-primitive/-/unbox-primitive-1.1.0.tgz. Extracting by manifest.
3015 silly tarball no local data for typed-array-length@https://registry.npmjs.org/typed-array-length/-/typed-array-length-1.0.7.tgz. Extracting by manifest.
3016 silly tarball no local data for typed-array-byte-offset@https://registry.npmjs.org/typed-array-byte-offset/-/typed-array-byte-offset-1.0.4.tgz. Extracting by manifest.
3017 silly tarball no local data for typed-array-byte-length@https://registry.npmjs.org/typed-array-byte-length/-/typed-array-byte-length-1.0.3.tgz. Extracting by manifest.
3018 silly tarball no local data for typed-array-buffer@https://registry.npmjs.org/typed-array-buffer/-/typed-array-buffer-1.0.3.tgz. Extracting by manifest.
3019 silly tarball no local data for string.prototype.trimstart@https://registry.npmjs.org/string.prototype.trimstart/-/string.prototype.trimstart-1.0.8.tgz. Extracting by manifest.
3020 silly tarball no local data for string.prototype.trim@https://registry.npmjs.org/string.prototype.trim/-/string.prototype.trim-1.2.10.tgz. Extracting by manifest.
3021 silly tarball no local data for stop-iteration-iterator@https://registry.npmjs.org/stop-iteration-iterator/-/stop-iteration-iterator-1.1.0.tgz. Extracting by manifest.
3022 silly tarball no local data for set-proto@https://registry.npmjs.org/set-proto/-/set-proto-1.0.0.tgz. Extracting by manifest.
3023 silly tarball no local data for safe-regex-test@https://registry.npmjs.org/safe-regex-test/-/safe-regex-test-1.1.0.tgz. Extracting by manifest.
3024 silly tarball no local data for safe-push-apply@https://registry.npmjs.org/safe-push-apply/-/safe-push-apply-1.0.0.tgz. Extracting by manifest.
3025 silly tarball no local data for safe-array-concat@https://registry.npmjs.org/safe-array-concat/-/safe-array-concat-1.1.3.tgz. Extracting by manifest.
3026 silly tarball no local data for regexp.prototype.flags@https://registry.npmjs.org/regexp.prototype.flags/-/regexp.prototype.flags-1.5.4.tgz. Extracting by manifest.
3027 silly tarball no local data for own-keys@https://registry.npmjs.org/own-keys/-/own-keys-1.0.1.tgz. Extracting by manifest.
3028 silly tarball no local data for object.assign@https://registry.npmjs.org/object.assign/-/object.assign-4.1.7.tgz. Extracting by manifest.
3029 silly tarball no local data for object-inspect@https://registry.npmjs.org/object-inspect/-/object-inspect-1.13.4.tgz. Extracting by manifest.
3030 silly tarball no local data for is-weakref@https://registry.npmjs.org/is-weakref/-/is-weakref-1.1.1.tgz. Extracting by manifest.
3031 silly tarball no local data for is-typed-array@https://registry.npmjs.org/is-typed-array/-/is-typed-array-1.1.15.tgz. Extracting by manifest.
3032 silly tarball no local data for is-shared-array-buffer@https://registry.npmjs.org/is-shared-array-buffer/-/is-shared-array-buffer-1.0.4.tgz. Extracting by manifest.
3033 silly tarball no local data for is-set@https://registry.npmjs.org/is-set/-/is-set-2.0.3.tgz. Extracting by manifest.
3034 silly tarball no local data for is-regex@https://registry.npmjs.org/is-regex/-/is-regex-1.2.1.tgz. Extracting by manifest.
3035 silly tarball no local data for is-negative-zero@https://registry.npmjs.org/is-negative-zero/-/is-negative-zero-2.0.3.tgz. Extracting by manifest.
3036 silly tarball no local data for is-data-view@https://registry.npmjs.org/is-data-view/-/is-data-view-1.0.2.tgz. Extracting by manifest.
3037 silly tarball no local data for is-callable@https://registry.npmjs.org/is-callable/-/is-callable-1.2.7.tgz. Extracting by manifest.
3038 silly tarball no local data for is-array-buffer@https://registry.npmjs.org/is-array-buffer/-/is-array-buffer-3.0.5.tgz. Extracting by manifest.
3039 silly tarball no local data for internal-slot@https://registry.npmjs.org/internal-slot/-/internal-slot-1.1.0.tgz. Extracting by manifest.
3040 silly tarball no local data for has-symbols@https://registry.npmjs.org/has-symbols/-/has-symbols-1.1.0.tgz. Extracting by manifest.
3041 silly tarball no local data for has-proto@https://registry.npmjs.org/has-proto/-/has-proto-1.2.0.tgz. Extracting by manifest.
3042 silly tarball no local data for globalthis@https://registry.npmjs.org/globalthis/-/globalthis-1.0.4.tgz. Extracting by manifest.
3043 silly tarball no local data for get-proto@https://registry.npmjs.org/get-proto/-/get-proto-1.0.1.tgz. Extracting by manifest.
3044 silly tarball no local data for get-symbol-description@https://registry.npmjs.org/get-symbol-description/-/get-symbol-description-1.1.0.tgz. Extracting by manifest.
3045 silly tarball no local data for function.prototype.name@https://registry.npmjs.org/function.prototype.name/-/function.prototype.name-1.1.8.tgz. Extracting by manifest.
3046 silly tarball no local data for es-to-primitive@https://registry.npmjs.org/es-to-primitive/-/es-to-primitive-1.3.0.tgz. Extracting by manifest.
3047 silly tarball no local data for es-set-tostringtag@https://registry.npmjs.org/es-set-tostringtag/-/es-set-tostringtag-2.1.0.tgz. Extracting by manifest.
3048 silly tarball no local data for data-view-byte-offset@https://registry.npmjs.org/data-view-byte-offset/-/data-view-byte-offset-1.0.1.tgz. Extracting by manifest.
3049 silly tarball no local data for data-view-byte-length@https://registry.npmjs.org/data-view-byte-length/-/data-view-byte-length-1.0.2.tgz. Extracting by manifest.
3050 silly tarball no local data for data-view-buffer@https://registry.npmjs.org/data-view-buffer/-/data-view-buffer-1.0.2.tgz. Extracting by manifest.
3051 silly tarball no local data for available-typed-arrays@https://registry.npmjs.org/available-typed-arrays/-/available-typed-arrays-1.0.7.tgz. Extracting by manifest.
3052 silly tarball no local data for array-buffer-byte-length@https://registry.npmjs.org/array-buffer-byte-length/-/array-buffer-byte-length-1.0.2.tgz. Extracting by manifest.
3053 silly tarball no local data for arraybuffer.prototype.slice@https://registry.npmjs.org/arraybuffer.prototype.slice/-/arraybuffer.prototype.slice-1.0.4.tgz. Extracting by manifest.
3054 silly tarball no local data for object-keys@https://registry.npmjs.org/object-keys/-/object-keys-1.1.1.tgz. Extracting by manifest.
3055 silly tarball no local data for has-property-descriptors@https://registry.npmjs.org/has-property-descriptors/-/has-property-descriptors-1.0.2.tgz. Extracting by manifest.
3056 silly tarball no local data for define-data-property@https://registry.npmjs.org/define-data-property/-/define-data-property-1.1.4.tgz. Extracting by manifest.
3057 silly tarball no local data for function-bind@https://registry.npmjs.org/function-bind/-/function-bind-1.1.2.tgz. Extracting by manifest.
3058 silly tarball no local data for set-function-length@https://registry.npmjs.org/set-function-length/-/set-function-length-1.2.2.tgz. Extracting by manifest.
3059 silly tarball no local data for es-define-property@https://registry.npmjs.org/es-define-property/-/es-define-property-1.0.1.tgz. Extracting by manifest.
3060 silly tarball no local data for call-bind-apply-helpers@https://registry.npmjs.org/call-bind-apply-helpers/-/call-bind-apply-helpers-1.0.2.tgz. Extracting by manifest.
3061 silly tarball no local data for es-shim-unscopables@https://registry.npmjs.org/es-shim-unscopables/-/es-shim-unscopables-1.1.0.tgz. Extracting by manifest.
3062 silly tarball no local data for es-errors@https://registry.npmjs.org/es-errors/-/es-errors-1.3.0.tgz. Extracting by manifest.
3063 silly tarball no local data for math-intrinsics@https://registry.npmjs.org/math-intrinsics/-/math-intrinsics-1.1.0.tgz. Extracting by manifest.
3064 silly tarball no local data for get-intrinsic@https://registry.npmjs.org/get-intrinsic/-/get-intrinsic-1.3.0.tgz. Extracting by manifest.
3065 silly tarball no local data for is-string@https://registry.npmjs.org/is-string/-/is-string-1.1.1.tgz. Extracting by manifest.
3066 silly tarball no local data for es-object-atoms@https://registry.npmjs.org/es-object-atoms/-/es-object-atoms-1.1.1.tgz. Extracting by manifest.
3067 silly tarball no local data for es-abstract@https://registry.npmjs.org/es-abstract/-/es-abstract-1.24.1.tgz. Extracting by manifest.
3068 silly tarball no local data for call-bound@https://registry.npmjs.org/call-bound/-/call-bound-1.0.4.tgz. Extracting by manifest.
3069 silly tarball no local data for define-properties@https://registry.npmjs.org/define-properties/-/define-properties-1.2.1.tgz. Extracting by manifest.
3070 silly tarball no local data for call-bind@https://registry.npmjs.org/call-bind/-/call-bind-1.0.8.tgz. Extracting by manifest.
3071 silly tarball no local data for string.prototype.trimend@https://registry.npmjs.org/string.prototype.trimend/-/string.prototype.trimend-1.0.9.tgz. Extracting by manifest.
3072 silly tarball no local data for gopd@https://registry.npmjs.org/gopd/-/gopd-1.2.0.tgz. Extracting by manifest.
3073 silly tarball no local data for object.values@https://registry.npmjs.org/object.values/-/object.values-1.2.1.tgz. Extracting by manifest.
3074 silly tarball no local data for semver@https://registry.npmjs.org/semver/-/semver-6.3.1.tgz. Extracting by manifest.
3075 silly tarball no local data for object.groupby@https://registry.npmjs.org/object.groupby/-/object.groupby-1.0.3.tgz. Extracting by manifest.
3076 silly tarball no local data for object.fromentries@https://registry.npmjs.org/object.fromentries/-/object.fromentries-2.0.8.tgz. Extracting by manifest.
3077 silly tarball no local data for tsconfig-paths@https://registry.npmjs.org/tsconfig-paths/-/tsconfig-paths-3.15.0.tgz. Extracting by manifest.
3078 silly tarball no local data for hasown@https://registry.npmjs.org/hasown/-/hasown-2.0.2.tgz. Extracting by manifest.
3079 silly tarball no local data for eslint-module-utils@https://registry.npmjs.org/eslint-module-utils/-/eslint-module-utils-2.12.1.tgz. Extracting by manifest.
3080 silly tarball no local data for doctrine@https://registry.npmjs.org/doctrine/-/doctrine-2.1.0.tgz. Extracting by manifest.
3081 silly tarball no local data for array.prototype.flatmap@https://registry.npmjs.org/array.prototype.flatmap/-/array.prototype.flatmap-1.3.3.tgz. Extracting by manifest.
3082 silly tarball no local data for array.prototype.flat@https://registry.npmjs.org/array.prototype.flat/-/array.prototype.flat-1.3.3.tgz. Extracting by manifest.
3083 silly tarball no local data for array.prototype.findlastindex@https://registry.npmjs.org/array.prototype.findlastindex/-/array.prototype.findlastindex-1.2.6.tgz. Extracting by manifest.
3084 silly tarball no local data for array-includes@https://registry.npmjs.org/array-includes/-/array-includes-3.1.9.tgz. Extracting by manifest.
3085 silly tarball no local data for @rtsao/scc@https://registry.npmjs.org/@rtsao/scc/-/scc-1.1.0.tgz. Extracting by manifest.
3086 silly tarball no local data for unrs-resolver@https://registry.npmjs.org/unrs-resolver/-/unrs-resolver-1.11.1.tgz. Extracting by manifest.
3087 silly tarball no local data for tinyglobby@https://registry.npmjs.org/tinyglobby/-/tinyglobby-0.2.15.tgz. Extracting by manifest.
3088 silly tarball no local data for stable-hash@https://registry.npmjs.org/stable-hash/-/stable-hash-0.0.5.tgz. Extracting by manifest.
3089 silly tarball no local data for is-bun-module@https://registry.npmjs.org/is-bun-module/-/is-bun-module-2.0.0.tgz. Extracting by manifest.
3090 silly tarball no local data for get-tsconfig@https://registry.npmjs.org/get-tsconfig/-/get-tsconfig-4.13.0.tgz. Extracting by manifest.
3091 silly tarball no local data for resolve@https://registry.npmjs.org/resolve/-/resolve-1.22.11.tgz. Extracting by manifest.
3092 silly tarball no local data for is-core-module@https://registry.npmjs.org/is-core-module/-/is-core-module-2.16.1.tgz. Extracting by manifest.
3093 silly tarball no local data for fast-glob@https://registry.npmjs.org/fast-glob/-/fast-glob-3.3.1.tgz. Extracting by manifest.
3094 silly tarball no local data for eslint-plugin-react-hooks@https://registry.npmjs.org/eslint-plugin-react-hooks/-/eslint-plugin-react-hooks-7.0.1.tgz. Extracting by manifest.
3095 silly tarball no local data for eslint-plugin-react@https://registry.npmjs.org/eslint-plugin-react/-/eslint-plugin-react-7.37.5.tgz. Extracting by manifest.
3096 silly tarball no local data for @nolyfill/is-core-module@https://registry.npmjs.org/@nolyfill/is-core-module/-/is-core-module-1.0.39.tgz. Extracting by manifest.
3097 silly tarball no local data for eslint-plugin-jsx-a11y@https://registry.npmjs.org/eslint-plugin-jsx-a11y/-/eslint-plugin-jsx-a11y-6.10.2.tgz. Extracting by manifest.
3098 silly tarball no local data for eslint-import-resolver-typescript@https://registry.npmjs.org/eslint-import-resolver-typescript/-/eslint-import-resolver-typescript-3.10.1.tgz. Extracting by manifest.
3099 silly tarball no local data for eslint-import-resolver-node@https://registry.npmjs.org/eslint-import-resolver-node/-/eslint-import-resolver-node-0.3.9.tgz. Extracting by manifest.
3100 silly tarball no local data for @next/eslint-plugin-next@https://registry.npmjs.org/@next/eslint-plugin-next/-/eslint-plugin-next-16.0.7.tgz. Extracting by manifest.
3101 silly tarball no local data for ms@https://registry.npmjs.org/ms/-/ms-2.1.3.tgz. Extracting by manifest.
3102 silly tarball no local data for which@https://registry.npmjs.org/which/-/which-2.0.2.tgz. Extracting by manifest.
3103 silly tarball no local data for shebang-command@https://registry.npmjs.org/shebang-command/-/shebang-command-2.0.0.tgz. Extracting by manifest.
3104 silly tarball no local data for path-key@https://registry.npmjs.org/path-key/-/path-key-3.1.1.tgz. Extracting by manifest.
3105 silly tarball no local data for typescript-eslint@https://registry.npmjs.org/typescript-eslint/-/typescript-eslint-8.50.1.tgz. Extracting by manifest.
3106 silly tarball no local data for color-name@https://registry.npmjs.org/color-name/-/color-name-1.1.4.tgz. Extracting by manifest.
3107 silly tarball no local data for color-convert@https://registry.npmjs.org/color-convert/-/color-convert-2.0.1.tgz. Extracting by manifest.
3108 silly tarball no local data for supports-color@https://registry.npmjs.org/supports-color/-/supports-color-7.2.0.tgz. Extracting by manifest.
3109 silly tarball no local data for ansi-styles@https://registry.npmjs.org/ansi-styles/-/ansi-styles-4.3.0.tgz. Extracting by manifest.
3110 silly tarball no local data for uri-js@https://registry.npmjs.org/uri-js/-/uri-js-4.4.1.tgz. Extracting by manifest.
3111 silly tarball no local data for json-schema-traverse@https://registry.npmjs.org/json-schema-traverse/-/json-schema-traverse-0.4.1.tgz. Extracting by manifest.
3112 silly tarball no local data for fast-json-stable-stringify@https://registry.npmjs.org/fast-json-stable-stringify/-/fast-json-stable-stringify-2.1.0.tgz. Extracting by manifest.
3113 silly tarball no local data for @humanfs/core@https://registry.npmjs.org/@humanfs/core/-/core-0.19.1.tgz. Extracting by manifest.
3114 silly tarball no local data for levn@https://registry.npmjs.org/levn/-/levn-0.4.1.tgz. Extracting by manifest.
3115 silly tarball no local data for strip-json-comments@https://registry.npmjs.org/strip-json-comments/-/strip-json-comments-3.1.1.tgz. Extracting by manifest.
3116 silly tarball no local data for js-yaml@https://registry.npmjs.org/js-yaml/-/js-yaml-4.1.1.tgz. Extracting by manifest.
3117 silly tarball no local data for eslint-plugin-import@https://registry.npmjs.org/eslint-plugin-import/-/eslint-plugin-import-2.32.0.tgz. Extracting by manifest.
3118 silly tarball no local data for globals@https://registry.npmjs.org/globals/-/globals-14.0.0.tgz. Extracting by manifest.
3119 silly tarball no local data for import-fresh@https://registry.npmjs.org/import-fresh/-/import-fresh-3.3.1.tgz. Extracting by manifest.
3120 silly tarball no local data for @eslint/object-schema@https://registry.npmjs.org/@eslint/object-schema/-/object-schema-2.1.7.tgz. Extracting by manifest.
3121 silly tarball no local data for optionator@https://registry.npmjs.org/optionator/-/optionator-0.9.4.tgz. Extracting by manifest.
3122 silly tarball no local data for @types/json-schema@https://registry.npmjs.org/@types/json-schema/-/json-schema-7.0.15.tgz. Extracting by manifest.
3123 silly tarball no local data for natural-compare@https://registry.npmjs.org/natural-compare/-/natural-compare-1.4.0.tgz. Extracting by manifest.
3124 silly tarball no local data for minimatch@https://registry.npmjs.org/minimatch/-/minimatch-3.1.2.tgz. Extracting by manifest.
3125 silly tarball no local data for lodash.merge@https://registry.npmjs.org/lodash.merge/-/lodash.merge-4.6.2.tgz. Extracting by manifest.
3126 silly tarball no local data for json-stable-stringify-without-jsonify@https://registry.npmjs.org/json-stable-stringify-without-jsonify/-/json-stable-stringify-without-jsonify-1.0.1.tgz. Extracting by manifest.
3127 silly tarball no local data for imurmurhash@https://registry.npmjs.org/imurmurhash/-/imurmurhash-0.1.4.tgz. Extracting by manifest.
3128 silly tarball no local data for ignore@https://registry.npmjs.org/ignore/-/ignore-5.3.2.tgz. Extracting by manifest.
3129 silly tarball no local data for glob-parent@https://registry.npmjs.org/glob-parent/-/glob-parent-6.0.2.tgz. Extracting by manifest.
3130 silly tarball no local data for find-up@https://registry.npmjs.org/find-up/-/find-up-5.0.0.tgz. Extracting by manifest.
3131 silly tarball no local data for file-entry-cache@https://registry.npmjs.org/file-entry-cache/-/file-entry-cache-8.0.0.tgz. Extracting by manifest.
3132 silly tarball no local data for fast-deep-equal@https://registry.npmjs.org/fast-deep-equal/-/fast-deep-equal-3.1.3.tgz. Extracting by manifest.
3133 silly tarball no local data for esutils@https://registry.npmjs.org/esutils/-/esutils-2.0.3.tgz. Extracting by manifest.
3134 silly tarball no local data for is-glob@https://registry.npmjs.org/is-glob/-/is-glob-4.0.3.tgz. Extracting by manifest.
3135 silly tarball no local data for esquery@https://registry.npmjs.org/esquery/-/esquery-1.6.0.tgz. Extracting by manifest.
3136 silly tarball no local data for espree@https://registry.npmjs.org/espree/-/espree-10.4.0.tgz. Extracting by manifest.
3137 silly tarball no local data for eslint-visitor-keys@https://registry.npmjs.org/eslint-visitor-keys/-/eslint-visitor-keys-4.2.1.tgz. Extracting by manifest.
3138 silly tarball no local data for eslint-scope@https://registry.npmjs.org/eslint-scope/-/eslint-scope-8.4.0.tgz. Extracting by manifest.
3139 silly tarball no local data for escape-string-regexp@https://registry.npmjs.org/escape-string-regexp/-/escape-string-regexp-4.0.0.tgz. Extracting by manifest.
3140 silly tarball no local data for debug@https://registry.npmjs.org/debug/-/debug-4.4.3.tgz. Extracting by manifest.
3141 silly tarball no local data for cross-spawn@https://registry.npmjs.org/cross-spawn/-/cross-spawn-7.0.6.tgz. Extracting by manifest.
3142 silly tarball no local data for chalk@https://registry.npmjs.org/chalk/-/chalk-4.1.2.tgz. Extracting by manifest.
3143 silly tarball no local data for ajv@https://registry.npmjs.org/ajv/-/ajv-6.12.6.tgz. Extracting by manifest.
3144 silly tarball no local data for @humanwhocodes/retry@https://registry.npmjs.org/@humanwhocodes/retry/-/retry-0.4.3.tgz. Extracting by manifest.
3145 silly tarball no local data for @humanfs/node@https://registry.npmjs.org/@humanfs/node/-/node-0.16.7.tgz. Extracting by manifest.
3146 silly tarball no local data for @humanwhocodes/module-importer@https://registry.npmjs.org/@humanwhocodes/module-importer/-/module-importer-1.0.1.tgz. Extracting by manifest.
3147 silly tarball no local data for @eslint/plugin-kit@https://registry.npmjs.org/@eslint/plugin-kit/-/plugin-kit-0.4.1.tgz. Extracting by manifest.
3148 silly tarball no local data for @eslint/js@https://registry.npmjs.org/@eslint/js/-/js-9.39.2.tgz. Extracting by manifest.
3149 silly tarball no local data for @eslint/eslintrc@https://registry.npmjs.org/@eslint/eslintrc/-/eslintrc-3.3.3.tgz. Extracting by manifest.
3150 silly tarball no local data for @eslint/core@https://registry.npmjs.org/@eslint/core/-/core-0.17.0.tgz. Extracting by manifest.
3151 silly tarball no local data for @eslint/config-helpers@https://registry.npmjs.org/@eslint/config-helpers/-/config-helpers-0.4.2.tgz. Extracting by manifest.
3152 silly tarball no local data for @eslint/config-array@https://registry.npmjs.org/@eslint/config-array/-/config-array-0.21.1.tgz. Extracting by manifest.
3153 silly tarball no local data for @eslint-community/regexpp@https://registry.npmjs.org/@eslint-community/regexpp/-/regexpp-4.12.2.tgz. Extracting by manifest.
3154 silly tarball no local data for csstype@https://registry.npmjs.org/csstype/-/csstype-3.2.3.tgz. Extracting by manifest.
3155 silly tarball no local data for @eslint-community/eslint-utils@https://registry.npmjs.org/@eslint-community/eslint-utils/-/eslint-utils-4.9.0.tgz. Extracting by manifest.
3156 silly tarball no local data for undici-types@https://registry.npmjs.org/undici-types/-/undici-types-6.21.0.tgz. Extracting by manifest.
3157 silly tarball no local data for iceberg-js@https://registry.npmjs.org/iceberg-js/-/iceberg-js-0.8.1.tgz. Extracting by manifest.
3158 silly tarball no local data for ws@https://registry.npmjs.org/ws/-/ws-8.18.3.tgz. Extracting by manifest.
3159 silly tarball no local data for @types/phoenix@https://registry.npmjs.org/@types/phoenix/-/phoenix-1.6.7.tgz. Extracting by manifest.
3160 silly tarball no local data for @types/ws@https://registry.npmjs.org/@types/ws/-/ws-8.18.1.tgz. Extracting by manifest.
3161 silly tarball no local data for tslib@https://registry.npmjs.org/tslib/-/tslib-2.8.1.tgz. Extracting by manifest.
3162 silly tarball no local data for @types/estree@https://registry.npmjs.org/@types/estree/-/estree-1.0.8.tgz. Extracting by manifest.
3163 silly tarball no local data for @supabase/storage-js@https://registry.npmjs.org/@supabase/storage-js/-/storage-js-2.89.0.tgz. Extracting by manifest.
3164 silly tarball no local data for @supabase/realtime-js@https://registry.npmjs.org/@supabase/realtime-js/-/realtime-js-2.89.0.tgz. Extracting by manifest.
3165 silly tarball no local data for @supabase/postgrest-js@https://registry.npmjs.org/@supabase/postgrest-js/-/postgrest-js-2.89.0.tgz. Extracting by manifest.
3166 silly tarball no local data for @supabase/auth-js@https://registry.npmjs.org/@supabase/auth-js/-/auth-js-2.89.0.tgz. Extracting by manifest.
3167 silly tarball no local data for cookie@https://registry.npmjs.org/cookie/-/cookie-1.1.1.tgz. Extracting by manifest.
3168 silly tarball no local data for papaparse@https://registry.npmjs.org/papaparse/-/papaparse-5.5.3.tgz. Extracting by manifest.
3169 silly tarball no local data for typescript@https://registry.npmjs.org/typescript/-/typescript-5.9.3.tgz. Extracting by manifest.
3170 silly tarball no local data for react-dom@https://registry.npmjs.org/react-dom/-/react-dom-19.2.0.tgz. Extracting by manifest.
3171 silly tarball no local data for next@https://registry.npmjs.org/next/-/next-16.0.7.tgz. Extracting by manifest.
3172 silly tarball no local data for react@https://registry.npmjs.org/react/-/react-19.2.0.tgz. Extracting by manifest.
3173 silly tarball no local data for lucide-react@https://registry.npmjs.org/lucide-react/-/lucide-react-0.556.0.tgz. Extracting by manifest.
3174 silly tarball no local data for @supabase/functions-js@https://registry.npmjs.org/@supabase/functions-js/-/functions-js-2.89.0.tgz. Extracting by manifest.
3175 silly tarball no local data for eslint-config-next@https://registry.npmjs.org/eslint-config-next/-/eslint-config-next-16.0.7.tgz. Extracting by manifest.
3176 silly tarball no local data for clsx@https://registry.npmjs.org/clsx/-/clsx-2.1.1.tgz. Extracting by manifest.
3177 silly tarball no local data for @types/react@https://registry.npmjs.org/@types/react/-/react-19.2.7.tgz. Extracting by manifest.
3178 silly tarball no local data for @types/papaparse@https://registry.npmjs.org/@types/papaparse/-/papaparse-5.5.2.tgz. Extracting by manifest.
3179 silly tarball no local data for @types/node@https://registry.npmjs.org/@types/node/-/node-20.19.27.tgz. Extracting by manifest.
3180 silly tarball no local data for eslint@https://registry.npmjs.org/eslint/-/eslint-9.39.2.tgz. Extracting by manifest.
3181 silly tarball no local data for @supabase/supabase-js@https://registry.npmjs.org/@supabase/supabase-js/-/supabase-js-2.89.0.tgz. Extracting by manifest.
3182 silly tarball no local data for @google/generative-ai@https://registry.npmjs.org/@google/generative-ai/-/generative-ai-0.24.1.tgz. Extracting by manifest.
3183 silly tarball no local data for brace-expansion@https://registry.npmjs.org/brace-expansion/-/brace-expansion-2.0.2.tgz. Extracting by manifest.
3184 silly tarball no local data for minimatch@https://registry.npmjs.org/minimatch/-/minimatch-9.0.5.tgz. Extracting by manifest.
3185 silly tarball no local data for semver@https://registry.npmjs.org/semver/-/semver-7.7.3.tgz. Extracting by manifest.
3186 silly tarball no local data for ignore@https://registry.npmjs.org/ignore/-/ignore-7.0.5.tgz. Extracting by manifest.
3187 silly tarball no local data for semver@https://registry.npmjs.org/semver/-/semver-7.7.3.tgz. Extracting by manifest.
3188 silly tarball no local data for json5@https://registry.npmjs.org/json5/-/json5-1.0.2.tgz. Extracting by manifest.
3189 silly tarball no local data for debug@https://registry.npmjs.org/debug/-/debug-3.2.7.tgz. Extracting by manifest.
3190 silly tarball no local data for @types/react-dom@https://registry.npmjs.org/@types/react-dom/-/react-dom-19.2.3.tgz. Extracting by manifest.
3191 silly tarball no local data for picomatch@https://registry.npmjs.org/picomatch/-/picomatch-4.0.3.tgz. Extracting by manifest.
3192 silly tarball no local data for fdir@https://registry.npmjs.org/fdir/-/fdir-6.5.0.tgz. Extracting by manifest.
3193 silly tarball no local data for glob-parent@https://registry.npmjs.org/glob-parent/-/glob-parent-5.1.2.tgz. Extracting by manifest.
3194 silly tarball no local data for semver@https://registry.npmjs.org/semver/-/semver-7.7.3.tgz. Extracting by manifest.
3195 silly tarball no local data for resolve@https://registry.npmjs.org/resolve/-/resolve-2.0.0-next.5.tgz. Extracting by manifest.
3196 silly tarball no local data for debug@https://registry.npmjs.org/debug/-/debug-3.2.7.tgz. Extracting by manifest.
3197 silly tarball no local data for debug@https://registry.npmjs.org/debug/-/debug-3.2.7.tgz. Extracting by manifest.
3198 silly tarball no local data for eslint-visitor-keys@https://registry.npmjs.org/eslint-visitor-keys/-/eslint-visitor-keys-3.4.3.tgz. Extracting by manifest.
3199 silly tarball no local data for globals@https://registry.npmjs.org/globals/-/globals-16.4.0.tgz. Extracting by manifest.
3200 silly tarball no local data for @supabase/ssr@https://registry.npmjs.org/@supabase/ssr/-/ssr-0.8.0.tgz. Extracting by manifest.
3201 http fetch GET 200 https://registry.npmjs.org/is-weakmap/-/is-weakmap-2.0.2.tgz 78ms (cache miss)
3202 http fetch GET 200 https://registry.npmjs.org/is-map/-/is-map-2.0.3.tgz 78ms (cache miss)
3203 http fetch GET 200 https://registry.npmjs.org/is-weakset/-/is-weakset-2.0.4.tgz 79ms (cache miss)
3204 http fetch GET 200 https://registry.npmjs.org/is-async-function/-/is-async-function-2.1.1.tgz 78ms (cache miss)
3205 http fetch GET 200 https://registry.npmjs.org/is-generator-function/-/is-generator-function-1.1.2.tgz 79ms (cache miss)
3206 http fetch GET 200 https://registry.npmjs.org/async-function/-/async-function-1.0.0.tgz 80ms (cache miss)
3207 http fetch GET 200 https://registry.npmjs.org/generator-function/-/generator-function-2.0.1.tgz 82ms (cache miss)
3208 http fetch GET 200 https://registry.npmjs.org/which-collection/-/which-collection-1.0.2.tgz 92ms (cache miss)
3209 http fetch POST 200 https://registry.npmjs.org/-/npm/v1/security/advisories/bulk 124ms
3210 silly audit report {
3210 silly audit report   next: [
3210 silly audit report     {
3210 silly audit report       id: 1111374,
3210 silly audit report       url: 'https://github.com/advisories/GHSA-w37m-7fhw-fmv9',
3210 silly audit report       title: 'Next Server Actions Source Code Exposure ',
3210 silly audit report       severity: 'moderate',
3210 silly audit report       vulnerable_versions: '>=16.0.0-beta.0 <16.0.9',
3210 silly audit report       cwe: [Array],
3210 silly audit report       cvss: [Object]
3210 silly audit report     },
3210 silly audit report     {
3210 silly audit report       id: 1111383,
3210 silly audit report       url: 'https://github.com/advisories/GHSA-mwv6-3258-q52c',
3210 silly audit report       title: 'Next Vulnerable to Denial of Service with Server Components',
3210 silly audit report       severity: 'high',
3210 silly audit report       vulnerable_versions: '>=16.0.0-beta.0 <16.0.9',
3210 silly audit report       cwe: [Array],
3210 silly audit report       cvss: [Object]
3210 silly audit report     }
3210 silly audit report   ]
3210 silly audit report }
3211 silly packumentCache corgi:https://registry.npmjs.org/next cache-miss
3212 http fetch GET 200 https://registry.npmjs.org/punycode/-/punycode-2.3.1.tgz 122ms (cache miss)
3213 http fetch GET 200 https://registry.npmjs.org/napi-postinstall/-/napi-postinstall-0.3.4.tgz 126ms (cache miss)
3214 http fetch GET 200 https://registry.npmjs.org/@emnapi/wasi-threads/-/wasi-threads-1.1.0.tgz 126ms (cache miss)
3215 http fetch GET 200 https://registry.npmjs.org/@tybys/wasm-util/-/wasm-util-0.10.1.tgz 130ms (cache miss)
3216 http fetch GET 200 https://registry.npmjs.org/which-boxed-primitive/-/which-boxed-primitive-1.1.1.tgz 141ms (cache miss)
3217 http fetch GET 200 https://registry.npmjs.org/is-bigint/-/is-bigint-1.1.0.tgz 148ms (cache miss)
3218 http fetch GET 200 https://registry.npmjs.org/@emnapi/core/-/core-1.7.1.tgz 159ms (cache miss)
3219 http fetch GET 200 https://registry.npmjs.org/has-bigints/-/has-bigints-1.1.0.tgz 179ms (cache miss)
3220 http fetch GET 200 https://registry.npmjs.org/@typescript-eslint/tsconfig-utils/-/tsconfig-utils-8.50.1.tgz 179ms (cache miss)
3221 http fetch GET 200 https://registry.npmjs.org/is-finalizationregistry/-/is-finalizationregistry-1.1.1.tgz 182ms (cache miss)
3222 http fetch GET 200 https://registry.npmjs.org/isexe/-/isexe-2.0.0.tgz 184ms (cache miss)
3223 http fetch GET 200 https://registry.npmjs.org/is-boolean-object/-/is-boolean-object-1.2.2.tgz 184ms (cache miss)
3224 http fetch GET 200 https://registry.npmjs.org/@unrs/resolver-binding-darwin-arm64/-/resolver-binding-darwin-arm64-1.11.1.tgz 184ms (cache miss)
3225 http fetch GET 200 https://registry.npmjs.org/is-number-object/-/is-number-object-1.1.1.tgz 185ms (cache miss)
3226 http fetch GET 200 https://registry.npmjs.org/@napi-rs/wasm-runtime/-/wasm-runtime-0.2.12.tgz 184ms (cache miss)
3227 http fetch GET 200 https://registry.npmjs.org/escalade/-/escalade-3.2.0.tgz 185ms (cache miss)
3228 http fetch GET 200 https://registry.npmjs.org/@typescript-eslint/project-service/-/project-service-8.50.1.tgz 185ms (cache miss)
3229 http fetch GET 200 https://registry.npmjs.org/ts-api-utils/-/ts-api-utils-2.1.0.tgz 185ms (cache miss)
3230 http fetch GET 200 https://registry.npmjs.org/is-number/-/is-number-7.0.0.tgz 218ms (cache miss)
3231 http fetch GET 200 https://registry.npmjs.org/which-builtin-type/-/which-builtin-type-1.2.1.tgz 230ms (cache miss)
3232 http fetch GET 200 https://registry.npmjs.org/reflect.getprototypeof/-/reflect.getprototypeof-1.0.10.tgz 230ms (cache miss)
3233 http fetch GET 200 https://registry.npmjs.org/for-each/-/for-each-0.3.5.tgz 233ms (cache miss)
3234 http fetch GET 200 https://registry.npmjs.org/@types/json5/-/json5-0.0.29.tgz 233ms (cache miss)
3235 http fetch GET 200 https://registry.npmjs.org/minimist/-/minimist-1.2.8.tgz 237ms (cache miss)
3236 http fetch GET 200 https://registry.npmjs.org/strip-bom/-/strip-bom-3.0.0.tgz 243ms (cache miss)
3237 http fetch GET 200 https://registry.npmjs.org/@typescript-eslint/scope-manager/-/scope-manager-8.50.1.tgz 244ms (cache miss)
3238 http fetch GET 200 https://registry.npmjs.org/has-flag/-/has-flag-4.0.0.tgz 250ms (cache miss)
3239 http fetch GET 200 https://registry.npmjs.org/client-only/-/client-only-0.0.1.tgz 261ms (cache miss)
3240 http fetch GET 200 https://registry.npmjs.org/@typescript-eslint/types/-/types-8.50.1.tgz 264ms (cache miss)
3241 http fetch GET 200 https://registry.npmjs.org/side-channel-map/-/side-channel-map-1.0.1.tgz 269ms (cache miss)
3242 http fetch GET 200 https://registry.npmjs.org/side-channel-list/-/side-channel-list-1.0.0.tgz 282ms (cache miss)
3243 http fetch GET 200 https://registry.npmjs.org/@typescript-eslint/utils/-/utils-8.50.1.tgz 292ms (cache miss)
3244 http fetch GET 200 https://registry.npmjs.org/detect-libc/-/detect-libc-2.1.2.tgz 291ms (cache miss)
3245 http fetch GET 200 https://registry.npmjs.org/isarray/-/isarray-2.0.5.tgz 308ms (cache miss)
3246 http fetch GET 200 https://registry.npmjs.org/side-channel-weakmap/-/side-channel-weakmap-1.0.2.tgz 308ms (cache miss)
3247 http fetch GET 200 https://registry.npmjs.org/queue-microtask/-/queue-microtask-1.2.3.tgz 312ms (cache miss)
3248 http fetch GET 200 https://registry.npmjs.org/@img/colour/-/colour-1.0.0.tgz 313ms (cache miss)
3249 http fetch GET 200 https://registry.npmjs.org/@emnapi/runtime/-/runtime-1.7.1.tgz 314ms (cache miss)
3250 http fetch GET 200 https://registry.npmjs.org/@typescript-eslint/parser/-/parser-8.50.1.tgz 315ms (cache miss)
3251 http fetch GET 200 https://registry.npmjs.org/@img/sharp-darwin-arm64/-/sharp-darwin-arm64-0.34.5.tgz 329ms (cache miss)
3252 http fetch GET 200 https://registry.npmjs.org/path-parse/-/path-parse-1.0.7.tgz 333ms (cache miss)
3253 http fetch GET 200 https://registry.npmjs.org/@typescript-eslint/typescript-estree/-/typescript-estree-8.50.1.tgz 339ms (cache miss)
3254 http fetch GET 200 https://registry.npmjs.org/supports-preserve-symlinks-flag/-/supports-preserve-symlinks-flag-1.0.0.tgz 340ms (cache miss)
3255 http fetch GET 200 https://registry.npmjs.org/scheduler/-/scheduler-0.27.0.tgz 344ms (cache miss)
3256 http fetch GET 200 https://registry.npmjs.org/object-assign/-/object-assign-4.1.1.tgz 355ms (cache miss)
3257 http fetch GET 200 https://registry.npmjs.org/loose-envify/-/loose-envify-1.4.0.tgz 355ms (cache miss)
3258 http fetch GET 200 https://registry.npmjs.org/source-map-js/-/source-map-js-1.2.1.tgz 362ms (cache miss)
3259 http fetch GET 200 https://registry.npmjs.org/react-is/-/react-is-16.13.1.tgz 364ms (cache miss)
3260 http fetch GET 200 https://registry.npmjs.org/callsites/-/callsites-3.1.0.tgz 364ms (cache miss)
3261 http fetch GET 200 https://registry.npmjs.org/nanoid/-/nanoid-3.3.11.tgz 374ms (cache miss)
3262 http fetch GET 200 https://registry.npmjs.org/yocto-queue/-/yocto-queue-0.1.0.tgz 376ms (cache miss)
3263 http fetch GET 200 https://registry.npmjs.org/fast-levenshtein/-/fast-levenshtein-2.0.6.tgz 381ms (cache miss)
3264 http fetch GET 200 https://registry.npmjs.org/p-limit/-/p-limit-3.1.0.tgz 381ms (cache miss)
3265 http fetch GET 200 https://registry.npmjs.org/@typescript-eslint/eslint-plugin/-/eslint-plugin-8.50.1.tgz 396ms (cache miss)
3266 http fetch GET 200 https://registry.npmjs.org/@typescript-eslint/visitor-keys/-/visitor-keys-8.50.1.tgz 408ms (cache miss)
3267 http fetch GET 200 https://registry.npmjs.org/@typescript-eslint/type-utils/-/type-utils-8.50.1.tgz 410ms (cache miss)
3268 http fetch GET 200 https://registry.npmjs.org/deep-is/-/deep-is-0.1.4.tgz 414ms (cache miss)
3269 http fetch GET 200 https://registry.npmjs.org/word-wrap/-/word-wrap-1.2.5.tgz 423ms (cache miss)
3270 http fetch GET 200 https://registry.npmjs.org/shebang-regex/-/shebang-regex-3.0.0.tgz 425ms (cache miss)
3271 http fetch GET 200 https://registry.npmjs.org/sharp/-/sharp-0.34.5.tgz 434ms (cache miss)
3272 http fetch GET 200 https://registry.npmjs.org/balanced-match/-/balanced-match-1.0.2.tgz 438ms (cache miss)
3273 http fetch GET 200 https://registry.npmjs.org/postcss/-/postcss-8.4.31.tgz 439ms (cache miss)
3274 http fetch GET 200 https://registry.npmjs.org/concat-map/-/concat-map-0.0.1.tgz 442ms (cache miss)
3275 http fetch GET 200 https://registry.npmjs.org/styled-jsx/-/styled-jsx-5.1.6.tgz 443ms (cache miss)
3276 http fetch GET 200 https://registry.npmjs.org/brace-expansion/-/brace-expansion-1.1.12.tgz 442ms (cache miss)
3277 http fetch GET 200 https://registry.npmjs.org/braces/-/braces-3.0.3.tgz 461ms (cache miss)
3278 http fetch GET 200 https://registry.npmjs.org/@img/sharp-libvips-darwin-arm64/-/sharp-libvips-darwin-arm64-1.2.4.tgz 463ms (cache miss)
3279 http fetch GET 200 https://registry.npmjs.org/fill-range/-/fill-range-7.1.1.tgz 462ms (cache miss)
3280 http fetch GET 200 https://registry.npmjs.org/to-regex-range/-/to-regex-range-5.0.1.tgz 462ms (cache miss)
3281 http fetch GET 200 https://registry.npmjs.org/p-locate/-/p-locate-5.0.0.tgz 469ms (cache miss)
3282 http fetch GET 200 https://registry.npmjs.org/yallist/-/yallist-3.1.1.tgz 471ms (cache miss)
3283 http fetch GET 200 https://registry.npmjs.org/json-buffer/-/json-buffer-3.0.1.tgz 503ms (cache miss)
3284 http fetch GET 200 https://registry.npmjs.org/prelude-ls/-/prelude-ls-1.2.1.tgz 503ms (cache miss)
3285 http fetch GET 200 https://registry.npmjs.org/picomatch/-/picomatch-2.3.1.tgz 505ms (cache miss)
3286 http fetch GET 200 https://registry.npmjs.org/set-function-name/-/set-function-name-2.0.2.tgz 505ms (cache miss)
3287 http fetch GET 200 https://registry.npmjs.org/side-channel/-/side-channel-1.1.0.tgz 507ms (cache miss)
3288 http fetch GET 200 https://registry.npmjs.org/argparse/-/argparse-2.0.1.tgz 507ms (cache miss)
3289 http fetch GET 200 https://registry.npmjs.org/type-check/-/type-check-0.4.0.tgz 508ms (cache miss)
3290 http fetch GET 200 https://registry.npmjs.org/is-extglob/-/is-extglob-2.1.1.tgz 508ms (cache miss)
3291 http fetch GET 200 https://registry.npmjs.org/parent-module/-/parent-module-1.0.1.tgz 510ms (cache miss)
3292 http fetch GET 200 https://registry.npmjs.org/resolve-from/-/resolve-from-4.0.0.tgz 511ms (cache miss)
3293 http fetch GET 200 https://registry.npmjs.org/hermes-estree/-/hermes-estree-0.25.1.tgz 513ms (cache miss)
3294 http fetch GET 200 https://registry.npmjs.org/language-subtag-registry/-/language-subtag-registry-0.3.23.tgz 517ms (cache miss)
3295 http fetch GET 200 https://registry.npmjs.org/resolve-pkg-maps/-/resolve-pkg-maps-1.0.0.tgz 522ms (cache miss)
3296 http fetch GET 200 https://registry.npmjs.org/locate-path/-/locate-path-6.0.0.tgz 525ms (cache miss)
3297 http fetch GET 200 https://registry.npmjs.org/@swc/helpers/-/helpers-0.5.15.tgz 530ms (cache miss)
3298 http fetch GET 200 https://registry.npmjs.org/functions-have-names/-/functions-have-names-1.2.3.tgz 528ms (cache miss)
3299 http fetch GET 200 https://registry.npmjs.org/dunder-proto/-/dunder-proto-1.0.1.tgz 531ms (cache miss)
3300 http fetch GET 200 https://registry.npmjs.org/flatted/-/flatted-3.3.3.tgz 538ms (cache miss)
3301 http fetch GET 200 https://registry.npmjs.org/reusify/-/reusify-1.1.0.tgz 538ms (cache miss)
3302 http fetch GET 200 https://registry.npmjs.org/flat-cache/-/flat-cache-4.0.1.tgz 539ms (cache miss)
3303 http fetch GET 200 https://registry.npmjs.org/run-parallel/-/run-parallel-1.2.0.tgz 549ms (cache miss)
3304 http fetch GET 200 https://registry.npmjs.org/path-exists/-/path-exists-4.0.0.tgz 549ms (cache miss)
3305 http fetch GET 200 https://registry.npmjs.org/fastq/-/fastq-1.20.1.tgz 550ms (cache miss)
3306 http fetch GET 200 https://registry.npmjs.org/micromatch/-/micromatch-4.0.8.tgz 553ms (cache miss)
3307 http fetch GET 200 https://registry.npmjs.org/merge2/-/merge2-1.4.1.tgz 581ms (cache miss)
3308 http fetch GET 200 https://registry.npmjs.org/acorn-jsx/-/acorn-jsx-5.3.2.tgz 581ms (cache miss)
3309 http fetch GET 200 https://registry.npmjs.org/@nodelib/fs.scandir/-/fs.scandir-2.1.5.tgz 582ms (cache miss)
3310 http fetch GET 200 https://registry.npmjs.org/esrecurse/-/esrecurse-4.3.0.tgz 581ms (cache miss)
3311 http fetch GET 200 https://registry.npmjs.org/@nodelib/fs.stat/-/fs.stat-2.0.5.tgz 601ms (cache miss)
3312 http fetch GET 200 https://registry.npmjs.org/acorn/-/acorn-8.15.0.tgz 603ms (cache miss)
3313 http fetch GET 200 https://registry.npmjs.org/electron-to-chromium/-/electron-to-chromium-1.5.267.tgz 613ms (cache miss)
3314 http fetch GET 200 https://registry.npmjs.org/@nodelib/fs.walk/-/fs.walk-1.2.8.tgz 615ms (cache miss)
3315 http fetch GET 200 https://registry.npmjs.org/update-browserslist-db/-/update-browserslist-db-1.2.3.tgz 628ms (cache miss)
3316 http fetch GET 200 https://registry.npmjs.org/baseline-browser-mapping/-/baseline-browser-mapping-2.9.11.tgz 629ms (cache miss)
3317 http fetch GET 200 https://registry.npmjs.org/node-releases/-/node-releases-2.0.27.tgz 630ms (cache miss)
3318 http fetch GET 200 https://registry.npmjs.org/@jridgewell/resolve-uri/-/resolve-uri-3.1.2.tgz 645ms (cache miss)
3319 http fetch GET 200 https://registry.npmjs.org/@babel/helper-globals/-/helper-globals-7.28.0.tgz 651ms (cache miss)
3320 http fetch GET 200 https://registry.npmjs.org/@next/env/-/env-16.0.7.tgz 652ms (cache miss)
3321 http fetch GET 200 https://registry.npmjs.org/lru-cache/-/lru-cache-5.1.1.tgz 663ms (cache miss)
3322 http fetch GET 200 https://registry.npmjs.org/@babel/helper-module-imports/-/helper-module-imports-7.27.1.tgz 663ms (cache miss)
3323 http fetch GET 200 https://registry.npmjs.org/@babel/helper-string-parser/-/helper-string-parser-7.27.1.tgz 669ms (cache miss)
3324 http fetch GET 200 https://registry.npmjs.org/@jridgewell/sourcemap-codec/-/sourcemap-codec-1.5.5.tgz 679ms (cache miss)
3325 http fetch GET 200 https://registry.npmjs.org/browserslist/-/browserslist-4.28.1.tgz 682ms (cache miss)
3326 http fetch GET 200 https://registry.npmjs.org/@babel/helper-validator-option/-/helper-validator-option-7.27.1.tgz 683ms (cache miss)
3327 http fetch GET 200 https://registry.npmjs.org/jsesc/-/jsesc-3.1.0.tgz 684ms (cache miss)
3328 http fetch GET 200 https://registry.npmjs.org/@babel/compat-data/-/compat-data-7.28.5.tgz 685ms (cache miss)
3329 http fetch GET 200 https://registry.npmjs.org/@jridgewell/gen-mapping/-/gen-mapping-0.3.13.tgz 705ms (cache miss)
3330 http fetch GET 200 https://registry.npmjs.org/picocolors/-/picocolors-1.1.1.tgz 706ms (cache miss)
3331 http fetch GET 200 https://registry.npmjs.org/js-tokens/-/js-tokens-4.0.0.tgz 711ms (cache miss)
3332 http fetch GET 200 https://registry.npmjs.org/keyv/-/keyv-4.5.4.tgz 717ms (cache miss)
3333 http fetch GET 200 https://registry.npmjs.org/json5/-/json5-2.2.3.tgz 721ms (cache miss)
3334 http fetch GET 200 https://registry.npmjs.org/gensync/-/gensync-1.0.0-beta.2.tgz 731ms (cache miss)
3335 http fetch GET 200 https://registry.npmjs.org/convert-source-map/-/convert-source-map-2.0.0.tgz 731ms (cache miss)
3336 http fetch GET 200 https://registry.npmjs.org/@jridgewell/trace-mapping/-/trace-mapping-0.3.31.tgz 737ms (cache miss)
3337 http fetch GET 200 https://registry.npmjs.org/caniuse-lite/-/caniuse-lite-1.0.30001761.tgz 738ms (cache miss)
3338 http fetch GET 200 https://registry.npmjs.org/@babel/helper-validator-identifier/-/helper-validator-identifier-7.28.5.tgz 740ms (cache miss)
3339 http fetch GET 200 https://registry.npmjs.org/@babel/traverse/-/traverse-7.28.5.tgz 757ms (cache miss)
3340 http fetch GET 200 https://registry.npmjs.org/@babel/template/-/template-7.27.2.tgz 760ms (cache miss)
3341 http fetch GET 200 https://registry.npmjs.org/@jridgewell/remapping/-/remapping-2.3.5.tgz 785ms (cache miss)
3342 http fetch GET 200 https://registry.npmjs.org/@babel/helper-module-transforms/-/helper-module-transforms-7.28.3.tgz 788ms (cache miss)
3343 http fetch GET 200 https://registry.npmjs.org/zod-validation-error/-/zod-validation-error-4.0.2.tgz 788ms (cache miss)
3344 http fetch GET 200 https://registry.npmjs.org/@babel/helper-compilation-targets/-/helper-compilation-targets-7.27.2.tgz 803ms (cache miss)
3345 http fetch GET 200 https://registry.npmjs.org/hermes-parser/-/hermes-parser-0.25.1.tgz 815ms (cache miss)
3346 http fetch GET 200 https://registry.npmjs.org/@babel/generator/-/generator-7.28.5.tgz 821ms (cache miss)
3347 http fetch GET 200 https://registry.npmjs.org/iterator.prototype/-/iterator.prototype-1.1.5.tgz 829ms (cache miss)
3348 http fetch GET 200 https://registry.npmjs.org/@babel/helpers/-/helpers-7.28.4.tgz 830ms (cache miss)
3349 http fetch GET 200 https://registry.npmjs.org/string.prototype.matchall/-/string.prototype.matchall-4.0.12.tgz 835ms (cache miss)
3350 http fetch GET 200 https://registry.npmjs.org/@babel/code-frame/-/code-frame-7.27.1.tgz 847ms (cache miss)
3351 http fetch GET 200 https://registry.npmjs.org/string.prototype.repeat/-/string.prototype.repeat-1.0.0.tgz 849ms (cache miss)
3352 http fetch GET 200 https://registry.npmjs.org/prop-types/-/prop-types-15.8.1.tgz 854ms (cache miss)
3353 http fetch GET 200 https://registry.npmjs.org/@babel/parser/-/parser-7.28.5.tgz 855ms (cache miss)
3354 http fetch GET 200 https://registry.npmjs.org/object.entries/-/object.entries-1.1.9.tgz 855ms (cache miss)
3355 http fetch GET 200 https://registry.npmjs.org/estraverse/-/estraverse-5.3.0.tgz 859ms (cache miss)
3356 http fetch GET 200 https://registry.npmjs.org/language-tags/-/language-tags-1.0.9.tgz 868ms (cache miss)
3357 http fetch GET 200 https://registry.npmjs.org/string.prototype.includes/-/string.prototype.includes-2.0.1.tgz 869ms (cache miss)
3358 http fetch GET 200 https://registry.npmjs.org/array.prototype.tosorted/-/array.prototype.tosorted-1.1.4.tgz 871ms (cache miss)
3359 http fetch GET 200 https://registry.npmjs.org/array.prototype.findlast/-/array.prototype.findlast-1.2.5.tgz 873ms (cache miss)
3360 http fetch GET 200 https://registry.npmjs.org/@babel/types/-/types-7.28.5.tgz 878ms (cache miss)
3361 http fetch GET 200 https://registry.npmjs.org/damerau-levenshtein/-/damerau-levenshtein-1.0.8.tgz 886ms (cache miss)
3362 http fetch GET 200 https://registry.npmjs.org/emoji-regex/-/emoji-regex-9.2.2.tgz 894ms (cache miss)
3363 http fetch GET 200 https://registry.npmjs.org/@babel/core/-/core-7.28.5.tgz 895ms (cache miss)
3364 http fetch GET 200 https://registry.npmjs.org/ast-types-flow/-/ast-types-flow-0.0.8.tgz 902ms (cache miss)
3365 http fetch GET 200 https://registry.npmjs.org/es-iterator-helpers/-/es-iterator-helpers-1.2.2.tgz 911ms (cache miss)
3366 http fetch GET 200 https://registry.npmjs.org/jsx-ast-utils/-/jsx-ast-utils-3.3.5.tgz 914ms (cache miss)
3367 http fetch GET 200 https://registry.npmjs.org/axobject-query/-/axobject-query-4.1.0.tgz 915ms (cache miss)
3368 http fetch GET 200 https://registry.npmjs.org/which-typed-array/-/which-typed-array-1.1.19.tgz 922ms (cache miss)
3369 http fetch GET 200 https://registry.npmjs.org/is-date-object/-/is-date-object-1.1.0.tgz 929ms (cache miss)
3370 http fetch GET 200 https://registry.npmjs.org/typed-array-length/-/typed-array-length-1.0.7.tgz 930ms (cache miss)
3371 http fetch GET 200 https://registry.npmjs.org/possible-typed-array-names/-/possible-typed-array-names-1.1.0.tgz 933ms (cache miss)
3372 http fetch GET 200 https://registry.npmjs.org/unbox-primitive/-/unbox-primitive-1.1.0.tgz 936ms (cache miss)
3373 http fetch GET 200 https://registry.npmjs.org/aria-query/-/aria-query-5.3.2.tgz 941ms (cache miss)
3374 http fetch GET 200 https://registry.npmjs.org/is-symbol/-/is-symbol-1.1.1.tgz 942ms (cache miss)
3375 http fetch GET 200 https://registry.npmjs.org/typed-array-byte-offset/-/typed-array-byte-offset-1.0.4.tgz 945ms (cache miss)
3376 http fetch GET 200 https://registry.npmjs.org/typed-array-byte-length/-/typed-array-byte-length-1.0.3.tgz 946ms (cache miss)
3377 http fetch GET 200 https://registry.npmjs.org/has-tostringtag/-/has-tostringtag-1.0.2.tgz 955ms (cache miss)
3378 http fetch GET 200 https://registry.npmjs.org/string.prototype.trimstart/-/string.prototype.trimstart-1.0.8.tgz 954ms (cache miss)
3379 http fetch GET 200 https://registry.npmjs.org/typed-array-buffer/-/typed-array-buffer-1.0.3.tgz 955ms (cache miss)
3380 http fetch GET 200 https://registry.npmjs.org/string.prototype.trim/-/string.prototype.trim-1.2.10.tgz 963ms (cache miss)
3381 http fetch GET 200 https://registry.npmjs.org/stop-iteration-iterator/-/stop-iteration-iterator-1.1.0.tgz 986ms (cache miss)
3382 http fetch GET 200 https://registry.npmjs.org/zod/-/zod-4.2.1.tgz 992ms (cache miss)
3383 http fetch GET 200 https://registry.npmjs.org/set-proto/-/set-proto-1.0.0.tgz 990ms (cache miss)
3384 http fetch GET 200 https://registry.npmjs.org/safe-regex-test/-/safe-regex-test-1.1.0.tgz 998ms (cache miss)
3385 http fetch GET 200 https://registry.npmjs.org/safe-push-apply/-/safe-push-apply-1.0.0.tgz 999ms (cache miss)
3386 http fetch GET 200 https://registry.npmjs.org/regexp.prototype.flags/-/regexp.prototype.flags-1.5.4.tgz 999ms (cache miss)
3387 http fetch GET 200 https://registry.npmjs.org/safe-array-concat/-/safe-array-concat-1.1.3.tgz 999ms (cache miss)
3388 http fetch GET 200 https://registry.npmjs.org/own-keys/-/own-keys-1.0.1.tgz 1001ms (cache miss)
3389 http fetch GET 200 https://registry.npmjs.org/is-typed-array/-/is-typed-array-1.1.15.tgz 1010ms (cache miss)
3390 http fetch GET 200 https://registry.npmjs.org/is-shared-array-buffer/-/is-shared-array-buffer-1.0.4.tgz 1014ms (cache miss)
3391 http fetch GET 200 https://registry.npmjs.org/is-weakref/-/is-weakref-1.1.1.tgz 1015ms (cache miss)
3392 http fetch GET 200 https://registry.npmjs.org/object.assign/-/object.assign-4.1.7.tgz 1021ms (cache miss)
3393 http fetch GET 200 https://registry.npmjs.org/object-inspect/-/object-inspect-1.13.4.tgz 1024ms (cache miss)
3394 http fetch GET 200 https://registry.npmjs.org/axe-core/-/axe-core-4.11.0.tgz 1026ms (cache miss)
3395 http fetch GET 200 https://registry.npmjs.org/is-set/-/is-set-2.0.3.tgz 1034ms (cache miss)
3396 http fetch GET 200 https://registry.npmjs.org/is-negative-zero/-/is-negative-zero-2.0.3.tgz 1051ms (cache miss)
3397 http fetch GET 200 https://registry.npmjs.org/is-data-view/-/is-data-view-1.0.2.tgz 1052ms (cache miss)
3398 http fetch GET 200 https://registry.npmjs.org/is-array-buffer/-/is-array-buffer-3.0.5.tgz 1056ms (cache miss)
3399 http fetch GET 200 https://registry.npmjs.org/internal-slot/-/internal-slot-1.1.0.tgz 1056ms (cache miss)
3400 http fetch GET 200 https://registry.npmjs.org/is-regex/-/is-regex-1.2.1.tgz 1061ms (cache miss)
3401 http fetch GET 200 https://registry.npmjs.org/has-symbols/-/has-symbols-1.1.0.tgz 1063ms (cache miss)
3402 http fetch GET 200 https://registry.npmjs.org/is-callable/-/is-callable-1.2.7.tgz 1064ms (cache miss)
3403 http fetch GET 200 https://registry.npmjs.org/globalthis/-/globalthis-1.0.4.tgz 1066ms (cache miss)
3404 http fetch GET 200 https://registry.npmjs.org/get-proto/-/get-proto-1.0.1.tgz 1075ms (cache miss)
3405 http fetch GET 200 https://registry.npmjs.org/has-proto/-/has-proto-1.2.0.tgz 1082ms (cache miss)
3406 http fetch GET 200 https://registry.npmjs.org/get-symbol-description/-/get-symbol-description-1.1.0.tgz 1081ms (cache miss)
3407 http fetch GET 200 https://registry.npmjs.org/es-to-primitive/-/es-to-primitive-1.3.0.tgz 1082ms (cache miss)
3408 http fetch GET 200 https://registry.npmjs.org/function.prototype.name/-/function.prototype.name-1.1.8.tgz 1087ms (cache miss)
3409 http fetch GET 200 https://registry.npmjs.org/es-set-tostringtag/-/es-set-tostringtag-2.1.0.tgz 1094ms (cache miss)
3410 http fetch GET 200 https://registry.npmjs.org/data-view-byte-offset/-/data-view-byte-offset-1.0.1.tgz 1102ms (cache miss)
3411 http fetch GET 200 https://registry.npmjs.org/data-view-byte-length/-/data-view-byte-length-1.0.2.tgz 1106ms (cache miss)
3412 http fetch GET 200 https://registry.npmjs.org/has-property-descriptors/-/has-property-descriptors-1.0.2.tgz 1117ms (cache miss)
3413 http fetch GET 200 https://registry.npmjs.org/data-view-buffer/-/data-view-buffer-1.0.2.tgz 1119ms (cache miss)
3414 http fetch GET 200 https://registry.npmjs.org/arraybuffer.prototype.slice/-/arraybuffer.prototype.slice-1.0.4.tgz 1121ms (cache miss)
3415 http fetch GET 200 https://registry.npmjs.org/object-keys/-/object-keys-1.1.1.tgz 1122ms (cache miss)
3416 http fetch GET 200 https://registry.npmjs.org/function-bind/-/function-bind-1.1.2.tgz 1129ms (cache miss)
3417 http fetch GET 200 https://registry.npmjs.org/available-typed-arrays/-/available-typed-arrays-1.0.7.tgz 1133ms (cache miss)
3418 http fetch GET 200 https://registry.npmjs.org/define-data-property/-/define-data-property-1.1.4.tgz 1133ms (cache miss)
3419 http fetch GET 200 https://registry.npmjs.org/set-function-length/-/set-function-length-1.2.2.tgz 1133ms (cache miss)
3420 http fetch GET 200 https://registry.npmjs.org/array-buffer-byte-length/-/array-buffer-byte-length-1.0.2.tgz 1133ms (cache miss)
3421 http fetch GET 200 https://registry.npmjs.org/es-define-property/-/es-define-property-1.0.1.tgz 1137ms (cache miss)
3422 http fetch GET 200 https://registry.npmjs.org/call-bind-apply-helpers/-/call-bind-apply-helpers-1.0.2.tgz 1137ms (cache miss)
3423 http fetch GET 200 https://registry.npmjs.org/es-errors/-/es-errors-1.3.0.tgz 1149ms (cache miss)
3424 http fetch GET 200 https://registry.npmjs.org/math-intrinsics/-/math-intrinsics-1.1.0.tgz 1152ms (cache miss)
3425 http fetch GET 200 https://registry.npmjs.org/es-shim-unscopables/-/es-shim-unscopables-1.1.0.tgz 1154ms (cache miss)
3426 http fetch GET 200 https://registry.npmjs.org/get-intrinsic/-/get-intrinsic-1.3.0.tgz 1158ms (cache miss)
3427 http fetch GET 200 https://registry.npmjs.org/es-object-atoms/-/es-object-atoms-1.1.1.tgz 1193ms (cache miss)
3428 http fetch GET 200 https://registry.npmjs.org/call-bound/-/call-bound-1.0.4.tgz 1194ms (cache miss)
3429 http fetch GET 200 https://registry.npmjs.org/object.values/-/object.values-1.2.1.tgz 1195ms (cache miss)
3430 http fetch GET 200 https://registry.npmjs.org/is-string/-/is-string-1.1.1.tgz 1195ms (cache miss)
3431 http fetch GET 200 https://registry.npmjs.org/define-properties/-/define-properties-1.2.1.tgz 1195ms (cache miss)
3432 http fetch GET 200 https://registry.npmjs.org/object.fromentries/-/object.fromentries-2.0.8.tgz 1196ms (cache miss)
3433 http fetch GET 200 https://registry.npmjs.org/object.groupby/-/object.groupby-1.0.3.tgz 1201ms (cache miss)
3434 http fetch GET 200 https://registry.npmjs.org/string.prototype.trimend/-/string.prototype.trimend-1.0.9.tgz 1206ms (cache miss)
3435 http fetch GET 200 https://registry.npmjs.org/gopd/-/gopd-1.2.0.tgz 1209ms (cache miss)
3436 http fetch GET 200 https://registry.npmjs.org/semver/-/semver-6.3.1.tgz 1211ms (cache miss)
3437 http fetch GET 200 https://registry.npmjs.org/call-bind/-/call-bind-1.0.8.tgz 1218ms (cache miss)
3438 http fetch GET 200 https://registry.npmjs.org/doctrine/-/doctrine-2.1.0.tgz 1225ms (cache miss)
3439 http fetch GET 200 https://registry.npmjs.org/eslint-module-utils/-/eslint-module-utils-2.12.1.tgz 1225ms (cache miss)
3440 http fetch GET 200 https://registry.npmjs.org/tsconfig-paths/-/tsconfig-paths-3.15.0.tgz 1230ms (cache miss)
3441 http fetch GET 200 https://registry.npmjs.org/hasown/-/hasown-2.0.2.tgz 1232ms (cache miss)
3442 http fetch GET 200 https://registry.npmjs.org/array.prototype.flat/-/array.prototype.flat-1.3.3.tgz 1240ms (cache miss)
3443 http fetch GET 200 https://registry.npmjs.org/array.prototype.flatmap/-/array.prototype.flatmap-1.3.3.tgz 1242ms (cache miss)
3444 http fetch GET 200 https://registry.npmjs.org/is-bun-module/-/is-bun-module-2.0.0.tgz 1254ms (cache miss)
3445 http fetch GET 200 https://registry.npmjs.org/array.prototype.findlastindex/-/array.prototype.findlastindex-1.2.6.tgz 1256ms (cache miss)
3446 http fetch GET 200 https://registry.npmjs.org/unrs-resolver/-/unrs-resolver-1.11.1.tgz 1257ms (cache miss)
3447 http fetch GET 200 https://registry.npmjs.org/@rtsao/scc/-/scc-1.1.0.tgz 1259ms (cache miss)
3448 http fetch GET 200 https://registry.npmjs.org/tinyglobby/-/tinyglobby-0.2.15.tgz 1259ms (cache miss)
3449 http fetch GET 200 https://registry.npmjs.org/array-includes/-/array-includes-3.1.9.tgz 1264ms (cache miss)
3450 http fetch GET 200 https://registry.npmjs.org/stable-hash/-/stable-hash-0.0.5.tgz 1302ms (cache miss)
3451 http fetch GET 200 https://registry.npmjs.org/is-core-module/-/is-core-module-2.16.1.tgz 1303ms (cache miss)
3452 http fetch GET 200 https://registry.npmjs.org/get-tsconfig/-/get-tsconfig-4.13.0.tgz 1304ms (cache miss)
3453 http fetch GET 200 https://registry.npmjs.org/fast-glob/-/fast-glob-3.3.1.tgz 1315ms (cache miss)
3454 http fetch GET 200 https://registry.npmjs.org/eslint-import-resolver-typescript/-/eslint-import-resolver-typescript-3.10.1.tgz 1323ms (cache miss)
3455 http fetch GET 200 https://registry.npmjs.org/@nolyfill/is-core-module/-/is-core-module-1.0.39.tgz 1328ms (cache miss)
3456 http fetch GET 200 https://registry.npmjs.org/ms/-/ms-2.1.3.tgz 1330ms (cache miss)
3457 http fetch GET 200 https://registry.npmjs.org/eslint-import-resolver-node/-/eslint-import-resolver-node-0.3.9.tgz 1332ms (cache miss)
3458 http fetch GET 200 https://registry.npmjs.org/shebang-command/-/shebang-command-2.0.0.tgz 1335ms (cache miss)
3459 http fetch GET 200 https://registry.npmjs.org/path-key/-/path-key-3.1.1.tgz 1343ms (cache miss)
3460 http fetch GET 200 https://registry.npmjs.org/color-name/-/color-name-1.1.4.tgz 1342ms (cache miss)
3461 http fetch GET 200 https://registry.npmjs.org/which/-/which-2.0.2.tgz 1343ms (cache miss)
3462 http fetch GET 200 https://registry.npmjs.org/resolve/-/resolve-1.22.11.tgz 1352ms (cache miss)
3463 http fetch GET 200 https://registry.npmjs.org/ansi-styles/-/ansi-styles-4.3.0.tgz 1355ms (cache miss)
3464 http fetch GET 200 https://registry.npmjs.org/color-convert/-/color-convert-2.0.1.tgz 1356ms (cache miss)
3465 http fetch GET 200 https://registry.npmjs.org/supports-color/-/supports-color-7.2.0.tgz 1361ms (cache miss)
3466 http fetch GET 200 https://registry.npmjs.org/typescript-eslint/-/typescript-eslint-8.50.1.tgz 1365ms (cache miss)
3467 http fetch GET 200 https://registry.npmjs.org/eslint-plugin-react-hooks/-/eslint-plugin-react-hooks-7.0.1.tgz 1369ms (cache miss)
3468 http fetch GET 200 https://registry.npmjs.org/uri-js/-/uri-js-4.4.1.tgz 1379ms (cache miss)
3469 http fetch GET 200 https://registry.npmjs.org/levn/-/levn-0.4.1.tgz 1382ms (cache miss)
3470 http fetch GET 200 https://registry.npmjs.org/fast-json-stable-stringify/-/fast-json-stable-stringify-2.1.0.tgz 1382ms (cache miss)
3471 http fetch GET 200 https://registry.npmjs.org/json-schema-traverse/-/json-schema-traverse-0.4.1.tgz 1391ms (cache miss)
3472 http fetch GET 200 https://registry.npmjs.org/@humanfs/core/-/core-0.19.1.tgz 1392ms (cache miss)
3473 http fetch GET 200 https://registry.npmjs.org/strip-json-comments/-/strip-json-comments-3.1.1.tgz 1392ms (cache miss)
3474 http fetch GET 200 https://registry.npmjs.org/import-fresh/-/import-fresh-3.3.1.tgz 1392ms (cache miss)
3475 http fetch GET 200 https://registry.npmjs.org/globals/-/globals-14.0.0.tgz 1392ms (cache miss)
3476 http fetch GET 200 https://registry.npmjs.org/natural-compare/-/natural-compare-1.4.0.tgz 1407ms (cache miss)
3477 http fetch GET 200 https://registry.npmjs.org/js-yaml/-/js-yaml-4.1.1.tgz 1408ms (cache miss)
3478 http fetch GET 200 https://registry.npmjs.org/optionator/-/optionator-0.9.4.tgz 1414ms (cache miss)
3479 http fetch GET 200 https://registry.npmjs.org/eslint-plugin-jsx-a11y/-/eslint-plugin-jsx-a11y-6.10.2.tgz 1416ms (cache miss)
3480 http fetch GET 200 https://registry.npmjs.org/minimatch/-/minimatch-3.1.2.tgz 1415ms (cache miss)
3481 http fetch GET 200 https://registry.npmjs.org/@eslint/object-schema/-/object-schema-2.1.7.tgz 1424ms (cache miss)
3482 http fetch GET 200 https://registry.npmjs.org/lodash.merge/-/lodash.merge-4.6.2.tgz 1425ms (cache miss)
3483 http fetch GET 200 https://registry.npmjs.org/glob-parent/-/glob-parent-6.0.2.tgz 1428ms (cache miss)
3484 http fetch GET 200 https://registry.npmjs.org/eslint-plugin-react/-/eslint-plugin-react-7.37.5.tgz 1439ms (cache miss)
3485 http fetch GET 200 https://registry.npmjs.org/find-up/-/find-up-5.0.0.tgz 1438ms (cache miss)
3486 http fetch GET 200 https://registry.npmjs.org/@types/json-schema/-/json-schema-7.0.15.tgz 1438ms (cache miss)
3487 http fetch GET 200 https://registry.npmjs.org/json-stable-stringify-without-jsonify/-/json-stable-stringify-without-jsonify-1.0.1.tgz 1439ms (cache miss)
3488 http fetch GET 200 https://registry.npmjs.org/ignore/-/ignore-5.3.2.tgz 1439ms (cache miss)
3489 http fetch GET 200 https://registry.npmjs.org/imurmurhash/-/imurmurhash-0.1.4.tgz 1439ms (cache miss)
3490 http fetch GET 200 https://registry.npmjs.org/fast-deep-equal/-/fast-deep-equal-3.1.3.tgz 1445ms (cache miss)
3491 http fetch GET 200 https://registry.npmjs.org/file-entry-cache/-/file-entry-cache-8.0.0.tgz 1452ms (cache miss)
3492 http fetch GET 200 https://registry.npmjs.org/esutils/-/esutils-2.0.3.tgz 1453ms (cache miss)
3493 http fetch GET 200 https://registry.npmjs.org/is-glob/-/is-glob-4.0.3.tgz 1453ms (cache miss)
3494 http fetch GET 200 https://registry.npmjs.org/eslint-plugin-import/-/eslint-plugin-import-2.32.0.tgz 1458ms (cache miss)
3495 http fetch GET 200 https://registry.npmjs.org/@next/eslint-plugin-next/-/eslint-plugin-next-16.0.7.tgz 1459ms (cache miss)
3496 http fetch GET 200 https://registry.npmjs.org/eslint-visitor-keys/-/eslint-visitor-keys-4.2.1.tgz 1460ms (cache miss)
3497 http fetch GET 200 https://registry.npmjs.org/espree/-/espree-10.4.0.tgz 1462ms (cache miss)
3498 http fetch GET 200 https://registry.npmjs.org/escape-string-regexp/-/escape-string-regexp-4.0.0.tgz 1472ms (cache miss)
3499 http fetch GET 200 https://registry.npmjs.org/debug/-/debug-4.4.3.tgz 1484ms (cache miss)
3500 http fetch GET 200 https://registry.npmjs.org/esquery/-/esquery-1.6.0.tgz 1486ms (cache miss)
3501 http fetch GET 200 https://registry.npmjs.org/chalk/-/chalk-4.1.2.tgz 1488ms (cache miss)
3502 http fetch GET 200 https://registry.npmjs.org/cross-spawn/-/cross-spawn-7.0.6.tgz 1489ms (cache miss)
3503 http fetch GET 200 https://registry.npmjs.org/eslint-scope/-/eslint-scope-8.4.0.tgz 1492ms (cache miss)
3504 http fetch GET 200 https://registry.npmjs.org/@humanwhocodes/retry/-/retry-0.4.3.tgz 1502ms (cache miss)
3505 http fetch GET 200 https://registry.npmjs.org/@eslint/plugin-kit/-/plugin-kit-0.4.1.tgz 1507ms (cache miss)
3506 http fetch GET 200 https://registry.npmjs.org/ajv/-/ajv-6.12.6.tgz 1509ms (cache miss)
3507 http fetch GET 200 https://registry.npmjs.org/@eslint/js/-/js-9.39.2.tgz 1514ms (cache miss)
3508 http fetch GET 200 https://registry.npmjs.org/@humanwhocodes/module-importer/-/module-importer-1.0.1.tgz 1522ms (cache miss)
3509 http fetch GET 200 https://registry.npmjs.org/@humanfs/node/-/node-0.16.7.tgz 1523ms (cache miss)
3510 http fetch GET 200 https://registry.npmjs.org/@eslint/config-helpers/-/config-helpers-0.4.2.tgz 1523ms (cache miss)
3511 http fetch GET 200 https://registry.npmjs.org/@eslint/eslintrc/-/eslintrc-3.3.3.tgz 1539ms (cache miss)
3512 http fetch GET 200 https://registry.npmjs.org/@eslint/core/-/core-0.17.0.tgz 1539ms (cache miss)
3513 http fetch GET 200 https://registry.npmjs.org/iceberg-js/-/iceberg-js-0.8.1.tgz 1542ms (cache miss)
3514 http fetch GET 200 https://registry.npmjs.org/@types/phoenix/-/phoenix-1.6.7.tgz 1545ms (cache miss)
3515 http fetch GET 200 https://registry.npmjs.org/csstype/-/csstype-3.2.3.tgz 1547ms (cache miss)
3516 http fetch GET 200 https://registry.npmjs.org/ws/-/ws-8.18.3.tgz 1547ms (cache miss)
3517 http fetch GET 200 https://registry.npmjs.org/undici-types/-/undici-types-6.21.0.tgz 1547ms (cache miss)
3518 http fetch GET 200 https://registry.npmjs.org/@eslint-community/eslint-utils/-/eslint-utils-4.9.0.tgz 1550ms (cache miss)
3519 http fetch GET 200 https://registry.npmjs.org/@eslint-community/regexpp/-/regexpp-4.12.2.tgz 1550ms (cache miss)
3520 http fetch GET 200 https://registry.npmjs.org/@eslint/config-array/-/config-array-0.21.1.tgz 1552ms (cache miss)
3521 http fetch GET 200 https://registry.npmjs.org/@types/ws/-/ws-8.18.1.tgz 1556ms (cache miss)
3522 http fetch GET 200 https://registry.npmjs.org/tslib/-/tslib-2.8.1.tgz 1557ms (cache miss)
3523 http fetch GET 200 https://registry.npmjs.org/@next/swc-darwin-arm64/-/swc-darwin-arm64-16.0.7.tgz 1577ms (cache miss)
3524 http fetch GET 200 https://registry.npmjs.org/cookie/-/cookie-1.1.1.tgz 1575ms (cache miss)
3525 http fetch GET 200 https://registry.npmjs.org/@types/estree/-/estree-1.0.8.tgz 1586ms (cache miss)
3526 http fetch GET 200 https://registry.npmjs.org/papaparse/-/papaparse-5.5.3.tgz 1604ms (cache miss)
3527 http fetch GET 200 https://registry.npmjs.org/@supabase/storage-js/-/storage-js-2.89.0.tgz 1648ms (cache miss)
3528 http fetch GET 200 https://registry.npmjs.org/@supabase/realtime-js/-/realtime-js-2.89.0.tgz 1651ms (cache miss)
3529 http fetch GET 200 https://registry.npmjs.org/@supabase/postgrest-js/-/postgrest-js-2.89.0.tgz 1652ms (cache miss)
3530 http fetch GET 200 https://registry.npmjs.org/eslint-config-next/-/eslint-config-next-16.0.7.tgz 1654ms (cache miss)
3531 http fetch GET 200 https://registry.npmjs.org/clsx/-/clsx-2.1.1.tgz 1659ms (cache miss)
3532 http fetch GET 200 https://registry.npmjs.org/react/-/react-19.2.0.tgz 1662ms (cache miss)
3533 http fetch GET 200 https://registry.npmjs.org/es-abstract/-/es-abstract-1.24.1.tgz 1669ms (cache miss)
3534 http fetch GET 200 https://registry.npmjs.org/@types/react/-/react-19.2.7.tgz 1684ms (cache miss)
3535 http fetch GET 200 https://registry.npmjs.org/@types/papaparse/-/papaparse-5.5.2.tgz 1695ms (cache miss)
3536 http fetch GET 200 https://registry.npmjs.org/@types/node/-/node-20.19.27.tgz 1723ms (cache miss)
3537 http fetch GET 200 https://registry.npmjs.org/brace-expansion/-/brace-expansion-2.0.2.tgz 1733ms (cache miss)
3538 http fetch GET 200 https://registry.npmjs.org/@google/generative-ai/-/generative-ai-0.24.1.tgz 1739ms (cache miss)
3539 http fetch GET 200 https://registry.npmjs.org/ignore/-/ignore-7.0.5.tgz 1744ms (cache miss)
3540 http fetch GET 200 https://registry.npmjs.org/semver/-/semver-7.7.3.tgz 1747ms (cache miss)
3541 http fetch GET 200 https://registry.npmjs.org/minimatch/-/minimatch-9.0.5.tgz 1758ms (cache miss)
3542 http fetch GET 200 https://registry.npmjs.org/semver/-/semver-7.7.3.tgz 1761ms (cache miss)
3543 http fetch GET 200 https://registry.npmjs.org/react-dom/-/react-dom-19.2.0.tgz 1769ms (cache miss)
3544 http fetch GET 200 https://registry.npmjs.org/json5/-/json5-1.0.2.tgz 1769ms (cache miss)
3545 http fetch GET 200 https://registry.npmjs.org/@supabase/functions-js/-/functions-js-2.89.0.tgz 1775ms (cache miss)
3546 http fetch GET 200 https://registry.npmjs.org/debug/-/debug-3.2.7.tgz 1777ms (cache miss)
3547 http fetch GET 200 https://registry.npmjs.org/@supabase/supabase-js/-/supabase-js-2.89.0.tgz 1790ms (cache miss)
3548 http fetch GET 200 https://registry.npmjs.org/picomatch/-/picomatch-4.0.3.tgz 1805ms (cache miss)
3549 http fetch GET 200 https://registry.npmjs.org/glob-parent/-/glob-parent-5.1.2.tgz 1815ms (cache miss)
3550 http fetch GET 200 https://registry.npmjs.org/@types/react-dom/-/react-dom-19.2.3.tgz 1815ms (cache miss)
3551 http fetch GET 200 https://registry.npmjs.org/fdir/-/fdir-6.5.0.tgz 1824ms (cache miss)
3552 http fetch GET 200 https://registry.npmjs.org/@supabase/auth-js/-/auth-js-2.89.0.tgz 1827ms (cache miss)
3553 http fetch GET 200 https://registry.npmjs.org/semver/-/semver-7.7.3.tgz 1833ms (cache miss)
3554 http fetch GET 200 https://registry.npmjs.org/eslint/-/eslint-9.39.2.tgz 1843ms (cache miss)
3555 http fetch GET 200 https://registry.npmjs.org/eslint-visitor-keys/-/eslint-visitor-keys-3.4.3.tgz 1853ms (cache miss)
3556 http fetch GET 200 https://registry.npmjs.org/resolve/-/resolve-2.0.0-next.5.tgz 1856ms (cache miss)
3557 http fetch GET 200 https://registry.npmjs.org/debug/-/debug-3.2.7.tgz 1857ms (cache miss)
3558 http fetch GET 200 https://registry.npmjs.org/debug/-/debug-3.2.7.tgz 1866ms (cache miss)
3559 http fetch GET 200 https://registry.npmjs.org/globals/-/globals-16.4.0.tgz 1899ms (cache miss)
3560 http fetch GET 200 https://registry.npmjs.org/@supabase/ssr/-/ssr-0.8.0.tgz 1910ms (cache miss)
3561 http fetch GET 200 https://registry.npmjs.org/typescript/-/typescript-5.9.3.tgz 1959ms (cache miss)
3562 http fetch GET 200 https://registry.npmjs.org/next 1977ms (cache miss)
3563 silly packumentCache corgi:https://registry.npmjs.org/next set size:undefined disposed:false
3564 http fetch GET 200 https://registry.npmjs.org/lucide-react/-/lucide-react-0.556.0.tgz 2442ms (cache miss)
3565 http fetch GET 200 https://registry.npmjs.org/next/-/next-16.0.7.tgz 3316ms (cache miss)
3566 warn deprecated next@16.0.7: This version has a security vulnerability. Please upgrade to a patched version. See https://nextjs.org/blog/security-update-2025-12-11 for more details.
3567 info run sharp@0.34.5 install node_modules/sharp node install/check.js || npm run build
3568 info run sharp@0.34.5 install { code: 0, signal: null }
3569 info run unrs-resolver@1.11.1 postinstall node_modules/unrs-resolver napi-postinstall unrs-resolver 1.11.1 check
3570 info run unrs-resolver@1.11.1 postinstall { code: 0, signal: null }
3571 silly ADD node_modules/is-weakset
3572 silly ADD node_modules/is-weakmap
3573 silly ADD node_modules/is-map
3574 silly ADD node_modules/generator-function
3575 silly ADD node_modules/async-function
3576 silly ADD node_modules/which-collection
3577 silly ADD node_modules/is-generator-function
3578 silly ADD node_modules/is-finalizationregistry
3579 silly ADD node_modules/is-async-function
3580 silly ADD node_modules/is-number-object
3581 silly ADD node_modules/is-boolean-object
3582 silly ADD node_modules/is-bigint
3583 silly ADD node_modules/isexe
3584 silly ADD node_modules/punycode
3585 silly ADD node_modules/escalade
3586 silly ADD
3587 silly ADD
3588 silly ADD
3589 silly ADD
3590 silly ADD node_modules/napi-postinstall
3591 silly ADD
3592 silly ADD
3593 silly ADD
3594 silly ADD
3595 silly ADD
3596 silly ADD
3597 silly ADD
3598 silly ADD
3599 silly ADD
3600 silly ADD
3601 silly ADD
3602 silly ADD
3603 silly ADD
3604 silly ADD
3605 silly ADD
3606 silly ADD
3607 silly ADD node_modules/@unrs/resolver-binding-darwin-arm64
3608 silly ADD
3609 silly ADD
3610 silly ADD node_modules/which-boxed-primitive
3611 silly ADD node_modules/has-bigints
3612 silly ADD node_modules/@typescript-eslint/tsconfig-utils
3613 silly ADD node_modules/@typescript-eslint/project-service
3614 silly ADD node_modules/@typescript-eslint/types
3615 silly ADD node_modules/ts-api-utils
3616 silly ADD node_modules/@typescript-eslint/visitor-keys
3617 silly ADD node_modules/@typescript-eslint/type-utils
3618 silly ADD node_modules/@typescript-eslint/scope-manager
3619 silly ADD node_modules/@typescript-eslint/utils
3620 silly ADD node_modules/@typescript-eslint/typescript-estree
3621 silly ADD node_modules/@typescript-eslint/typescript-estree/node_modules/brace-expansion
3622 silly ADD node_modules/@typescript-eslint/typescript-estree/node_modules/semver
3623 silly ADD node_modules/@typescript-eslint/typescript-estree/node_modules/minimatch
3624 silly ADD node_modules/@typescript-eslint/parser
3625 silly ADD node_modules/@typescript-eslint/eslint-plugin
3626 silly ADD node_modules/@typescript-eslint/eslint-plugin/node_modules/ignore
3627 silly ADD node_modules/which-builtin-type
3628 silly ADD node_modules/reflect.getprototypeof
3629 silly ADD node_modules/for-each
3630 silly ADD node_modules/strip-bom
3631 silly ADD node_modules/minimist
3632 silly ADD node_modules/@types/json5
3633 silly ADD node_modules/is-number
3634 silly ADD node_modules/has-flag
3635 silly ADD node_modules/client-only
3636 silly ADD node_modules/side-channel-weakmap
3637 silly ADD node_modules/side-channel-map
3638 silly ADD node_modules/side-channel-list
3639 silly ADD node_modules/shebang-regex
3640 silly ADD node_modules/@emnapi/runtime
3641 silly ADD node_modules/detect-libc
3642 silly ADD
3643 silly ADD
3644 silly ADD
3645 silly ADD
3646 silly ADD
3647 silly ADD
3648 silly ADD
3649 silly ADD
3650 silly ADD
3651 silly ADD
3652 silly ADD
3653 silly ADD
3654 silly ADD
3655 silly ADD
3656 silly ADD
3657 silly ADD
3658 silly ADD
3659 silly ADD
3660 silly ADD
3661 silly ADD
3662 silly ADD
3663 silly ADD node_modules/@img/sharp-libvips-darwin-arm64
3664 silly ADD
3665 silly ADD node_modules/@img/sharp-darwin-arm64
3666 silly ADD node_modules/@img/colour
3667 silly ADD node_modules/isarray
3668 silly ADD node_modules/queue-microtask
3669 silly ADD node_modules/supports-preserve-symlinks-flag
3670 silly ADD node_modules/path-parse
3671 silly ADD node_modules/scheduler
3672 silly ADD node_modules/react-is
3673 silly ADD node_modules/object-assign
3674 silly ADD node_modules/loose-envify
3675 silly ADD node_modules/source-map-js
3676 silly ADD node_modules/nanoid
3677 silly ADD node_modules/callsites
3678 silly ADD node_modules/yocto-queue
3679 silly ADD node_modules/p-limit
3680 silly ADD node_modules/word-wrap
3681 silly ADD node_modules/fast-levenshtein
3682 silly ADD node_modules/deep-is
3683 silly ADD node_modules/styled-jsx
3684 silly ADD node_modules/sharp
3685 silly ADD node_modules/sharp/node_modules/semver
3686 silly ADD node_modules/postcss
3687 silly ADD node_modules/@swc/helpers
3688 silly ADD
3689 silly ADD
3690 silly ADD
3691 silly ADD
3692 silly ADD
3693 silly ADD
3694 silly ADD
3695 silly ADD node_modules/@next/swc-darwin-arm64
3696 silly ADD node_modules/@next/env
3697 silly ADD node_modules/concat-map
3698 silly ADD node_modules/balanced-match
3699 silly ADD node_modules/brace-expansion
3700 silly ADD node_modules/to-regex-range
3701 silly ADD node_modules/fill-range
3702 silly ADD node_modules/picomatch
3703 silly ADD node_modules/braces
3704 silly ADD node_modules/yallist
3705 silly ADD node_modules/p-locate
3706 silly ADD node_modules/type-check
3707 silly ADD node_modules/prelude-ls
3708 silly ADD node_modules/language-subtag-registry
3709 silly ADD node_modules/json-buffer
3710 silly ADD node_modules/argparse
3711 silly ADD node_modules/set-function-name
3712 silly ADD node_modules/is-extglob
3713 silly ADD node_modules/side-channel
3714 silly ADD node_modules/resolve-from
3715 silly ADD node_modules/parent-module
3716 silly ADD node_modules/hermes-estree
3717 silly ADD node_modules/resolve-pkg-maps
3718 silly ADD node_modules/dunder-proto
3719 silly ADD node_modules/functions-have-names
3720 silly ADD node_modules/keyv
3721 silly ADD node_modules/flatted
3722 silly ADD node_modules/path-exists
3723 silly ADD node_modules/locate-path
3724 silly ADD node_modules/flat-cache
3725 silly ADD node_modules/reusify
3726 silly ADD node_modules/run-parallel
3727 silly ADD node_modules/fastq
3728 silly ADD node_modules/@nodelib/fs.scandir
3729 silly ADD node_modules/micromatch
3730 silly ADD node_modules/merge2
3731 silly ADD node_modules/@nodelib/fs.walk
3732 silly ADD node_modules/@nodelib/fs.stat
3733 silly ADD node_modules/acorn-jsx
3734 silly ADD node_modules/acorn
3735 silly ADD node_modules/esrecurse
3736 silly ADD node_modules/update-browserslist-db
3737 silly ADD node_modules/node-releases
3738 silly ADD node_modules/electron-to-chromium
3739 silly ADD node_modules/caniuse-lite
3740 silly ADD node_modules/baseline-browser-mapping
3741 silly ADD node_modules/@jridgewell/resolve-uri
3742 silly ADD node_modules/@jridgewell/sourcemap-codec
3743 silly ADD node_modules/@babel/helper-string-parser
3744 silly ADD node_modules/@babel/helper-globals
3745 silly ADD node_modules/@babel/helper-module-imports
3746 silly ADD node_modules/lru-cache
3747 silly ADD node_modules/browserslist
3748 silly ADD node_modules/@babel/helper-validator-option
3749 silly ADD node_modules/@babel/compat-data
3750 silly ADD node_modules/jsesc
3751 silly ADD node_modules/@jridgewell/trace-mapping
3752 silly ADD node_modules/@jridgewell/gen-mapping
3753 silly ADD node_modules/picocolors
3754 silly ADD node_modules/js-tokens
3755 silly ADD node_modules/@babel/helper-validator-identifier
3756 silly ADD node_modules/json5
3757 silly ADD node_modules/gensync
3758 silly ADD node_modules/convert-source-map
3759 silly ADD node_modules/@jridgewell/remapping
3760 silly ADD node_modules/@babel/types
3761 silly ADD node_modules/@babel/traverse
3762 silly ADD node_modules/@babel/template
3763 silly ADD node_modules/@babel/helpers
3764 silly ADD node_modules/@babel/helper-module-transforms
3765 silly ADD node_modules/@babel/helper-compilation-targets
3766 silly ADD node_modules/@babel/generator
3767 silly ADD node_modules/@babel/code-frame
3768 silly ADD node_modules/zod-validation-error
3769 silly ADD node_modules/zod
3770 silly ADD node_modules/hermes-parser
3771 silly ADD node_modules/@babel/parser
3772 silly ADD node_modules/@babel/core
3773 silly ADD node_modules/iterator.prototype
3774 silly ADD node_modules/string.prototype.repeat
3775 silly ADD node_modules/string.prototype.matchall
3776 silly ADD node_modules/prop-types
3777 silly ADD node_modules/object.entries
3778 silly ADD node_modules/estraverse
3779 silly ADD node_modules/es-iterator-helpers
3780 silly ADD node_modules/array.prototype.tosorted
3781 silly ADD node_modules/array.prototype.findlast
3782 silly ADD node_modules/string.prototype.includes
3783 silly ADD node_modules/language-tags
3784 silly ADD node_modules/jsx-ast-utils
3785 silly ADD node_modules/emoji-regex
3786 silly ADD node_modules/damerau-levenshtein
3787 silly ADD node_modules/axobject-query
3788 silly ADD node_modules/axe-core
3789 silly ADD node_modules/ast-types-flow
3790 silly ADD node_modules/aria-query
3791 silly ADD node_modules/is-symbol
3792 silly ADD node_modules/is-date-object
3793 silly ADD node_modules/has-tostringtag
3794 silly ADD node_modules/possible-typed-array-names
3795 silly ADD node_modules/which-typed-array
3796 silly ADD node_modules/unbox-primitive
3797 silly ADD node_modules/typed-array-length
3798 silly ADD node_modules/typed-array-byte-offset
3799 silly ADD node_modules/typed-array-byte-length
3800 silly ADD node_modules/typed-array-buffer
3801 silly ADD node_modules/string.prototype.trimstart
3802 silly ADD node_modules/string.prototype.trim
3803 silly ADD node_modules/stop-iteration-iterator
3804 silly ADD node_modules/set-proto
3805 silly ADD node_modules/safe-regex-test
3806 silly ADD node_modules/safe-push-apply
3807 silly ADD node_modules/safe-array-concat
3808 silly ADD node_modules/regexp.prototype.flags
3809 silly ADD node_modules/own-keys
3810 silly ADD node_modules/object.assign
3811 silly ADD node_modules/object-inspect
3812 silly ADD node_modules/is-weakref
3813 silly ADD node_modules/is-typed-array
3814 silly ADD node_modules/is-shared-array-buffer
3815 silly ADD node_modules/is-set
3816 silly ADD node_modules/is-regex
3817 silly ADD node_modules/is-negative-zero
3818 silly ADD node_modules/is-data-view
3819 silly ADD node_modules/is-callable
3820 silly ADD node_modules/is-array-buffer
3821 silly ADD node_modules/internal-slot
3822 silly ADD node_modules/has-symbols
3823 silly ADD node_modules/has-proto
3824 silly ADD node_modules/globalthis
3825 silly ADD node_modules/get-symbol-description
3826 silly ADD node_modules/get-proto
3827 silly ADD node_modules/function.prototype.name
3828 silly ADD node_modules/es-to-primitive
3829 silly ADD node_modules/es-set-tostringtag
3830 silly ADD node_modules/data-view-byte-offset
3831 silly ADD node_modules/data-view-byte-length
3832 silly ADD node_modules/data-view-buffer
3833 silly ADD node_modules/available-typed-arrays
3834 silly ADD node_modules/arraybuffer.prototype.slice
3835 silly ADD node_modules/array-buffer-byte-length
3836 silly ADD node_modules/gopd
3837 silly ADD node_modules/object-keys
3838 silly ADD node_modules/has-property-descriptors
3839 silly ADD node_modules/define-data-property
3840 silly ADD node_modules/function-bind
3841 silly ADD node_modules/set-function-length
3842 silly ADD node_modules/es-define-property
3843 silly ADD node_modules/call-bind-apply-helpers
3844 silly ADD node_modules/es-shim-unscopables
3845 silly ADD node_modules/es-errors
3846 silly ADD node_modules/math-intrinsics
3847 silly ADD node_modules/is-string
3848 silly ADD node_modules/get-intrinsic
3849 silly ADD node_modules/es-object-atoms
3850 silly ADD node_modules/es-abstract
3851 silly ADD node_modules/define-properties
3852 silly ADD node_modules/call-bound
3853 silly ADD node_modules/call-bind
3854 silly ADD node_modules/tsconfig-paths
3855 silly ADD node_modules/tsconfig-paths/node_modules/json5
3856 silly ADD node_modules/string.prototype.trimend
3857 silly ADD node_modules/semver
3858 silly ADD node_modules/object.values
3859 silly ADD node_modules/object.groupby
3860 silly ADD node_modules/object.fromentries
3861 silly ADD node_modules/hasown
3862 silly ADD node_modules/eslint-module-utils
3863 silly ADD node_modules/eslint-module-utils/node_modules/debug
3864 silly ADD node_modules/doctrine
3865 silly ADD node_modules/array.prototype.flatmap
3866 silly ADD node_modules/array.prototype.flat
3867 silly ADD node_modules/array.prototype.findlastindex
3868 silly ADD node_modules/array-includes
3869 silly ADD node_modules/@rtsao/scc
3870 silly ADD node_modules/unrs-resolver
3871 silly ADD node_modules/tinyglobby
3872 silly ADD node_modules/tinyglobby/node_modules/picomatch
3873 silly ADD node_modules/tinyglobby/node_modules/fdir
3874 silly ADD node_modules/stable-hash
3875 silly ADD node_modules/is-bun-module
3876 silly ADD node_modules/is-bun-module/node_modules/semver
3877 silly ADD node_modules/get-tsconfig
3878 silly ADD node_modules/@nolyfill/is-core-module
3879 silly ADD node_modules/resolve
3880 silly ADD node_modules/is-core-module
3881 silly ADD node_modules/fast-glob
3882 silly ADD node_modules/fast-glob/node_modules/glob-parent
3883 silly ADD node_modules/typescript-eslint
3884 silly ADD node_modules/eslint-plugin-react-hooks
3885 silly ADD node_modules/eslint-plugin-react
3886 silly ADD node_modules/eslint-plugin-react/node_modules/resolve
3887 silly ADD node_modules/eslint-plugin-jsx-a11y
3888 silly ADD node_modules/eslint-plugin-import
3889 silly ADD node_modules/eslint-plugin-import/node_modules/debug
3890 silly ADD node_modules/eslint-import-resolver-typescript
3891 silly ADD node_modules/eslint-import-resolver-node
3892 silly ADD node_modules/eslint-import-resolver-node/node_modules/debug
3893 silly ADD node_modules/@next/eslint-plugin-next
3894 silly ADD node_modules/ms
3895 silly ADD node_modules/which
3896 silly ADD node_modules/shebang-command
3897 silly ADD node_modules/path-key
3898 silly ADD node_modules/color-name
3899 silly ADD node_modules/color-convert
3900 silly ADD node_modules/supports-color
3901 silly ADD node_modules/ansi-styles
3902 silly ADD node_modules/uri-js
3903 silly ADD node_modules/json-schema-traverse
3904 silly ADD node_modules/fast-json-stable-stringify
3905 silly ADD node_modules/@humanfs/core
3906 silly ADD node_modules/levn
3907 silly ADD node_modules/strip-json-comments
3908 silly ADD node_modules/js-yaml
3909 silly ADD node_modules/import-fresh
3910 silly ADD node_modules/globals
3911 silly ADD node_modules/@types/json-schema
3912 silly ADD node_modules/@eslint/object-schema
3913 silly ADD node_modules/optionator
3914 silly ADD node_modules/natural-compare
3915 silly ADD node_modules/minimatch
3916 silly ADD node_modules/lodash.merge
3917 silly ADD node_modules/json-stable-stringify-without-jsonify
3918 silly ADD node_modules/is-glob
3919 silly ADD node_modules/imurmurhash
3920 silly ADD node_modules/ignore
3921 silly ADD node_modules/glob-parent
3922 silly ADD node_modules/find-up
3923 silly ADD node_modules/file-entry-cache
3924 silly ADD node_modules/fast-deep-equal
3925 silly ADD node_modules/esutils
3926 silly ADD node_modules/esquery
3927 silly ADD node_modules/espree
3928 silly ADD node_modules/eslint-visitor-keys
3929 silly ADD node_modules/eslint-scope
3930 silly ADD node_modules/escape-string-regexp
3931 silly ADD node_modules/debug
3932 silly ADD node_modules/cross-spawn
3933 silly ADD node_modules/chalk
3934 silly ADD node_modules/ajv
3935 silly ADD node_modules/@types/estree
3936 silly ADD node_modules/@humanwhocodes/retry
3937 silly ADD node_modules/@humanwhocodes/module-importer
3938 silly ADD node_modules/@humanfs/node
3939 silly ADD node_modules/@eslint/plugin-kit
3940 silly ADD node_modules/@eslint/js
3941 silly ADD node_modules/@eslint/eslintrc
3942 silly ADD node_modules/@eslint/core
3943 silly ADD node_modules/@eslint/config-helpers
3944 silly ADD node_modules/@eslint/config-array
3945 silly ADD node_modules/@eslint-community/regexpp
3946 silly ADD node_modules/@eslint-community/eslint-utils
3947 silly ADD node_modules/@eslint-community/eslint-utils/node_modules/eslint-visitor-keys
3948 silly ADD node_modules/csstype
3949 silly ADD node_modules/undici-types
3950 silly ADD node_modules/iceberg-js
3951 silly ADD node_modules/ws
3952 silly ADD node_modules/@types/ws
3953 silly ADD node_modules/@types/phoenix
3954 silly ADD node_modules/tslib
3955 silly ADD node_modules/@supabase/storage-js
3956 silly ADD node_modules/@supabase/realtime-js
3957 silly ADD node_modules/@supabase/postgrest-js
3958 silly ADD node_modules/@supabase/functions-js
3959 silly ADD node_modules/@supabase/auth-js
3960 silly ADD node_modules/cookie
3961 silly ADD node_modules/typescript
3962 silly ADD node_modules/papaparse
3963 silly ADD node_modules/react-dom
3964 silly ADD node_modules/next
3965 silly ADD node_modules/react
3966 silly ADD node_modules/lucide-react
3967 silly ADD node_modules/eslint-config-next
3968 silly ADD node_modules/eslint-config-next/node_modules/globals
3969 silly ADD node_modules/eslint
3970 silly ADD node_modules/clsx
3971 silly ADD node_modules/@types/react-dom
3972 silly ADD node_modules/@types/react
3973 silly ADD node_modules/@types/papaparse
3974 silly ADD node_modules/@types/node
3975 silly ADD node_modules/@supabase/supabase-js
3976 silly ADD node_modules/@supabase/ssr
3977 silly ADD node_modules/@google/generative-ai
3978 verbose cwd /Users/spencer/SAAS/ResellSEO
3979 verbose os Darwin 24.5.0
3980 verbose node v22.21.1
3981 verbose npm  v10.9.4
3982 notice
3982 notice New [31mmajor[39m version of npm available! [31m10.9.4[39m -> [34m11.7.0[39m
3982 notice Changelog: [34mhttps://github.com/npm/cli/releases/tag/v11.7.0[39m
3982 notice To update run: [4mnpm install -g npm@11.7.0[24m
3982 notice  { force: true, [Symbol(proc-log.meta)]: true }
3983 verbose exit 0
3984 info ok
